matched_index_id,historical_source_run_id,shared_construction_id,axis1_record_id,axis2_record_id,dataset_id,method_id,noise_sigma,replicate_id,clean_dataset_hash,perturbed_dataset_hash,evidence_role
INDEX__N1_C_RETRO__M6A__unit_circle_S1__N1000__conventional__sigma_0.00__rep0__clean,M6A__unit_circle_S1__N1000__conventional__sigma_0.00__rep0__clean,,HISTORICAL_AXIS1__M6A__unit_circle_S1__N1000__conventional__sigma_0.00__rep0__clean,AXIS2__N1_C_RETRO__M6A__unit_circle_S1__N1000__conventional__sigma_0.00__rep0__clean,unit_circle_S1,conventional,0.0,0,6950bef979837cbe5a152ccfaca96d55cf83ab99d69dfc9894e64857a7769d6e,6950bef979837cbe5a152ccfaca96d55cf83ab99d69dfc9894e64857a7769d6e,retrospective_axis2_derivation
INDEX__N1_C_RETRO__M6A__unit_circle_S1__N1000__f_mapper__sigma_0.00__rep0__clean,M6A__unit_circle_S1__N1000__f_mapper__sigma_0.00__rep0__clean,,HISTORICAL_AXIS1__M6A__unit_circle_S1__N1000__f_mapper__sigma_0.00__rep0__clean,AXIS2__N1_C_RETRO__M6A__unit_circle_S1__N1000__f_mapper__sigma_0.00__rep0__clean,unit_circle_S1,f_mapper,0.0,0,6950bef979837cbe5a152ccfaca96d55cf83ab99d69dfc9894e64857a7769d6e,6950bef979837cbe5a152ccfaca96d55cf83ab99d69dfc9894e64857a7769d6e,retrospective_axis2_derivation
INDEX__N1_C_RETRO__M6A__unit_circle_S1__N1000__conventional__sigma_0.01__rep01,M6A__unit_circle_S1__N1000__conventional__sigma_0.01__rep01,,HISTORICAL_AXIS1__M6A__unit_circle_S1__N1000__conventional__sigma_0.01__rep01,AXIS2__N1_C_RETRO__M6A__unit_circle_S1__N1000__conventional__sigma_0.01__rep01,unit_circle_S1,conventional,0.01,1,6950bef979837cbe5a152ccfaca96d55cf83ab99d69dfc9894e64857a7769d6e,af8f572d9c05df75970d732d93700573dcb5472090a519949c4990a3f273efe6,retrospective_axis2_derivation
INDEX__N1_C_RETRO__M6A__unit_circle_S1__N1000__f_mapper__sigma_0.01__rep01,M6A__unit_circle_S1__N1000__f_mapper__sigma_0.01__rep01,,HISTORICAL_AXIS1__M6A__unit_circle_S1__N1000__f_mapper__sigma_0.01__rep01,AXIS2__N1_C_RETRO__M6A__unit_circle_S1__N1000__f_mapper__sigma_0.01__rep01,unit_circle_S1,f_mapper,0.01,1,6950bef979837cbe5a152ccfaca96d55cf83ab99d69dfc9894e64857a7769d6e,af8f572d9c05df75970d732d93700573dcb5472090a519949c4990a3f273efe6,retrospective_axis2_derivation
INDEX__N1_C_RETRO__M6A__unit_circle_S1__N1000__conventional__sigma_0.01__rep02,M6A__unit_circle_S1__N1000__conventional__sigma_0.01__rep02,,HISTORICAL_AXIS1__M6A__unit_circle_S1__N1000__conventional__sigma_0.01__rep02,AXIS2__N1_C_RETRO__M6A__unit_circle_S1__N1000__conventional__sigma_0.01__rep02,unit_circle_S1,conventional,0.01,2,6950bef979837cbe5a152ccfaca96d55cf83ab99d69dfc9894e64857a7769d6e,9a361a7b780885532903f64b7af1331a5c887309017b6acf9eefffcc9d7d366b,retrospective_axis2_derivation
INDEX__N1_C_RETRO__M6A__unit_circle_S1__N1000__f_mapper__sigma_0.01__rep02,M6A__unit_circle_S1__N1000__f_mapper__sigma_0.01__rep02,,HISTORICAL_AXIS1__M6A__unit_circle_S1__N1000__f_mapper__sigma_0.01__rep02,AXIS2__N1_C_RETRO__M6A__unit_circle_S1__N1000__f_mapper__sigma_0.01__rep02,unit_circle_S1,f_mapper,0.01,2,6950bef979837cbe5a152ccfaca96d55cf83ab99d69dfc9894e64857a7769d6e,9a361a7b780885532903f64b7af1331a5c887309017b6acf9eefffcc9d7d366b,retrospective_axis2_derivation
INDEX__N1_C_RETRO__M6A__unit_circle_S1__N1000__conventional__sigma_0.01__rep03,M6A__unit_circle_S1__N1000__conventional__sigma_0.01__rep03,,HISTORICAL_AXIS1__M6A__unit_circle_S1__N1000__conventional__sigma_0.01__rep03,AXIS2__N1_C_RETRO__M6A__unit_circle_S1__N1000__conventional__sigma_0.01__rep03,unit_circle_S1,conventional,0.01,3,6950bef979837cbe5a152ccfaca96d55cf83ab99d69dfc9894e64857a7769d6e,361206fdbe6c0020d200d3712b0a0ad7b13fda0bfc2fc89fc069a21d734cf730,retrospective_axis2_derivation
INDEX__N1_C_RETRO__M6A__unit_circle_S1__N1000__f_mapper__sigma_0.01__rep03,M6A__unit_circle_S1__N1000__f_mapper__sigma_0.01__rep03,,HISTORICAL_AXIS1__M6A__unit_circle_S1__N1000__f_mapper__sigma_0.01__rep03,AXIS2__N1_C_RETRO__M6A__unit_circle_S1__N1000__f_mapper__sigma_0.01__rep03,unit_circle_S1,f_mapper,0.01,3,6950bef979837cbe5a152ccfaca96d55cf83ab99d69dfc9894e64857a7769d6e,361206fdbe6c0020d200d3712b0a0ad7b13fda0bfc2fc89fc069a21d734cf730,retrospective_axis2_derivation
INDEX__N1_C_RETRO__M6A__unit_circle_S1__N1000__conventional__sigma_0.01__rep04,M6A__unit_circle_S1__N1000__conventional__sigma_0.01__rep04,,HISTORICAL_AXIS1__M6A__unit_circle_S1__N1000__conventional__sigma_0.01__rep04,AXIS2__N1_C_RETRO__M6A__unit_circle_S1__N1000__conventional__sigma_0.01__rep04,unit_circle_S1,conventional,0.01,4,6950bef979837cbe5a152ccfaca96d55cf83ab99d69dfc9894e64857a7769d6e,c66a12bd4dd27d9c9913e0a7c68bcaa529673fdf42ef65c59c4a22993aee1ae3,retrospective_axis2_derivation
INDEX__N1_C_RETRO__M6A__unit_circle_S1__N1000__f_mapper__sigma_0.01__rep04,M6A__unit_circle_S1__N1000__f_mapper__sigma_0.01__rep04,,HISTORICAL_AXIS1__M6A__unit_circle_S1__N1000__f_mapper__sigma_0.01__rep04,AXIS2__N1_C_RETRO__M6A__unit_circle_S1__N1000__f_mapper__sigma_0.01__rep04,unit_circle_S1,f_mapper,0.01,4,6950bef979837cbe5a152ccfaca96d55cf83ab99d69dfc9894e64857a7769d6e,c66a12bd4dd27d9c9913e0a7c68bcaa529673fdf42ef65c59c4a22993aee1ae3,retrospective_axis2_derivation
INDEX__N1_C_RETRO__M6A__unit_circle_S1__N1000__conventional__sigma_0.01__rep05,M6A__unit_circle_S1__N1000__conventional__sigma_0.01__rep05,,HISTORICAL_AXIS1__M6A__unit_circle_S1__N1000__conventional__sigma_0.01__rep05,AXIS2__N1_C_RETRO__M6A__unit_circle_S1__N1000__conventional__sigma_0.01__rep05,unit_circle_S1,conventional,0.01,5,6950bef979837cbe5a152ccfaca96d55cf83ab99d69dfc9894e64857a7769d6e,97863ebf43c305e8b9368caad15ac9bec66243a47b75e9c7804cc4f99b71acc5,retrospective_axis2_derivation
INDEX__N1_C_RETRO__M6A__unit_circle_S1__N1000__f_mapper__sigma_0.01__rep05,M6A__unit_circle_S1__N1000__f_mapper__sigma_0.01__rep05,,HISTORICAL_AXIS1__M6A__unit_circle_S1__N1000__f_mapper__sigma_0.01__rep05,AXIS2__N1_C_RETRO__M6A__unit_circle_S1__N1000__f_mapper__sigma_0.01__rep05,unit_circle_S1,f_mapper,0.01,5,6950bef979837cbe5a152ccfaca96d55cf83ab99d69dfc9894e64857a7769d6e,97863ebf43c305e8b9368caad15ac9bec66243a47b75e9c7804cc4f99b71acc5,retrospective_axis2_derivation
INDEX__N1_C_RETRO__M6A__unit_circle_S1__N1000__conventional__sigma_0.01__rep06,M6A__unit_circle_S1__N1000__conventional__sigma_0.01__rep06,,HISTORICAL_AXIS1__M6A__unit_circle_S1__N1000__conventional__sigma_0.01__rep06,AXIS2__N1_C_RETRO__M6A__unit_circle_S1__N1000__conventional__sigma_0.01__rep06,unit_circle_S1,conventional,0.01,6,6950bef979837cbe5a152ccfaca96d55cf83ab99d69dfc9894e64857a7769d6e,70113ef21b66f79be25631cf64b32e0106a184d3fa02e7c55600fb557d784a34,retrospective_axis2_derivation
INDEX__N1_C_RETRO__M6A__unit_circle_S1__N1000__f_mapper__sigma_0.01__rep06,M6A__unit_circle_S1__N1000__f_mapper__sigma_0.01__rep06,,HISTORICAL_AXIS1__M6A__unit_circle_S1__N1000__f_mapper__sigma_0.01__rep06,AXIS2__N1_C_RETRO__M6A__unit_circle_S1__N1000__f_mapper__sigma_0.01__rep06,unit_circle_S1,f_mapper,0.01,6,6950bef979837cbe5a152ccfaca96d55cf83ab99d69dfc9894e64857a7769d6e,70113ef21b66f79be25631cf64b32e0106a184d3fa02e7c55600fb557d784a34,retrospective_axis2_derivation
INDEX__N1_C_RETRO__M6A__unit_circle_S1__N1000__conventional__sigma_0.01__rep07,M6A__unit_circle_S1__N1000__conventional__sigma_0.01__rep07,,HISTORICAL_AXIS1__M6A__unit_circle_S1__N1000__conventional__sigma_0.01__rep07,AXIS2__N1_C_RETRO__M6A__unit_circle_S1__N1000__conventional__sigma_0.01__rep07,unit_circle_S1,conventional,0.01,7,6950bef979837cbe5a152ccfaca96d55cf83ab99d69dfc9894e64857a7769d6e,3b28a28d9ac0c5a4d9edbdcd0a8430c87db015f5f95877a6ef777e55413a2591,retrospective_axis2_derivation
INDEX__N1_C_RETRO__M6A__unit_circle_S1__N1000__f_mapper__sigma_0.01__rep07,M6A__unit_circle_S1__N1000__f_mapper__sigma_0.01__rep07,,HISTORICAL_AXIS1__M6A__unit_circle_S1__N1000__f_mapper__sigma_0.01__rep07,AXIS2__N1_C_RETRO__M6A__unit_circle_S1__N1000__f_mapper__sigma_0.01__rep07,unit_circle_S1,f_mapper,0.01,7,6950bef979837cbe5a152ccfaca96d55cf83ab99d69dfc9894e64857a7769d6e,3b28a28d9ac0c5a4d9edbdcd0a8430c87db015f5f95877a6ef777e55413a2591,retrospective_axis2_derivation
INDEX__N1_C_RETRO__M6A__unit_circle_S1__N1000__conventional__sigma_0.01__rep08,M6A__unit_circle_S1__N1000__conventional__sigma_0.01__rep08,,HISTORICAL_AXIS1__M6A__unit_circle_S1__N1000__conventional__sigma_0.01__rep08,AXIS2__N1_C_RETRO__M6A__unit_circle_S1__N1000__conventional__sigma_0.01__rep08,unit_circle_S1,conventional,0.01,8,6950bef979837cbe5a152ccfaca96d55cf83ab99d69dfc9894e64857a7769d6e,6ab6f697d8797b14268ca7574d91673d45eeb4fde36fec481f71c45ec6e2e1d5,retrospective_axis2_derivation
INDEX__N1_C_RETRO__M6A__unit_circle_S1__N1000__f_mapper__sigma_0.01__rep08,M6A__unit_circle_S1__N1000__f_mapper__sigma_0.01__rep08,,HISTORICAL_AXIS1__M6A__unit_circle_S1__N1000__f_mapper__sigma_0.01__rep08,AXIS2__N1_C_RETRO__M6A__unit_circle_S1__N1000__f_mapper__sigma_0.01__rep08,unit_circle_S1,f_mapper,0.01,8,6950bef979837cbe5a152ccfaca96d55cf83ab99d69dfc9894e64857a7769d6e,6ab6f697d8797b14268ca7574d91673d45eeb4fde36fec481f71c45ec6e2e1d5,retrospective_axis2_derivation
INDEX__N1_C_RETRO__M6A__unit_circle_S1__N1000__conventional__sigma_0.01__rep09,M6A__unit_circle_S1__N1000__conventional__sigma_0.01__rep09,,HISTORICAL_AXIS1__M6A__unit_circle_S1__N1000__conventional__sigma_0.01__rep09,AXIS2__N1_C_RETRO__M6A__unit_circle_S1__N1000__conventional__sigma_0.01__rep09,unit_circle_S1,conventional,0.01,9,6950bef979837cbe5a152ccfaca96d55cf83ab99d69dfc9894e64857a7769d6e,dd9338db9c346cde2f421646b9f72ac40385e7e726cacb11f32bf2066ea513af,retrospective_axis2_derivation
INDEX__N1_C_RETRO__M6A__unit_circle_S1__N1000__f_mapper__sigma_0.01__rep09,M6A__unit_circle_S1__N1000__f_mapper__sigma_0.01__rep09,,HISTORICAL_AXIS1__M6A__unit_circle_S1__N1000__f_mapper__sigma_0.01__rep09,AXIS2__N1_C_RETRO__M6A__unit_circle_S1__N1000__f_mapper__sigma_0.01__rep09,unit_circle_S1,f_mapper,0.01,9,6950bef979837cbe5a152ccfaca96d55cf83ab99d69dfc9894e64857a7769d6e,dd9338db9c346cde2f421646b9f72ac40385e7e726cacb11f32bf2066ea513af,retrospective_axis2_derivation
INDEX__N1_C_RETRO__M6A__unit_circle_S1__N1000__conventional__sigma_0.01__rep10,M6A__unit_circle_S1__N1000__conventional__sigma_0.01__rep10,,HISTORICAL_AXIS1__M6A__unit_circle_S1__N1000__conventional__sigma_0.01__rep10,AXIS2__N1_C_RETRO__M6A__unit_circle_S1__N1000__conventional__sigma_0.01__rep10,unit_circle_S1,conventional,0.01,10,6950bef979837cbe5a152ccfaca96d55cf83ab99d69dfc9894e64857a7769d6e,878ead68355ecff9c050e8a550de534dded497a2250c5965c3a357fe1efeede8,retrospective_axis2_derivation
INDEX__N1_C_RETRO__M6A__unit_circle_S1__N1000__f_mapper__sigma_0.01__rep10,M6A__unit_circle_S1__N1000__f_mapper__sigma_0.01__rep10,,HISTORICAL_AXIS1__M6A__unit_circle_S1__N1000__f_mapper__sigma_0.01__rep10,AXIS2__N1_C_RETRO__M6A__unit_circle_S1__N1000__f_mapper__sigma_0.01__rep10,unit_circle_S1,f_mapper,0.01,10,6950bef979837cbe5a152ccfaca96d55cf83ab99d69dfc9894e64857a7769d6e,878ead68355ecff9c050e8a550de534dded497a2250c5965c3a357fe1efeede8,retrospective_axis2_derivation
INDEX__N1_C_RETRO__M6A__unit_circle_S1__N1000__conventional__sigma_0.01__rep11,M6A__unit_circle_S1__N1000__conventional__sigma_0.01__rep11,,HISTORICAL_AXIS1__M6A__unit_circle_S1__N1000__conventional__sigma_0.01__rep11,AXIS2__N1_C_RETRO__M6A__unit_circle_S1__N1000__conventional__sigma_0.01__rep11,unit_circle_S1,conventional,0.01,11,6950bef979837cbe5a152ccfaca96d55cf83ab99d69dfc9894e64857a7769d6e,3cf38f09dc882947a991d50638f17f4942bd3da6b6401c9e2e2296edfa369f38,retrospective_axis2_derivation
INDEX__N1_C_RETRO__M6A__unit_circle_S1__N1000__f_mapper__sigma_0.01__rep11,M6A__unit_circle_S1__N1000__f_mapper__sigma_0.01__rep11,,HISTORICAL_AXIS1__M6A__unit_circle_S1__N1000__f_mapper__sigma_0.01__rep11,AXIS2__N1_C_RETRO__M6A__unit_circle_S1__N1000__f_mapper__sigma_0.01__rep11,unit_circle_S1,f_mapper,0.01,11,6950bef979837cbe5a152ccfaca96d55cf83ab99d69dfc9894e64857a7769d6e,3cf38f09dc882947a991d50638f17f4942bd3da6b6401c9e2e2296edfa369f38,retrospective_axis2_derivation
INDEX__N1_C_RETRO__M6A__unit_circle_S1__N1000__conventional__sigma_0.01__rep12,M6A__unit_circle_S1__N1000__conventional__sigma_0.01__rep12,,HISTORICAL_AXIS1__M6A__unit_circle_S1__N1000__conventional__sigma_0.01__rep12,AXIS2__N1_C_RETRO__M6A__unit_circle_S1__N1000__conventional__sigma_0.01__rep12,unit_circle_S1,conventional,0.01,12,6950bef979837cbe5a152ccfaca96d55cf83ab99d69dfc9894e64857a7769d6e,78791fe3936f0a15c58dc0ad45533df66b1f71eaaf091fe99e205780c48b56af,retrospective_axis2_derivation
INDEX__N1_C_RETRO__M6A__unit_circle_S1__N1000__f_mapper__sigma_0.01__rep12,M6A__unit_circle_S1__N1000__f_mapper__sigma_0.01__rep12,,HISTORICAL_AXIS1__M6A__unit_circle_S1__N1000__f_mapper__sigma_0.01__rep12,AXIS2__N1_C_RETRO__M6A__unit_circle_S1__N1000__f_mapper__sigma_0.01__rep12,unit_circle_S1,f_mapper,0.01,12,6950bef979837cbe5a152ccfaca96d55cf83ab99d69dfc9894e64857a7769d6e,78791fe3936f0a15c58dc0ad45533df66b1f71eaaf091fe99e205780c48b56af,retrospective_axis2_derivation
INDEX__N1_C_RETRO__M6A__unit_circle_S1__N1000__conventional__sigma_0.01__rep13,M6A__unit_circle_S1__N1000__conventional__sigma_0.01__rep13,,HISTORICAL_AXIS1__M6A__unit_circle_S1__N1000__conventional__sigma_0.01__rep13,AXIS2__N1_C_RETRO__M6A__unit_circle_S1__N1000__conventional__sigma_0.01__rep13,unit_circle_S1,conventional,0.01,13,6950bef979837cbe5a152ccfaca96d55cf83ab99d69dfc9894e64857a7769d6e,74d7f12d574e47c3ccb520a9ef66e420ed4e12ef3c2b650cc592a3a4284f628f,retrospective_axis2_derivation
INDEX__N1_C_RETRO__M6A__unit_circle_S1__N1000__f_mapper__sigma_0.01__rep13,M6A__unit_circle_S1__N1000__f_mapper__sigma_0.01__rep13,,HISTORICAL_AXIS1__M6A__unit_circle_S1__N1000__f_mapper__sigma_0.01__rep13,AXIS2__N1_C_RETRO__M6A__unit_circle_S1__N1000__f_mapper__sigma_0.01__rep13,unit_circle_S1,f_mapper,0.01,13,6950bef979837cbe5a152ccfaca96d55cf83ab99d69dfc9894e64857a7769d6e,74d7f12d574e47c3ccb520a9ef66e420ed4e12ef3c2b650cc592a3a4284f628f,retrospective_axis2_derivation
INDEX__N1_C_RETRO__M6A__unit_circle_S1__N1000__conventional__sigma_0.01__rep14,M6A__unit_circle_S1__N1000__conventional__sigma_0.01__rep14,,HISTORICAL_AXIS1__M6A__unit_circle_S1__N1000__conventional__sigma_0.01__rep14,AXIS2__N1_C_RETRO__M6A__unit_circle_S1__N1000__conventional__sigma_0.01__rep14,unit_circle_S1,conventional,0.01,14,6950bef979837cbe5a152ccfaca96d55cf83ab99d69dfc9894e64857a7769d6e,78cbd7f85d29f984bf48404cb6f8adc895e5625eba374baaa83beeb6f79995cd,retrospective_axis2_derivation
INDEX__N1_C_RETRO__M6A__unit_circle_S1__N1000__f_mapper__sigma_0.01__rep14,M6A__unit_circle_S1__N1000__f_mapper__sigma_0.01__rep14,,HISTORICAL_AXIS1__M6A__unit_circle_S1__N1000__f_mapper__sigma_0.01__rep14,AXIS2__N1_C_RETRO__M6A__unit_circle_S1__N1000__f_mapper__sigma_0.01__rep14,unit_circle_S1,f_mapper,0.01,14,6950bef979837cbe5a152ccfaca96d55cf83ab99d69dfc9894e64857a7769d6e,78cbd7f85d29f984bf48404cb6f8adc895e5625eba374baaa83beeb6f79995cd,retrospective_axis2_derivation
INDEX__N1_C_RETRO__M6A__unit_circle_S1__N1000__conventional__sigma_0.01__rep15,M6A__unit_circle_S1__N1000__conventional__sigma_0.01__rep15,,HISTORICAL_AXIS1__M6A__unit_circle_S1__N1000__conventional__sigma_0.01__rep15,AXIS2__N1_C_RETRO__M6A__unit_circle_S1__N1000__conventional__sigma_0.01__rep15,unit_circle_S1,conventional,0.01,15,6950bef979837cbe5a152ccfaca96d55cf83ab99d69dfc9894e64857a7769d6e,30674981e6f95ba117665a050fdb9c60cc062f9fa4574c62dbdf0f663440d13c,retrospective_axis2_derivation
INDEX__N1_C_RETRO__M6A__unit_circle_S1__N1000__f_mapper__sigma_0.01__rep15,M6A__unit_circle_S1__N1000__f_mapper__sigma_0.01__rep15,,HISTORICAL_AXIS1__M6A__unit_circle_S1__N1000__f_mapper__sigma_0.01__rep15,AXIS2__N1_C_RETRO__M6A__unit_circle_S1__N1000__f_mapper__sigma_0.01__rep15,unit_circle_S1,f_mapper,0.01,15,6950bef979837cbe5a152ccfaca96d55cf83ab99d69dfc9894e64857a7769d6e,30674981e6f95ba117665a050fdb9c60cc062f9fa4574c62dbdf0f663440d13c,retrospective_axis2_derivation
INDEX__N1_C_RETRO__M6A__unit_circle_S1__N1000__conventional__sigma_0.01__rep16,M6A__unit_circle_S1__N1000__conventional__sigma_0.01__rep16,,HISTORICAL_AXIS1__M6A__unit_circle_S1__N1000__conventional__sigma_0.01__rep16,AXIS2__N1_C_RETRO__M6A__unit_circle_S1__N1000__conventional__sigma_0.01__rep16,unit_circle_S1,conventional,0.01,16,6950bef979837cbe5a152ccfaca96d55cf83ab99d69dfc9894e64857a7769d6e,9add28bbac60e04f4cf28b269f8011592d90182a06887f2038c3a9fc0a708008,retrospective_axis2_derivation
INDEX__N1_C_RETRO__M6A__unit_circle_S1__N1000__f_mapper__sigma_0.01__rep16,M6A__unit_circle_S1__N1000__f_mapper__sigma_0.01__rep16,,HISTORICAL_AXIS1__M6A__unit_circle_S1__N1000__f_mapper__sigma_0.01__rep16,AXIS2__N1_C_RETRO__M6A__unit_circle_S1__N1000__f_mapper__sigma_0.01__rep16,unit_circle_S1,f_mapper,0.01,16,6950bef979837cbe5a152ccfaca96d55cf83ab99d69dfc9894e64857a7769d6e,9add28bbac60e04f4cf28b269f8011592d90182a06887f2038c3a9fc0a708008,retrospective_axis2_derivation
INDEX__N1_C_RETRO__M6A__unit_circle_S1__N1000__conventional__sigma_0.01__rep17,M6A__unit_circle_S1__N1000__conventional__sigma_0.01__rep17,,HISTORICAL_AXIS1__M6A__unit_circle_S1__N1000__conventional__sigma_0.01__rep17,AXIS2__N1_C_RETRO__M6A__unit_circle_S1__N1000__conventional__sigma_0.01__rep17,unit_circle_S1,conventional,0.01,17,6950bef979837cbe5a152ccfaca96d55cf83ab99d69dfc9894e64857a7769d6e,5c9c87f618327b6a92035e936bb51f11a48ffc480dfcdb43db0914686133225e,retrospective_axis2_derivation
INDEX__N1_C_RETRO__M6A__unit_circle_S1__N1000__f_mapper__sigma_0.01__rep17,M6A__unit_circle_S1__N1000__f_mapper__sigma_0.01__rep17,,HISTORICAL_AXIS1__M6A__unit_circle_S1__N1000__f_mapper__sigma_0.01__rep17,AXIS2__N1_C_RETRO__M6A__unit_circle_S1__N1000__f_mapper__sigma_0.01__rep17,unit_circle_S1,f_mapper,0.01,17,6950bef979837cbe5a152ccfaca96d55cf83ab99d69dfc9894e64857a7769d6e,5c9c87f618327b6a92035e936bb51f11a48ffc480dfcdb43db0914686133225e,retrospective_axis2_derivation
INDEX__N1_C_RETRO__M6A__unit_circle_S1__N1000__conventional__sigma_0.01__rep18,M6A__unit_circle_S1__N1000__conventional__sigma_0.01__rep18,,HISTORICAL_AXIS1__M6A__unit_circle_S1__N1000__conventional__sigma_0.01__rep18,AXIS2__N1_C_RETRO__M6A__unit_circle_S1__N1000__conventional__sigma_0.01__rep18,unit_circle_S1,conventional,0.01,18,6950bef979837cbe5a152ccfaca96d55cf83ab99d69dfc9894e64857a7769d6e,48e8a24f0609bfc00fdd4630600a21b581f7bcecfed6afde08b618e657a44586,retrospective_axis2_derivation
INDEX__N1_C_RETRO__M6A__unit_circle_S1__N1000__f_mapper__sigma_0.01__rep18,M6A__unit_circle_S1__N1000__f_mapper__sigma_0.01__rep18,,HISTORICAL_AXIS1__M6A__unit_circle_S1__N1000__f_mapper__sigma_0.01__rep18,AXIS2__N1_C_RETRO__M6A__unit_circle_S1__N1000__f_mapper__sigma_0.01__rep18,unit_circle_S1,f_mapper,0.01,18,6950bef979837cbe5a152ccfaca96d55cf83ab99d69dfc9894e64857a7769d6e,48e8a24f0609bfc00fdd4630600a21b581f7bcecfed6afde08b618e657a44586,retrospective_axis2_derivation
INDEX__N1_C_RETRO__M6A__unit_circle_S1__N1000__conventional__sigma_0.01__rep19,M6A__unit_circle_S1__N1000__conventional__sigma_0.01__rep19,,HISTORICAL_AXIS1__M6A__unit_circle_S1__N1000__conventional__sigma_0.01__rep19,AXIS2__N1_C_RETRO__M6A__unit_circle_S1__N1000__conventional__sigma_0.01__rep19,unit_circle_S1,conventional,0.01,19,6950bef979837cbe5a152ccfaca96d55cf83ab99d69dfc9894e64857a7769d6e,5bd8a69ee403c8b4e62265e3f2fceeb502f6b88af17c56b3bcdbae5fe92c8453,retrospective_axis2_derivation
INDEX__N1_C_RETRO__M6A__unit_circle_S1__N1000__f_mapper__sigma_0.01__rep19,M6A__unit_circle_S1__N1000__f_mapper__sigma_0.01__rep19,,HISTORICAL_AXIS1__M6A__unit_circle_S1__N1000__f_mapper__sigma_0.01__rep19,AXIS2__N1_C_RETRO__M6A__unit_circle_S1__N1000__f_mapper__sigma_0.01__rep19,unit_circle_S1,f_mapper,0.01,19,6950bef979837cbe5a152ccfaca96d55cf83ab99d69dfc9894e64857a7769d6e,5bd8a69ee403c8b4e62265e3f2fceeb502f6b88af17c56b3bcdbae5fe92c8453,retrospective_axis2_derivation
INDEX__N1_C_RETRO__M6A__unit_circle_S1__N1000__conventional__sigma_0.01__rep20,M6A__unit_circle_S1__N1000__conventional__sigma_0.01__rep20,,HISTORICAL_AXIS1__M6A__unit_circle_S1__N1000__conventional__sigma_0.01__rep20,AXIS2__N1_C_RETRO__M6A__unit_circle_S1__N1000__conventional__sigma_0.01__rep20,unit_circle_S1,conventional,0.01,20,6950bef979837cbe5a152ccfaca96d55cf83ab99d69dfc9894e64857a7769d6e,b51b41524f8758a0fe7aaacb8f8190c0b5cc1d168c8507be7c2f4d195433eb83,retrospective_axis2_derivation
INDEX__N1_C_RETRO__M6A__unit_circle_S1__N1000__f_mapper__sigma_0.01__rep20,M6A__unit_circle_S1__N1000__f_mapper__sigma_0.01__rep20,,HISTORICAL_AXIS1__M6A__unit_circle_S1__N1000__f_mapper__sigma_0.01__rep20,AXIS2__N1_C_RETRO__M6A__unit_circle_S1__N1000__f_mapper__sigma_0.01__rep20,unit_circle_S1,f_mapper,0.01,20,6950bef979837cbe5a152ccfaca96d55cf83ab99d69dfc9894e64857a7769d6e,b51b41524f8758a0fe7aaacb8f8190c0b5cc1d168c8507be7c2f4d195433eb83,retrospective_axis2_derivation
INDEX__N1_C_RETRO__M6A__unit_circle_S1__N1000__conventional__sigma_0.01__rep21,M6A__unit_circle_S1__N1000__conventional__sigma_0.01__rep21,,HISTORICAL_AXIS1__M6A__unit_circle_S1__N1000__conventional__sigma_0.01__rep21,AXIS2__N1_C_RETRO__M6A__unit_circle_S1__N1000__conventional__sigma_0.01__rep21,unit_circle_S1,conventional,0.01,21,6950bef979837cbe5a152ccfaca96d55cf83ab99d69dfc9894e64857a7769d6e,cc0a329bb8b3528dd528503bd459b7f4136763ef619c6fbac5c2fcf9b3837821,retrospective_axis2_derivation
INDEX__N1_C_RETRO__M6A__unit_circle_S1__N1000__f_mapper__sigma_0.01__rep21,M6A__unit_circle_S1__N1000__f_mapper__sigma_0.01__rep21,,HISTORICAL_AXIS1__M6A__unit_circle_S1__N1000__f_mapper__sigma_0.01__rep21,AXIS2__N1_C_RETRO__M6A__unit_circle_S1__N1000__f_mapper__sigma_0.01__rep21,unit_circle_S1,f_mapper,0.01,21,6950bef979837cbe5a152ccfaca96d55cf83ab99d69dfc9894e64857a7769d6e,cc0a329bb8b3528dd528503bd459b7f4136763ef619c6fbac5c2fcf9b3837821,retrospective_axis2_derivation
INDEX__N1_C_RETRO__M6A__unit_circle_S1__N1000__conventional__sigma_0.01__rep22,M6A__unit_circle_S1__N1000__conventional__sigma_0.01__rep22,,HISTORICAL_AXIS1__M6A__unit_circle_S1__N1000__conventional__sigma_0.01__rep22,AXIS2__N1_C_RETRO__M6A__unit_circle_S1__N1000__conventional__sigma_0.01__rep22,unit_circle_S1,conventional,0.01,22,6950bef979837cbe5a152ccfaca96d55cf83ab99d69dfc9894e64857a7769d6e,e7e034e8a653a77014e622021c47daf36c1653b136044d7c555278e7618e2683,retrospective_axis2_derivation
INDEX__N1_C_RETRO__M6A__unit_circle_S1__N1000__f_mapper__sigma_0.01__rep22,M6A__unit_circle_S1__N1000__f_mapper__sigma_0.01__rep22,,HISTORICAL_AXIS1__M6A__unit_circle_S1__N1000__f_mapper__sigma_0.01__rep22,AXIS2__N1_C_RETRO__M6A__unit_circle_S1__N1000__f_mapper__sigma_0.01__rep22,unit_circle_S1,f_mapper,0.01,22,6950bef979837cbe5a152ccfaca96d55cf83ab99d69dfc9894e64857a7769d6e,e7e034e8a653a77014e622021c47daf36c1653b136044d7c555278e7618e2683,retrospective_axis2_derivation
INDEX__N1_C_RETRO__M6A__unit_circle_S1__N1000__conventional__sigma_0.01__rep23,M6A__unit_circle_S1__N1000__conventional__sigma_0.01__rep23,,HISTORICAL_AXIS1__M6A__unit_circle_S1__N1000__conventional__sigma_0.01__rep23,AXIS2__N1_C_RETRO__M6A__unit_circle_S1__N1000__conventional__sigma_0.01__rep23,unit_circle_S1,conventional,0.01,23,6950bef979837cbe5a152ccfaca96d55cf83ab99d69dfc9894e64857a7769d6e,f6c1debeabbb7b1a184a7f8e4a304b9956da6941b885205b2824d3226859eb5e,retrospective_axis2_derivation
INDEX__N1_C_RETRO__M6A__unit_circle_S1__N1000__f_mapper__sigma_0.01__rep23,M6A__unit_circle_S1__N1000__f_mapper__sigma_0.01__rep23,,HISTORICAL_AXIS1__M6A__unit_circle_S1__N1000__f_mapper__sigma_0.01__rep23,AXIS2__N1_C_RETRO__M6A__unit_circle_S1__N1000__f_mapper__sigma_0.01__rep23,unit_circle_S1,f_mapper,0.01,23,6950bef979837cbe5a152ccfaca96d55cf83ab99d69dfc9894e64857a7769d6e,f6c1debeabbb7b1a184a7f8e4a304b9956da6941b885205b2824d3226859eb5e,retrospective_axis2_derivation
INDEX__N1_C_RETRO__M6A__unit_circle_S1__N1000__conventional__sigma_0.01__rep24,M6A__unit_circle_S1__N1000__conventional__sigma_0.01__rep24,,HISTORICAL_AXIS1__M6A__unit_circle_S1__N1000__conventional__sigma_0.01__rep24,AXIS2__N1_C_RETRO__M6A__unit_circle_S1__N1000__conventional__sigma_0.01__rep24,unit_circle_S1,conventional,0.01,24,6950bef979837cbe5a152ccfaca96d55cf83ab99d69dfc9894e64857a7769d6e,557f2e2ee2fab22f2e76224d58606be2c875062617719f08ed97de4fc398b4f7,retrospective_axis2_derivation
INDEX__N1_C_RETRO__M6A__unit_circle_S1__N1000__f_mapper__sigma_0.01__rep24,M6A__unit_circle_S1__N1000__f_mapper__sigma_0.01__rep24,,HISTORICAL_AXIS1__M6A__unit_circle_S1__N1000__f_mapper__sigma_0.01__rep24,AXIS2__N1_C_RETRO__M6A__unit_circle_S1__N1000__f_mapper__sigma_0.01__rep24,unit_circle_S1,f_mapper,0.01,24,6950bef979837cbe5a152ccfaca96d55cf83ab99d69dfc9894e64857a7769d6e,557f2e2ee2fab22f2e76224d58606be2c875062617719f08ed97de4fc398b4f7,retrospective_axis2_derivation
INDEX__N1_C_RETRO__M6A__unit_circle_S1__N1000__conventional__sigma_0.01__rep25,M6A__unit_circle_S1__N1000__conventional__sigma_0.01__rep25,,HISTORICAL_AXIS1__M6A__unit_circle_S1__N1000__conventional__sigma_0.01__rep25,AXIS2__N1_C_RETRO__M6A__unit_circle_S1__N1000__conventional__sigma_0.01__rep25,unit_circle_S1,conventional,0.01,25,6950bef979837cbe5a152ccfaca96d55cf83ab99d69dfc9894e64857a7769d6e,a468dbdcb60d1714aaabbc9ad7bc056d85e373fe95b24121f8a08df961283473,retrospective_axis2_derivation
INDEX__N1_C_RETRO__M6A__unit_circle_S1__N1000__f_mapper__sigma_0.01__rep25,M6A__unit_circle_S1__N1000__f_mapper__sigma_0.01__rep25,,HISTORICAL_AXIS1__M6A__unit_circle_S1__N1000__f_mapper__sigma_0.01__rep25,AXIS2__N1_C_RETRO__M6A__unit_circle_S1__N1000__f_mapper__sigma_0.01__rep25,unit_circle_S1,f_mapper,0.01,25,6950bef979837cbe5a152ccfaca96d55cf83ab99d69dfc9894e64857a7769d6e,a468dbdcb60d1714aaabbc9ad7bc056d85e373fe95b24121f8a08df961283473,retrospective_axis2_derivation
INDEX__N1_C_RETRO__M6A__unit_circle_S1__N1000__conventional__sigma_0.01__rep26,M6A__unit_circle_S1__N1000__conventional__sigma_0.01__rep26,,HISTORICAL_AXIS1__M6A__unit_circle_S1__N1000__conventional__sigma_0.01__rep26,AXIS2__N1_C_RETRO__M6A__unit_circle_S1__N1000__conventional__sigma_0.01__rep26,unit_circle_S1,conventional,0.01,26,6950bef979837cbe5a152ccfaca96d55cf83ab99d69dfc9894e64857a7769d6e,e8951f5282df6b74759b4f04a004f076aaef08c452da16368147ecacbb354b84,retrospective_axis2_derivation
INDEX__N1_C_RETRO__M6A__unit_circle_S1__N1000__f_mapper__sigma_0.01__rep26,M6A__unit_circle_S1__N1000__f_mapper__sigma_0.01__rep26,,HISTORICAL_AXIS1__M6A__unit_circle_S1__N1000__f_mapper__sigma_0.01__rep26,AXIS2__N1_C_RETRO__M6A__unit_circle_S1__N1000__f_mapper__sigma_0.01__rep26,unit_circle_S1,f_mapper,0.01,26,6950bef979837cbe5a152ccfaca96d55cf83ab99d69dfc9894e64857a7769d6e,e8951f5282df6b74759b4f04a004f076aaef08c452da16368147ecacbb354b84,retrospective_axis2_derivation
INDEX__N1_C_RETRO__M6A__unit_circle_S1__N1000__conventional__sigma_0.01__rep27,M6A__unit_circle_S1__N1000__conventional__sigma_0.01__rep27,,HISTORICAL_AXIS1__M6A__unit_circle_S1__N1000__conventional__sigma_0.01__rep27,AXIS2__N1_C_RETRO__M6A__unit_circle_S1__N1000__conventional__sigma_0.01__rep27,unit_circle_S1,conventional,0.01,27,6950bef979837cbe5a152ccfaca96d55cf83ab99d69dfc9894e64857a7769d6e,5a021ff715778c22493909070673b37361c503cf526a893910f3128bd8a8b520,retrospective_axis2_derivation
INDEX__N1_C_RETRO__M6A__unit_circle_S1__N1000__f_mapper__sigma_0.01__rep27,M6A__unit_circle_S1__N1000__f_mapper__sigma_0.01__rep27,,HISTORICAL_AXIS1__M6A__unit_circle_S1__N1000__f_mapper__sigma_0.01__rep27,AXIS2__N1_C_RETRO__M6A__unit_circle_S1__N1000__f_mapper__sigma_0.01__rep27,unit_circle_S1,f_mapper,0.01,27,6950bef979837cbe5a152ccfaca96d55cf83ab99d69dfc9894e64857a7769d6e,5a021ff715778c22493909070673b37361c503cf526a893910f3128bd8a8b520,retrospective_axis2_derivation
INDEX__N1_C_RETRO__M6A__unit_circle_S1__N1000__conventional__sigma_0.01__rep28,M6A__unit_circle_S1__N1000__conventional__sigma_0.01__rep28,,HISTORICAL_AXIS1__M6A__unit_circle_S1__N1000__conventional__sigma_0.01__rep28,AXIS2__N1_C_RETRO__M6A__unit_circle_S1__N1000__conventional__sigma_0.01__rep28,unit_circle_S1,conventional,0.01,28,6950bef979837cbe5a152ccfaca96d55cf83ab99d69dfc9894e64857a7769d6e,a10f6cc3b5c459037d2a86a9de51d44a544e3ca293b1657abccf5816a5a75501,retrospective_axis2_derivation
INDEX__N1_C_RETRO__M6A__unit_circle_S1__N1000__f_mapper__sigma_0.01__rep28,M6A__unit_circle_S1__N1000__f_mapper__sigma_0.01__rep28,,HISTORICAL_AXIS1__M6A__unit_circle_S1__N1000__f_mapper__sigma_0.01__rep28,AXIS2__N1_C_RETRO__M6A__unit_circle_S1__N1000__f_mapper__sigma_0.01__rep28,unit_circle_S1,f_mapper,0.01,28,6950bef979837cbe5a152ccfaca96d55cf83ab99d69dfc9894e64857a7769d6e,a10f6cc3b5c459037d2a86a9de51d44a544e3ca293b1657abccf5816a5a75501,retrospective_axis2_derivation
INDEX__N1_C_RETRO__M6A__unit_circle_S1__N1000__conventional__sigma_0.01__rep29,M6A__unit_circle_S1__N1000__conventional__sigma_0.01__rep29,,HISTORICAL_AXIS1__M6A__unit_circle_S1__N1000__conventional__sigma_0.01__rep29,AXIS2__N1_C_RETRO__M6A__unit_circle_S1__N1000__conventional__sigma_0.01__rep29,unit_circle_S1,conventional,0.01,29,6950bef979837cbe5a152ccfaca96d55cf83ab99d69dfc9894e64857a7769d6e,f1c7f2a3b9914b0dd3f6d8a040d655de4858adbc06ba1eb2eface4dc770ebe19,retrospective_axis2_derivation
INDEX__N1_C_RETRO__M6A__unit_circle_S1__N1000__f_mapper__sigma_0.01__rep29,M6A__unit_circle_S1__N1000__f_mapper__sigma_0.01__rep29,,HISTORICAL_AXIS1__M6A__unit_circle_S1__N1000__f_mapper__sigma_0.01__rep29,AXIS2__N1_C_RETRO__M6A__unit_circle_S1__N1000__f_mapper__sigma_0.01__rep29,unit_circle_S1,f_mapper,0.01,29,6950bef979837cbe5a152ccfaca96d55cf83ab99d69dfc9894e64857a7769d6e,f1c7f2a3b9914b0dd3f6d8a040d655de4858adbc06ba1eb2eface4dc770ebe19,retrospective_axis2_derivation
INDEX__N1_C_RETRO__M6A__unit_circle_S1__N1000__conventional__sigma_0.01__rep30,M6A__unit_circle_S1__N1000__conventional__sigma_0.01__rep30,,HISTORICAL_AXIS1__M6A__unit_circle_S1__N1000__conventional__sigma_0.01__rep30,AXIS2__N1_C_RETRO__M6A__unit_circle_S1__N1000__conventional__sigma_0.01__rep30,unit_circle_S1,conventional,0.01,30,6950bef979837cbe5a152ccfaca96d55cf83ab99d69dfc9894e64857a7769d6e,dc7d2505b83dac18aa7117fd9f273601c3b699ba80f92de82293d0eed3b5dccb,retrospective_axis2_derivation
INDEX__N1_C_RETRO__M6A__unit_circle_S1__N1000__f_mapper__sigma_0.01__rep30,M6A__unit_circle_S1__N1000__f_mapper__sigma_0.01__rep30,,HISTORICAL_AXIS1__M6A__unit_circle_S1__N1000__f_mapper__sigma_0.01__rep30,AXIS2__N1_C_RETRO__M6A__unit_circle_S1__N1000__f_mapper__sigma_0.01__rep30,unit_circle_S1,f_mapper,0.01,30,6950bef979837cbe5a152ccfaca96d55cf83ab99d69dfc9894e64857a7769d6e,dc7d2505b83dac18aa7117fd9f273601c3b699ba80f92de82293d0eed3b5dccb,retrospective_axis2_derivation
INDEX__N1_C_RETRO__M6A__unit_circle_S1__N1000__conventional__sigma_0.03__rep01,M6A__unit_circle_S1__N1000__conventional__sigma_0.03__rep01,,HISTORICAL_AXIS1__M6A__unit_circle_S1__N1000__conventional__sigma_0.03__rep01,AXIS2__N1_C_RETRO__M6A__unit_circle_S1__N1000__conventional__sigma_0.03__rep01,unit_circle_S1,conventional,0.03,1,6950bef979837cbe5a152ccfaca96d55cf83ab99d69dfc9894e64857a7769d6e,dbf585827b4d9662f10f23b20561956390f84f941620f2387d07878e42095f92,retrospective_axis2_derivation
INDEX__N1_C_RETRO__M6A__unit_circle_S1__N1000__f_mapper__sigma_0.03__rep01,M6A__unit_circle_S1__N1000__f_mapper__sigma_0.03__rep01,,HISTORICAL_AXIS1__M6A__unit_circle_S1__N1000__f_mapper__sigma_0.03__rep01,AXIS2__N1_C_RETRO__M6A__unit_circle_S1__N1000__f_mapper__sigma_0.03__rep01,unit_circle_S1,f_mapper,0.03,1,6950bef979837cbe5a152ccfaca96d55cf83ab99d69dfc9894e64857a7769d6e,dbf585827b4d9662f10f23b20561956390f84f941620f2387d07878e42095f92,retrospective_axis2_derivation
INDEX__N1_C_RETRO__M6A__unit_circle_S1__N1000__conventional__sigma_0.03__rep02,M6A__unit_circle_S1__N1000__conventional__sigma_0.03__rep02,,HISTORICAL_AXIS1__M6A__unit_circle_S1__N1000__conventional__sigma_0.03__rep02,AXIS2__N1_C_RETRO__M6A__unit_circle_S1__N1000__conventional__sigma_0.03__rep02,unit_circle_S1,conventional,0.03,2,6950bef979837cbe5a152ccfaca96d55cf83ab99d69dfc9894e64857a7769d6e,23ea3842e4c3b61bd52a0708d46556c4a204a7b1b88443aea2360884830cca5a,retrospective_axis2_derivation
INDEX__N1_C_RETRO__M6A__unit_circle_S1__N1000__f_mapper__sigma_0.03__rep02,M6A__unit_circle_S1__N1000__f_mapper__sigma_0.03__rep02,,HISTORICAL_AXIS1__M6A__unit_circle_S1__N1000__f_mapper__sigma_0.03__rep02,AXIS2__N1_C_RETRO__M6A__unit_circle_S1__N1000__f_mapper__sigma_0.03__rep02,unit_circle_S1,f_mapper,0.03,2,6950bef979837cbe5a152ccfaca96d55cf83ab99d69dfc9894e64857a7769d6e,23ea3842e4c3b61bd52a0708d46556c4a204a7b1b88443aea2360884830cca5a,retrospective_axis2_derivation
INDEX__N1_C_RETRO__M6A__unit_circle_S1__N1000__conventional__sigma_0.03__rep03,M6A__unit_circle_S1__N1000__conventional__sigma_0.03__rep03,,HISTORICAL_AXIS1__M6A__unit_circle_S1__N1000__conventional__sigma_0.03__rep03,AXIS2__N1_C_RETRO__M6A__unit_circle_S1__N1000__conventional__sigma_0.03__rep03,unit_circle_S1,conventional,0.03,3,6950bef979837cbe5a152ccfaca96d55cf83ab99d69dfc9894e64857a7769d6e,442c9472ba003533f167010736fd16162b3001956d9a5bb059d2903665bbefb1,retrospective_axis2_derivation
INDEX__N1_C_RETRO__M6A__unit_circle_S1__N1000__f_mapper__sigma_0.03__rep03,M6A__unit_circle_S1__N1000__f_mapper__sigma_0.03__rep03,,HISTORICAL_AXIS1__M6A__unit_circle_S1__N1000__f_mapper__sigma_0.03__rep03,AXIS2__N1_C_RETRO__M6A__unit_circle_S1__N1000__f_mapper__sigma_0.03__rep03,unit_circle_S1,f_mapper,0.03,3,6950bef979837cbe5a152ccfaca96d55cf83ab99d69dfc9894e64857a7769d6e,442c9472ba003533f167010736fd16162b3001956d9a5bb059d2903665bbefb1,retrospective_axis2_derivation
INDEX__N1_C_RETRO__M6A__unit_circle_S1__N1000__conventional__sigma_0.03__rep04,M6A__unit_circle_S1__N1000__conventional__sigma_0.03__rep04,,HISTORICAL_AXIS1__M6A__unit_circle_S1__N1000__conventional__sigma_0.03__rep04,AXIS2__N1_C_RETRO__M6A__unit_circle_S1__N1000__conventional__sigma_0.03__rep04,unit_circle_S1,conventional,0.03,4,6950bef979837cbe5a152ccfaca96d55cf83ab99d69dfc9894e64857a7769d6e,88a9f92948201f3f6114332432c0f278e7c2d33b37fd3db065051bd542e60abc,retrospective_axis2_derivation
INDEX__N1_C_RETRO__M6A__unit_circle_S1__N1000__f_mapper__sigma_0.03__rep04,M6A__unit_circle_S1__N1000__f_mapper__sigma_0.03__rep04,,HISTORICAL_AXIS1__M6A__unit_circle_S1__N1000__f_mapper__sigma_0.03__rep04,AXIS2__N1_C_RETRO__M6A__unit_circle_S1__N1000__f_mapper__sigma_0.03__rep04,unit_circle_S1,f_mapper,0.03,4,6950bef979837cbe5a152ccfaca96d55cf83ab99d69dfc9894e64857a7769d6e,88a9f92948201f3f6114332432c0f278e7c2d33b37fd3db065051bd542e60abc,retrospective_axis2_derivation
INDEX__N1_C_RETRO__M6A__unit_circle_S1__N1000__conventional__sigma_0.03__rep05,M6A__unit_circle_S1__N1000__conventional__sigma_0.03__rep05,,HISTORICAL_AXIS1__M6A__unit_circle_S1__N1000__conventional__sigma_0.03__rep05,AXIS2__N1_C_RETRO__M6A__unit_circle_S1__N1000__conventional__sigma_0.03__rep05,unit_circle_S1,conventional,0.03,5,6950bef979837cbe5a152ccfaca96d55cf83ab99d69dfc9894e64857a7769d6e,6b85660bfa9dfc833bcec51abad05fb9f1bd1bc0a4ed3fd9bd0d98f095ffd283,retrospective_axis2_derivation
INDEX__N1_C_RETRO__M6A__unit_circle_S1__N1000__f_mapper__sigma_0.03__rep05,M6A__unit_circle_S1__N1000__f_mapper__sigma_0.03__rep05,,HISTORICAL_AXIS1__M6A__unit_circle_S1__N1000__f_mapper__sigma_0.03__rep05,AXIS2__N1_C_RETRO__M6A__unit_circle_S1__N1000__f_mapper__sigma_0.03__rep05,unit_circle_S1,f_mapper,0.03,5,6950bef979837cbe5a152ccfaca96d55cf83ab99d69dfc9894e64857a7769d6e,6b85660bfa9dfc833bcec51abad05fb9f1bd1bc0a4ed3fd9bd0d98f095ffd283,retrospective_axis2_derivation
INDEX__N1_C_RETRO__M6A__unit_circle_S1__N1000__conventional__sigma_0.03__rep06,M6A__unit_circle_S1__N1000__conventional__sigma_0.03__rep06,,HISTORICAL_AXIS1__M6A__unit_circle_S1__N1000__conventional__sigma_0.03__rep06,AXIS2__N1_C_RETRO__M6A__unit_circle_S1__N1000__conventional__sigma_0.03__rep06,unit_circle_S1,conventional,0.03,6,6950bef979837cbe5a152ccfaca96d55cf83ab99d69dfc9894e64857a7769d6e,ec829ee0945fd3cf18dab8739dcd4ce0742e897d5bc05d56702b09f2b7157a15,retrospective_axis2_derivation
INDEX__N1_C_RETRO__M6A__unit_circle_S1__N1000__f_mapper__sigma_0.03__rep06,M6A__unit_circle_S1__N1000__f_mapper__sigma_0.03__rep06,,HISTORICAL_AXIS1__M6A__unit_circle_S1__N1000__f_mapper__sigma_0.03__rep06,AXIS2__N1_C_RETRO__M6A__unit_circle_S1__N1000__f_mapper__sigma_0.03__rep06,unit_circle_S1,f_mapper,0.03,6,6950bef979837cbe5a152ccfaca96d55cf83ab99d69dfc9894e64857a7769d6e,ec829ee0945fd3cf18dab8739dcd4ce0742e897d5bc05d56702b09f2b7157a15,retrospective_axis2_derivation
INDEX__N1_C_RETRO__M6A__unit_circle_S1__N1000__conventional__sigma_0.03__rep07,M6A__unit_circle_S1__N1000__conventional__sigma_0.03__rep07,,HISTORICAL_AXIS1__M6A__unit_circle_S1__N1000__conventional__sigma_0.03__rep07,AXIS2__N1_C_RETRO__M6A__unit_circle_S1__N1000__conventional__sigma_0.03__rep07,unit_circle_S1,conventional,0.03,7,6950bef979837cbe5a152ccfaca96d55cf83ab99d69dfc9894e64857a7769d6e,fd9a5dd31f992c05ce2b3405565e5f20ac84f8a115ed2f676b96a7546ff50f9d,retrospective_axis2_derivation
INDEX__N1_C_RETRO__M6A__unit_circle_S1__N1000__f_mapper__sigma_0.03__rep07,M6A__unit_circle_S1__N1000__f_mapper__sigma_0.03__rep07,,HISTORICAL_AXIS1__M6A__unit_circle_S1__N1000__f_mapper__sigma_0.03__rep07,AXIS2__N1_C_RETRO__M6A__unit_circle_S1__N1000__f_mapper__sigma_0.03__rep07,unit_circle_S1,f_mapper,0.03,7,6950bef979837cbe5a152ccfaca96d55cf83ab99d69dfc9894e64857a7769d6e,fd9a5dd31f992c05ce2b3405565e5f20ac84f8a115ed2f676b96a7546ff50f9d,retrospective_axis2_derivation
INDEX__N1_C_RETRO__M6A__unit_circle_S1__N1000__conventional__sigma_0.03__rep08,M6A__unit_circle_S1__N1000__conventional__sigma_0.03__rep08,,HISTORICAL_AXIS1__M6A__unit_circle_S1__N1000__conventional__sigma_0.03__rep08,AXIS2__N1_C_RETRO__M6A__unit_circle_S1__N1000__conventional__sigma_0.03__rep08,unit_circle_S1,conventional,0.03,8,6950bef979837cbe5a152ccfaca96d55cf83ab99d69dfc9894e64857a7769d6e,6179566c17329c28d609b7ca3696dabce5f7c47f7ac7413621b3c9124777ecf4,retrospective_axis2_derivation
INDEX__N1_C_RETRO__M6A__unit_circle_S1__N1000__f_mapper__sigma_0.03__rep08,M6A__unit_circle_S1__N1000__f_mapper__sigma_0.03__rep08,,HISTORICAL_AXIS1__M6A__unit_circle_S1__N1000__f_mapper__sigma_0.03__rep08,AXIS2__N1_C_RETRO__M6A__unit_circle_S1__N1000__f_mapper__sigma_0.03__rep08,unit_circle_S1,f_mapper,0.03,8,6950bef979837cbe5a152ccfaca96d55cf83ab99d69dfc9894e64857a7769d6e,6179566c17329c28d609b7ca3696dabce5f7c47f7ac7413621b3c9124777ecf4,retrospective_axis2_derivation
INDEX__N1_C_RETRO__M6A__unit_circle_S1__N1000__conventional__sigma_0.03__rep09,M6A__unit_circle_S1__N1000__conventional__sigma_0.03__rep09,,HISTORICAL_AXIS1__M6A__unit_circle_S1__N1000__conventional__sigma_0.03__rep09,AXIS2__N1_C_RETRO__M6A__unit_circle_S1__N1000__conventional__sigma_0.03__rep09,unit_circle_S1,conventional,0.03,9,6950bef979837cbe5a152ccfaca96d55cf83ab99d69dfc9894e64857a7769d6e,dfb603af2602be7954120e2e4c9c508e2f8d37aba8adc9c951896126357b9161,retrospective_axis2_derivation
INDEX__N1_C_RETRO__M6A__unit_circle_S1__N1000__f_mapper__sigma_0.03__rep09,M6A__unit_circle_S1__N1000__f_mapper__sigma_0.03__rep09,,HISTORICAL_AXIS1__M6A__unit_circle_S1__N1000__f_mapper__sigma_0.03__rep09,AXIS2__N1_C_RETRO__M6A__unit_circle_S1__N1000__f_mapper__sigma_0.03__rep09,unit_circle_S1,f_mapper,0.03,9,6950bef979837cbe5a152ccfaca96d55cf83ab99d69dfc9894e64857a7769d6e,dfb603af2602be7954120e2e4c9c508e2f8d37aba8adc9c951896126357b9161,retrospective_axis2_derivation
INDEX__N1_C_RETRO__M6A__unit_circle_S1__N1000__conventional__sigma_0.03__rep10,M6A__unit_circle_S1__N1000__conventional__sigma_0.03__rep10,,HISTORICAL_AXIS1__M6A__unit_circle_S1__N1000__conventional__sigma_0.03__rep10,AXIS2__N1_C_RETRO__M6A__unit_circle_S1__N1000__conventional__sigma_0.03__rep10,unit_circle_S1,conventional,0.03,10,6950bef979837cbe5a152ccfaca96d55cf83ab99d69dfc9894e64857a7769d6e,82aa361899cb353ccf1d6ce669b3ff9712f32aac65db75754f9e53f93c28f784,retrospective_axis2_derivation
INDEX__N1_C_RETRO__M6A__unit_circle_S1__N1000__f_mapper__sigma_0.03__rep10,M6A__unit_circle_S1__N1000__f_mapper__sigma_0.03__rep10,,HISTORICAL_AXIS1__M6A__unit_circle_S1__N1000__f_mapper__sigma_0.03__rep10,AXIS2__N1_C_RETRO__M6A__unit_circle_S1__N1000__f_mapper__sigma_0.03__rep10,unit_circle_S1,f_mapper,0.03,10,6950bef979837cbe5a152ccfaca96d55cf83ab99d69dfc9894e64857a7769d6e,82aa361899cb353ccf1d6ce669b3ff9712f32aac65db75754f9e53f93c28f784,retrospective_axis2_derivation
INDEX__N1_C_RETRO__M6A__unit_circle_S1__N1000__conventional__sigma_0.03__rep11,M6A__unit_circle_S1__N1000__conventional__sigma_0.03__rep11,,HISTORICAL_AXIS1__M6A__unit_circle_S1__N1000__conventional__sigma_0.03__rep11,AXIS2__N1_C_RETRO__M6A__unit_circle_S1__N1000__conventional__sigma_0.03__rep11,unit_circle_S1,conventional,0.03,11,6950bef979837cbe5a152ccfaca96d55cf83ab99d69dfc9894e64857a7769d6e,3977a35f5a49f88acc8259d0d9333a9c0239d7f4caf81021d4c5562368d1fe94,retrospective_axis2_derivation
INDEX__N1_C_RETRO__M6A__unit_circle_S1__N1000__f_mapper__sigma_0.03__rep11,M6A__unit_circle_S1__N1000__f_mapper__sigma_0.03__rep11,,HISTORICAL_AXIS1__M6A__unit_circle_S1__N1000__f_mapper__sigma_0.03__rep11,AXIS2__N1_C_RETRO__M6A__unit_circle_S1__N1000__f_mapper__sigma_0.03__rep11,unit_circle_S1,f_mapper,0.03,11,6950bef979837cbe5a152ccfaca96d55cf83ab99d69dfc9894e64857a7769d6e,3977a35f5a49f88acc8259d0d9333a9c0239d7f4caf81021d4c5562368d1fe94,retrospective_axis2_derivation
INDEX__N1_C_RETRO__M6A__unit_circle_S1__N1000__conventional__sigma_0.03__rep12,M6A__unit_circle_S1__N1000__conventional__sigma_0.03__rep12,,HISTORICAL_AXIS1__M6A__unit_circle_S1__N1000__conventional__sigma_0.03__rep12,AXIS2__N1_C_RETRO__M6A__unit_circle_S1__N1000__conventional__sigma_0.03__rep12,unit_circle_S1,conventional,0.03,12,6950bef979837cbe5a152ccfaca96d55cf83ab99d69dfc9894e64857a7769d6e,dda56e7d4eb4a184610e48eba0d0be0544eebdb67c28211ad60489c71e12feec,retrospective_axis2_derivation
INDEX__N1_C_RETRO__M6A__unit_circle_S1__N1000__f_mapper__sigma_0.03__rep12,M6A__unit_circle_S1__N1000__f_mapper__sigma_0.03__rep12,,HISTORICAL_AXIS1__M6A__unit_circle_S1__N1000__f_mapper__sigma_0.03__rep12,AXIS2__N1_C_RETRO__M6A__unit_circle_S1__N1000__f_mapper__sigma_0.03__rep12,unit_circle_S1,f_mapper,0.03,12,6950bef979837cbe5a152ccfaca96d55cf83ab99d69dfc9894e64857a7769d6e,dda56e7d4eb4a184610e48eba0d0be0544eebdb67c28211ad60489c71e12feec,retrospective_axis2_derivation
INDEX__N1_C_RETRO__M6A__unit_circle_S1__N1000__conventional__sigma_0.03__rep13,M6A__unit_circle_S1__N1000__conventional__sigma_0.03__rep13,,HISTORICAL_AXIS1__M6A__unit_circle_S1__N1000__conventional__sigma_0.03__rep13,AXIS2__N1_C_RETRO__M6A__unit_circle_S1__N1000__conventional__sigma_0.03__rep13,unit_circle_S1,conventional,0.03,13,6950bef979837cbe5a152ccfaca96d55cf83ab99d69dfc9894e64857a7769d6e,36a20d8ce0bc8993b84df6dc8157d708845e08aa37c52972bcf565baf9ac47ae,retrospective_axis2_derivation
INDEX__N1_C_RETRO__M6A__unit_circle_S1__N1000__f_mapper__sigma_0.03__rep13,M6A__unit_circle_S1__N1000__f_mapper__sigma_0.03__rep13,,HISTORICAL_AXIS1__M6A__unit_circle_S1__N1000__f_mapper__sigma_0.03__rep13,AXIS2__N1_C_RETRO__M6A__unit_circle_S1__N1000__f_mapper__sigma_0.03__rep13,unit_circle_S1,f_mapper,0.03,13,6950bef979837cbe5a152ccfaca96d55cf83ab99d69dfc9894e64857a7769d6e,36a20d8ce0bc8993b84df6dc8157d708845e08aa37c52972bcf565baf9ac47ae,retrospective_axis2_derivation
INDEX__N1_C_RETRO__M6A__unit_circle_S1__N1000__conventional__sigma_0.03__rep14,M6A__unit_circle_S1__N1000__conventional__sigma_0.03__rep14,,HISTORICAL_AXIS1__M6A__unit_circle_S1__N1000__conventional__sigma_0.03__rep14,AXIS2__N1_C_RETRO__M6A__unit_circle_S1__N1000__conventional__sigma_0.03__rep14,unit_circle_S1,conventional,0.03,14,6950bef979837cbe5a152ccfaca96d55cf83ab99d69dfc9894e64857a7769d6e,3806a51242389b0852b637699075821d0d62f7346de1b710a638ecbcfce9b0d2,retrospective_axis2_derivation
INDEX__N1_C_RETRO__M6A__unit_circle_S1__N1000__f_mapper__sigma_0.03__rep14,M6A__unit_circle_S1__N1000__f_mapper__sigma_0.03__rep14,,HISTORICAL_AXIS1__M6A__unit_circle_S1__N1000__f_mapper__sigma_0.03__rep14,AXIS2__N1_C_RETRO__M6A__unit_circle_S1__N1000__f_mapper__sigma_0.03__rep14,unit_circle_S1,f_mapper,0.03,14,6950bef979837cbe5a152ccfaca96d55cf83ab99d69dfc9894e64857a7769d6e,3806a51242389b0852b637699075821d0d62f7346de1b710a638ecbcfce9b0d2,retrospective_axis2_derivation
INDEX__N1_C_RETRO__M6A__unit_circle_S1__N1000__conventional__sigma_0.03__rep15,M6A__unit_circle_S1__N1000__conventional__sigma_0.03__rep15,,HISTORICAL_AXIS1__M6A__unit_circle_S1__N1000__conventional__sigma_0.03__rep15,AXIS2__N1_C_RETRO__M6A__unit_circle_S1__N1000__conventional__sigma_0.03__rep15,unit_circle_S1,conventional,0.03,15,6950bef979837cbe5a152ccfaca96d55cf83ab99d69dfc9894e64857a7769d6e,b24bd4efcfb43fc8f8becfd8151e8de9a12607eb63ef693ea340966e2dba7957,retrospective_axis2_derivation
INDEX__N1_C_RETRO__M6A__unit_circle_S1__N1000__f_mapper__sigma_0.03__rep15,M6A__unit_circle_S1__N1000__f_mapper__sigma_0.03__rep15,,HISTORICAL_AXIS1__M6A__unit_circle_S1__N1000__f_mapper__sigma_0.03__rep15,AXIS2__N1_C_RETRO__M6A__unit_circle_S1__N1000__f_mapper__sigma_0.03__rep15,unit_circle_S1,f_mapper,0.03,15,6950bef979837cbe5a152ccfaca96d55cf83ab99d69dfc9894e64857a7769d6e,b24bd4efcfb43fc8f8becfd8151e8de9a12607eb63ef693ea340966e2dba7957,retrospective_axis2_derivation
INDEX__N1_C_RETRO__M6A__unit_circle_S1__N1000__conventional__sigma_0.03__rep16,M6A__unit_circle_S1__N1000__conventional__sigma_0.03__rep16,,HISTORICAL_AXIS1__M6A__unit_circle_S1__N1000__conventional__sigma_0.03__rep16,AXIS2__N1_C_RETRO__M6A__unit_circle_S1__N1000__conventional__sigma_0.03__rep16,unit_circle_S1,conventional,0.03,16,6950bef979837cbe5a152ccfaca96d55cf83ab99d69dfc9894e64857a7769d6e,e19af1b27a243b3493fab670317b87a9adafe771c650a82f6e28a3f5945ddafa,retrospective_axis2_derivation
INDEX__N1_C_RETRO__M6A__unit_circle_S1__N1000__f_mapper__sigma_0.03__rep16,M6A__unit_circle_S1__N1000__f_mapper__sigma_0.03__rep16,,HISTORICAL_AXIS1__M6A__unit_circle_S1__N1000__f_mapper__sigma_0.03__rep16,AXIS2__N1_C_RETRO__M6A__unit_circle_S1__N1000__f_mapper__sigma_0.03__rep16,unit_circle_S1,f_mapper,0.03,16,6950bef979837cbe5a152ccfaca96d55cf83ab99d69dfc9894e64857a7769d6e,e19af1b27a243b3493fab670317b87a9adafe771c650a82f6e28a3f5945ddafa,retrospective_axis2_derivation
INDEX__N1_C_RETRO__M6A__unit_circle_S1__N1000__conventional__sigma_0.03__rep17,M6A__unit_circle_S1__N1000__conventional__sigma_0.03__rep17,,HISTORICAL_AXIS1__M6A__unit_circle_S1__N1000__conventional__sigma_0.03__rep17,AXIS2__N1_C_RETRO__M6A__unit_circle_S1__N1000__conventional__sigma_0.03__rep17,unit_circle_S1,conventional,0.03,17,6950bef979837cbe5a152ccfaca96d55cf83ab99d69dfc9894e64857a7769d6e,112cf61b070b55493ad90bc49703e4da921cb19d14d853dca3c52a472e358389,retrospective_axis2_derivation
INDEX__N1_C_RETRO__M6A__unit_circle_S1__N1000__f_mapper__sigma_0.03__rep17,M6A__unit_circle_S1__N1000__f_mapper__sigma_0.03__rep17,,HISTORICAL_AXIS1__M6A__unit_circle_S1__N1000__f_mapper__sigma_0.03__rep17,AXIS2__N1_C_RETRO__M6A__unit_circle_S1__N1000__f_mapper__sigma_0.03__rep17,unit_circle_S1,f_mapper,0.03,17,6950bef979837cbe5a152ccfaca96d55cf83ab99d69dfc9894e64857a7769d6e,112cf61b070b55493ad90bc49703e4da921cb19d14d853dca3c52a472e358389,retrospective_axis2_derivation
INDEX__N1_C_RETRO__M6A__unit_circle_S1__N1000__conventional__sigma_0.03__rep18,M6A__unit_circle_S1__N1000__conventional__sigma_0.03__rep18,,HISTORICAL_AXIS1__M6A__unit_circle_S1__N1000__conventional__sigma_0.03__rep18,AXIS2__N1_C_RETRO__M6A__unit_circle_S1__N1000__conventional__sigma_0.03__rep18,unit_circle_S1,conventional,0.03,18,6950bef979837cbe5a152ccfaca96d55cf83ab99d69dfc9894e64857a7769d6e,2577da6ca23ac0cecc7ed34555e3b81989bbdb80ada70f2d04f543a0d9ff1606,retrospective_axis2_derivation
INDEX__N1_C_RETRO__M6A__unit_circle_S1__N1000__f_mapper__sigma_0.03__rep18,M6A__unit_circle_S1__N1000__f_mapper__sigma_0.03__rep18,,HISTORICAL_AXIS1__M6A__unit_circle_S1__N1000__f_mapper__sigma_0.03__rep18,AXIS2__N1_C_RETRO__M6A__unit_circle_S1__N1000__f_mapper__sigma_0.03__rep18,unit_circle_S1,f_mapper,0.03,18,6950bef979837cbe5a152ccfaca96d55cf83ab99d69dfc9894e64857a7769d6e,2577da6ca23ac0cecc7ed34555e3b81989bbdb80ada70f2d04f543a0d9ff1606,retrospective_axis2_derivation
INDEX__N1_C_RETRO__M6A__unit_circle_S1__N1000__conventional__sigma_0.03__rep19,M6A__unit_circle_S1__N1000__conventional__sigma_0.03__rep19,,HISTORICAL_AXIS1__M6A__unit_circle_S1__N1000__conventional__sigma_0.03__rep19,AXIS2__N1_C_RETRO__M6A__unit_circle_S1__N1000__conventional__sigma_0.03__rep19,unit_circle_S1,conventional,0.03,19,6950bef979837cbe5a152ccfaca96d55cf83ab99d69dfc9894e64857a7769d6e,29109a1f986a4afa5fd21f45e68bff358f4bff969cbd6d14725d4144b7b3cc98,retrospective_axis2_derivation
INDEX__N1_C_RETRO__M6A__unit_circle_S1__N1000__f_mapper__sigma_0.03__rep19,M6A__unit_circle_S1__N1000__f_mapper__sigma_0.03__rep19,,HISTORICAL_AXIS1__M6A__unit_circle_S1__N1000__f_mapper__sigma_0.03__rep19,AXIS2__N1_C_RETRO__M6A__unit_circle_S1__N1000__f_mapper__sigma_0.03__rep19,unit_circle_S1,f_mapper,0.03,19,6950bef979837cbe5a152ccfaca96d55cf83ab99d69dfc9894e64857a7769d6e,29109a1f986a4afa5fd21f45e68bff358f4bff969cbd6d14725d4144b7b3cc98,retrospective_axis2_derivation
INDEX__N1_C_RETRO__M6A__unit_circle_S1__N1000__conventional__sigma_0.03__rep20,M6A__unit_circle_S1__N1000__conventional__sigma_0.03__rep20,,HISTORICAL_AXIS1__M6A__unit_circle_S1__N1000__conventional__sigma_0.03__rep20,AXIS2__N1_C_RETRO__M6A__unit_circle_S1__N1000__conventional__sigma_0.03__rep20,unit_circle_S1,conventional,0.03,20,6950bef979837cbe5a152ccfaca96d55cf83ab99d69dfc9894e64857a7769d6e,d4f65dba2c32d1090194054e6553f5556943a35a6cb205547389db6b309d7675,retrospective_axis2_derivation
INDEX__N1_C_RETRO__M6A__unit_circle_S1__N1000__f_mapper__sigma_0.03__rep20,M6A__unit_circle_S1__N1000__f_mapper__sigma_0.03__rep20,,HISTORICAL_AXIS1__M6A__unit_circle_S1__N1000__f_mapper__sigma_0.03__rep20,AXIS2__N1_C_RETRO__M6A__unit_circle_S1__N1000__f_mapper__sigma_0.03__rep20,unit_circle_S1,f_mapper,0.03,20,6950bef979837cbe5a152ccfaca96d55cf83ab99d69dfc9894e64857a7769d6e,d4f65dba2c32d1090194054e6553f5556943a35a6cb205547389db6b309d7675,retrospective_axis2_derivation
INDEX__N1_C_RETRO__M6A__unit_circle_S1__N1000__conventional__sigma_0.03__rep21,M6A__unit_circle_S1__N1000__conventional__sigma_0.03__rep21,,HISTORICAL_AXIS1__M6A__unit_circle_S1__N1000__conventional__sigma_0.03__rep21,AXIS2__N1_C_RETRO__M6A__unit_circle_S1__N1000__conventional__sigma_0.03__rep21,unit_circle_S1,conventional,0.03,21,6950bef979837cbe5a152ccfaca96d55cf83ab99d69dfc9894e64857a7769d6e,28b8425e04e03e8137c15dc146bb464e0e1643fed21ffd77f96434d822686c40,retrospective_axis2_derivation
INDEX__N1_C_RETRO__M6A__unit_circle_S1__N1000__f_mapper__sigma_0.03__rep21,M6A__unit_circle_S1__N1000__f_mapper__sigma_0.03__rep21,,HISTORICAL_AXIS1__M6A__unit_circle_S1__N1000__f_mapper__sigma_0.03__rep21,AXIS2__N1_C_RETRO__M6A__unit_circle_S1__N1000__f_mapper__sigma_0.03__rep21,unit_circle_S1,f_mapper,0.03,21,6950bef979837cbe5a152ccfaca96d55cf83ab99d69dfc9894e64857a7769d6e,28b8425e04e03e8137c15dc146bb464e0e1643fed21ffd77f96434d822686c40,retrospective_axis2_derivation
INDEX__N1_C_RETRO__M6A__unit_circle_S1__N1000__conventional__sigma_0.03__rep22,M6A__unit_circle_S1__N1000__conventional__sigma_0.03__rep22,,HISTORICAL_AXIS1__M6A__unit_circle_S1__N1000__conventional__sigma_0.03__rep22,AXIS2__N1_C_RETRO__M6A__unit_circle_S1__N1000__conventional__sigma_0.03__rep22,unit_circle_S1,conventional,0.03,22,6950bef979837cbe5a152ccfaca96d55cf83ab99d69dfc9894e64857a7769d6e,db400141d075df24b9a9212bdefddd5702a23c52800b30a027b765fe9a15b524,retrospective_axis2_derivation
INDEX__N1_C_RETRO__M6A__unit_circle_S1__N1000__f_mapper__sigma_0.03__rep22,M6A__unit_circle_S1__N1000__f_mapper__sigma_0.03__rep22,,HISTORICAL_AXIS1__M6A__unit_circle_S1__N1000__f_mapper__sigma_0.03__rep22,AXIS2__N1_C_RETRO__M6A__unit_circle_S1__N1000__f_mapper__sigma_0.03__rep22,unit_circle_S1,f_mapper,0.03,22,6950bef979837cbe5a152ccfaca96d55cf83ab99d69dfc9894e64857a7769d6e,db400141d075df24b9a9212bdefddd5702a23c52800b30a027b765fe9a15b524,retrospective_axis2_derivation
INDEX__N1_C_RETRO__M6A__unit_circle_S1__N1000__conventional__sigma_0.03__rep23,M6A__unit_circle_S1__N1000__conventional__sigma_0.03__rep23,,HISTORICAL_AXIS1__M6A__unit_circle_S1__N1000__conventional__sigma_0.03__rep23,AXIS2__N1_C_RETRO__M6A__unit_circle_S1__N1000__conventional__sigma_0.03__rep23,unit_circle_S1,conventional,0.03,23,6950bef979837cbe5a152ccfaca96d55cf83ab99d69dfc9894e64857a7769d6e,e31b171817c82871d065f4833474b596f9c1214b9cc8bf9fe28535425116b880,retrospective_axis2_derivation
INDEX__N1_C_RETRO__M6A__unit_circle_S1__N1000__f_mapper__sigma_0.03__rep23,M6A__unit_circle_S1__N1000__f_mapper__sigma_0.03__rep23,,HISTORICAL_AXIS1__M6A__unit_circle_S1__N1000__f_mapper__sigma_0.03__rep23,AXIS2__N1_C_RETRO__M6A__unit_circle_S1__N1000__f_mapper__sigma_0.03__rep23,unit_circle_S1,f_mapper,0.03,23,6950bef979837cbe5a152ccfaca96d55cf83ab99d69dfc9894e64857a7769d6e,e31b171817c82871d065f4833474b596f9c1214b9cc8bf9fe28535425116b880,retrospective_axis2_derivation
INDEX__N1_C_RETRO__M6A__unit_circle_S1__N1000__conventional__sigma_0.03__rep24,M6A__unit_circle_S1__N1000__conventional__sigma_0.03__rep24,,HISTORICAL_AXIS1__M6A__unit_circle_S1__N1000__conventional__sigma_0.03__rep24,AXIS2__N1_C_RETRO__M6A__unit_circle_S1__N1000__conventional__sigma_0.03__rep24,unit_circle_S1,conventional,0.03,24,6950bef979837cbe5a152ccfaca96d55cf83ab99d69dfc9894e64857a7769d6e,17b56d7f1dca43901dc212878caf19473eee75cd099b3b9fae3f03ca167e4925,retrospective_axis2_derivation
INDEX__N1_C_RETRO__M6A__unit_circle_S1__N1000__f_mapper__sigma_0.03__rep24,M6A__unit_circle_S1__N1000__f_mapper__sigma_0.03__rep24,,HISTORICAL_AXIS1__M6A__unit_circle_S1__N1000__f_mapper__sigma_0.03__rep24,AXIS2__N1_C_RETRO__M6A__unit_circle_S1__N1000__f_mapper__sigma_0.03__rep24,unit_circle_S1,f_mapper,0.03,24,6950bef979837cbe5a152ccfaca96d55cf83ab99d69dfc9894e64857a7769d6e,17b56d7f1dca43901dc212878caf19473eee75cd099b3b9fae3f03ca167e4925,retrospective_axis2_derivation
INDEX__N1_C_RETRO__M6A__unit_circle_S1__N1000__conventional__sigma_0.03__rep25,M6A__unit_circle_S1__N1000__conventional__sigma_0.03__rep25,,HISTORICAL_AXIS1__M6A__unit_circle_S1__N1000__conventional__sigma_0.03__rep25,AXIS2__N1_C_RETRO__M6A__unit_circle_S1__N1000__conventional__sigma_0.03__rep25,unit_circle_S1,conventional,0.03,25,6950bef979837cbe5a152ccfaca96d55cf83ab99d69dfc9894e64857a7769d6e,ade04f414c38b45de98e0dcef42d53c2b696d827408492da73697b0a03d06f07,retrospective_axis2_derivation
INDEX__N1_C_RETRO__M6A__unit_circle_S1__N1000__f_mapper__sigma_0.03__rep25,M6A__unit_circle_S1__N1000__f_mapper__sigma_0.03__rep25,,HISTORICAL_AXIS1__M6A__unit_circle_S1__N1000__f_mapper__sigma_0.03__rep25,AXIS2__N1_C_RETRO__M6A__unit_circle_S1__N1000__f_mapper__sigma_0.03__rep25,unit_circle_S1,f_mapper,0.03,25,6950bef979837cbe5a152ccfaca96d55cf83ab99d69dfc9894e64857a7769d6e,ade04f414c38b45de98e0dcef42d53c2b696d827408492da73697b0a03d06f07,retrospective_axis2_derivation
INDEX__N1_C_RETRO__M6A__unit_circle_S1__N1000__conventional__sigma_0.03__rep26,M6A__unit_circle_S1__N1000__conventional__sigma_0.03__rep26,,HISTORICAL_AXIS1__M6A__unit_circle_S1__N1000__conventional__sigma_0.03__rep26,AXIS2__N1_C_RETRO__M6A__unit_circle_S1__N1000__conventional__sigma_0.03__rep26,unit_circle_S1,conventional,0.03,26,6950bef979837cbe5a152ccfaca96d55cf83ab99d69dfc9894e64857a7769d6e,392617131ca7fa66ed9712c45cf608dd7e34775b0e037620424b4419732d8de6,retrospective_axis2_derivation
INDEX__N1_C_RETRO__M6A__unit_circle_S1__N1000__f_mapper__sigma_0.03__rep26,M6A__unit_circle_S1__N1000__f_mapper__sigma_0.03__rep26,,HISTORICAL_AXIS1__M6A__unit_circle_S1__N1000__f_mapper__sigma_0.03__rep26,AXIS2__N1_C_RETRO__M6A__unit_circle_S1__N1000__f_mapper__sigma_0.03__rep26,unit_circle_S1,f_mapper,0.03,26,6950bef979837cbe5a152ccfaca96d55cf83ab99d69dfc9894e64857a7769d6e,392617131ca7fa66ed9712c45cf608dd7e34775b0e037620424b4419732d8de6,retrospective_axis2_derivation
INDEX__N1_C_RETRO__M6A__unit_circle_S1__N1000__conventional__sigma_0.03__rep27,M6A__unit_circle_S1__N1000__conventional__sigma_0.03__rep27,,HISTORICAL_AXIS1__M6A__unit_circle_S1__N1000__conventional__sigma_0.03__rep27,AXIS2__N1_C_RETRO__M6A__unit_circle_S1__N1000__conventional__sigma_0.03__rep27,unit_circle_S1,conventional,0.03,27,6950bef979837cbe5a152ccfaca96d55cf83ab99d69dfc9894e64857a7769d6e,d3371254e13f7a335c6cbb275d1f86a1650608f282712fd20ae659af29ec80b4,retrospective_axis2_derivation
INDEX__N1_C_RETRO__M6A__unit_circle_S1__N1000__f_mapper__sigma_0.03__rep27,M6A__unit_circle_S1__N1000__f_mapper__sigma_0.03__rep27,,HISTORICAL_AXIS1__M6A__unit_circle_S1__N1000__f_mapper__sigma_0.03__rep27,AXIS2__N1_C_RETRO__M6A__unit_circle_S1__N1000__f_mapper__sigma_0.03__rep27,unit_circle_S1,f_mapper,0.03,27,6950bef979837cbe5a152ccfaca96d55cf83ab99d69dfc9894e64857a7769d6e,d3371254e13f7a335c6cbb275d1f86a1650608f282712fd20ae659af29ec80b4,retrospective_axis2_derivation
INDEX__N1_C_RETRO__M6A__unit_circle_S1__N1000__conventional__sigma_0.03__rep28,M6A__unit_circle_S1__N1000__conventional__sigma_0.03__rep28,,HISTORICAL_AXIS1__M6A__unit_circle_S1__N1000__conventional__sigma_0.03__rep28,AXIS2__N1_C_RETRO__M6A__unit_circle_S1__N1000__conventional__sigma_0.03__rep28,unit_circle_S1,conventional,0.03,28,6950bef979837cbe5a152ccfaca96d55cf83ab99d69dfc9894e64857a7769d6e,17313c3a2ceeab7727151fa6c7d5d08f7cc208b3a7e661d5420873ba0433150c,retrospective_axis2_derivation
INDEX__N1_C_RETRO__M6A__unit_circle_S1__N1000__f_mapper__sigma_0.03__rep28,M6A__unit_circle_S1__N1000__f_mapper__sigma_0.03__rep28,,HISTORICAL_AXIS1__M6A__unit_circle_S1__N1000__f_mapper__sigma_0.03__rep28,AXIS2__N1_C_RETRO__M6A__unit_circle_S1__N1000__f_mapper__sigma_0.03__rep28,unit_circle_S1,f_mapper,0.03,28,6950bef979837cbe5a152ccfaca96d55cf83ab99d69dfc9894e64857a7769d6e,17313c3a2ceeab7727151fa6c7d5d08f7cc208b3a7e661d5420873ba0433150c,retrospective_axis2_derivation
INDEX__N1_C_RETRO__M6A__unit_circle_S1__N1000__conventional__sigma_0.03__rep29,M6A__unit_circle_S1__N1000__conventional__sigma_0.03__rep29,,HISTORICAL_AXIS1__M6A__unit_circle_S1__N1000__conventional__sigma_0.03__rep29,AXIS2__N1_C_RETRO__M6A__unit_circle_S1__N1000__conventional__sigma_0.03__rep29,unit_circle_S1,conventional,0.03,29,6950bef979837cbe5a152ccfaca96d55cf83ab99d69dfc9894e64857a7769d6e,cf441c821403c988afcf6afe973b9d0aaf6572bd03e0d4ef124140350bc1ac70,retrospective_axis2_derivation
INDEX__N1_C_RETRO__M6A__unit_circle_S1__N1000__f_mapper__sigma_0.03__rep29,M6A__unit_circle_S1__N1000__f_mapper__sigma_0.03__rep29,,HISTORICAL_AXIS1__M6A__unit_circle_S1__N1000__f_mapper__sigma_0.03__rep29,AXIS2__N1_C_RETRO__M6A__unit_circle_S1__N1000__f_mapper__sigma_0.03__rep29,unit_circle_S1,f_mapper,0.03,29,6950bef979837cbe5a152ccfaca96d55cf83ab99d69dfc9894e64857a7769d6e,cf441c821403c988afcf6afe973b9d0aaf6572bd03e0d4ef124140350bc1ac70,retrospective_axis2_derivation
INDEX__N1_C_RETRO__M6A__unit_circle_S1__N1000__conventional__sigma_0.03__rep30,M6A__unit_circle_S1__N1000__conventional__sigma_0.03__rep30,,HISTORICAL_AXIS1__M6A__unit_circle_S1__N1000__conventional__sigma_0.03__rep30,AXIS2__N1_C_RETRO__M6A__unit_circle_S1__N1000__conventional__sigma_0.03__rep30,unit_circle_S1,conventional,0.03,30,6950bef979837cbe5a152ccfaca96d55cf83ab99d69dfc9894e64857a7769d6e,d04415ab69e91f1771990eca18ec5c7f3a7c04f52810fcec32037c802ff26ea4,retrospective_axis2_derivation
INDEX__N1_C_RETRO__M6A__unit_circle_S1__N1000__f_mapper__sigma_0.03__rep30,M6A__unit_circle_S1__N1000__f_mapper__sigma_0.03__rep30,,HISTORICAL_AXIS1__M6A__unit_circle_S1__N1000__f_mapper__sigma_0.03__rep30,AXIS2__N1_C_RETRO__M6A__unit_circle_S1__N1000__f_mapper__sigma_0.03__rep30,unit_circle_S1,f_mapper,0.03,30,6950bef979837cbe5a152ccfaca96d55cf83ab99d69dfc9894e64857a7769d6e,d04415ab69e91f1771990eca18ec5c7f3a7c04f52810fcec32037c802ff26ea4,retrospective_axis2_derivation
INDEX__N1_C_RETRO__M6A__unit_circle_S1__N1000__conventional__sigma_0.05__rep01,M6A__unit_circle_S1__N1000__conventional__sigma_0.05__rep01,,HISTORICAL_AXIS1__M6A__unit_circle_S1__N1000__conventional__sigma_0.05__rep01,AXIS2__N1_C_RETRO__M6A__unit_circle_S1__N1000__conventional__sigma_0.05__rep01,unit_circle_S1,conventional,0.05,1,6950bef979837cbe5a152ccfaca96d55cf83ab99d69dfc9894e64857a7769d6e,ab4299966613f1541d327f7bec2a2f2b8e7e897b0d137019e95ffbba8678b08a,retrospective_axis2_derivation
INDEX__N1_C_RETRO__M6A__unit_circle_S1__N1000__f_mapper__sigma_0.05__rep01,M6A__unit_circle_S1__N1000__f_mapper__sigma_0.05__rep01,,HISTORICAL_AXIS1__M6A__unit_circle_S1__N1000__f_mapper__sigma_0.05__rep01,AXIS2__N1_C_RETRO__M6A__unit_circle_S1__N1000__f_mapper__sigma_0.05__rep01,unit_circle_S1,f_mapper,0.05,1,6950bef979837cbe5a152ccfaca96d55cf83ab99d69dfc9894e64857a7769d6e,ab4299966613f1541d327f7bec2a2f2b8e7e897b0d137019e95ffbba8678b08a,retrospective_axis2_derivation
INDEX__N1_C_RETRO__M6A__unit_circle_S1__N1000__conventional__sigma_0.05__rep02,M6A__unit_circle_S1__N1000__conventional__sigma_0.05__rep02,,HISTORICAL_AXIS1__M6A__unit_circle_S1__N1000__conventional__sigma_0.05__rep02,AXIS2__N1_C_RETRO__M6A__unit_circle_S1__N1000__conventional__sigma_0.05__rep02,unit_circle_S1,conventional,0.05,2,6950bef979837cbe5a152ccfaca96d55cf83ab99d69dfc9894e64857a7769d6e,64b818013a9573900e81695852d360b0b0efc99b809484217e6ffc22075a3d0a,retrospective_axis2_derivation
INDEX__N1_C_RETRO__M6A__unit_circle_S1__N1000__f_mapper__sigma_0.05__rep02,M6A__unit_circle_S1__N1000__f_mapper__sigma_0.05__rep02,,HISTORICAL_AXIS1__M6A__unit_circle_S1__N1000__f_mapper__sigma_0.05__rep02,AXIS2__N1_C_RETRO__M6A__unit_circle_S1__N1000__f_mapper__sigma_0.05__rep02,unit_circle_S1,f_mapper,0.05,2,6950bef979837cbe5a152ccfaca96d55cf83ab99d69dfc9894e64857a7769d6e,64b818013a9573900e81695852d360b0b0efc99b809484217e6ffc22075a3d0a,retrospective_axis2_derivation
INDEX__N1_C_RETRO__M6A__unit_circle_S1__N1000__conventional__sigma_0.05__rep03,M6A__unit_circle_S1__N1000__conventional__sigma_0.05__rep03,,HISTORICAL_AXIS1__M6A__unit_circle_S1__N1000__conventional__sigma_0.05__rep03,AXIS2__N1_C_RETRO__M6A__unit_circle_S1__N1000__conventional__sigma_0.05__rep03,unit_circle_S1,conventional,0.05,3,6950bef979837cbe5a152ccfaca96d55cf83ab99d69dfc9894e64857a7769d6e,09c69b8be69c7917e84af327bf11c73c4540746d1a2b198dc8b3599ad78ea14d,retrospective_axis2_derivation
INDEX__N1_C_RETRO__M6A__unit_circle_S1__N1000__f_mapper__sigma_0.05__rep03,M6A__unit_circle_S1__N1000__f_mapper__sigma_0.05__rep03,,HISTORICAL_AXIS1__M6A__unit_circle_S1__N1000__f_mapper__sigma_0.05__rep03,AXIS2__N1_C_RETRO__M6A__unit_circle_S1__N1000__f_mapper__sigma_0.05__rep03,unit_circle_S1,f_mapper,0.05,3,6950bef979837cbe5a152ccfaca96d55cf83ab99d69dfc9894e64857a7769d6e,09c69b8be69c7917e84af327bf11c73c4540746d1a2b198dc8b3599ad78ea14d,retrospective_axis2_derivation
INDEX__N1_C_RETRO__M6A__unit_circle_S1__N1000__conventional__sigma_0.05__rep04,M6A__unit_circle_S1__N1000__conventional__sigma_0.05__rep04,,HISTORICAL_AXIS1__M6A__unit_circle_S1__N1000__conventional__sigma_0.05__rep04,AXIS2__N1_C_RETRO__M6A__unit_circle_S1__N1000__conventional__sigma_0.05__rep04,unit_circle_S1,conventional,0.05,4,6950bef979837cbe5a152ccfaca96d55cf83ab99d69dfc9894e64857a7769d6e,66bdbed1e7c474fc63511824b31c10dd50e1a5ed3c17d5864bb3b2f9e1e925c2,retrospective_axis2_derivation
INDEX__N1_C_RETRO__M6A__unit_circle_S1__N1000__f_mapper__sigma_0.05__rep04,M6A__unit_circle_S1__N1000__f_mapper__sigma_0.05__rep04,,HISTORICAL_AXIS1__M6A__unit_circle_S1__N1000__f_mapper__sigma_0.05__rep04,AXIS2__N1_C_RETRO__M6A__unit_circle_S1__N1000__f_mapper__sigma_0.05__rep04,unit_circle_S1,f_mapper,0.05,4,6950bef979837cbe5a152ccfaca96d55cf83ab99d69dfc9894e64857a7769d6e,66bdbed1e7c474fc63511824b31c10dd50e1a5ed3c17d5864bb3b2f9e1e925c2,retrospective_axis2_derivation
INDEX__N1_C_RETRO__M6A__unit_circle_S1__N1000__conventional__sigma_0.05__rep05,M6A__unit_circle_S1__N1000__conventional__sigma_0.05__rep05,,HISTORICAL_AXIS1__M6A__unit_circle_S1__N1000__conventional__sigma_0.05__rep05,AXIS2__N1_C_RETRO__M6A__unit_circle_S1__N1000__conventional__sigma_0.05__rep05,unit_circle_S1,conventional,0.05,5,6950bef979837cbe5a152ccfaca96d55cf83ab99d69dfc9894e64857a7769d6e,dd32add8b6e265265184553ff7715d2c82a78f29b684829ae62b7d8fa81556a6,retrospective_axis2_derivation
INDEX__N1_C_RETRO__M6A__unit_circle_S1__N1000__f_mapper__sigma_0.05__rep05,M6A__unit_circle_S1__N1000__f_mapper__sigma_0.05__rep05,,HISTORICAL_AXIS1__M6A__unit_circle_S1__N1000__f_mapper__sigma_0.05__rep05,AXIS2__N1_C_RETRO__M6A__unit_circle_S1__N1000__f_mapper__sigma_0.05__rep05,unit_circle_S1,f_mapper,0.05,5,6950bef979837cbe5a152ccfaca96d55cf83ab99d69dfc9894e64857a7769d6e,dd32add8b6e265265184553ff7715d2c82a78f29b684829ae62b7d8fa81556a6,retrospective_axis2_derivation
INDEX__N1_C_RETRO__M6A__unit_circle_S1__N1000__conventional__sigma_0.05__rep06,M6A__unit_circle_S1__N1000__conventional__sigma_0.05__rep06,,HISTORICAL_AXIS1__M6A__unit_circle_S1__N1000__conventional__sigma_0.05__rep06,AXIS2__N1_C_RETRO__M6A__unit_circle_S1__N1000__conventional__sigma_0.05__rep06,unit_circle_S1,conventional,0.05,6,6950bef979837cbe5a152ccfaca96d55cf83ab99d69dfc9894e64857a7769d6e,a22aeeff222f6366fca3f1b2f094ae51a6901747a43446dc307f65e6e6030f76,retrospective_axis2_derivation
INDEX__N1_C_RETRO__M6A__unit_circle_S1__N1000__f_mapper__sigma_0.05__rep06,M6A__unit_circle_S1__N1000__f_mapper__sigma_0.05__rep06,,HISTORICAL_AXIS1__M6A__unit_circle_S1__N1000__f_mapper__sigma_0.05__rep06,AXIS2__N1_C_RETRO__M6A__unit_circle_S1__N1000__f_mapper__sigma_0.05__rep06,unit_circle_S1,f_mapper,0.05,6,6950bef979837cbe5a152ccfaca96d55cf83ab99d69dfc9894e64857a7769d6e,a22aeeff222f6366fca3f1b2f094ae51a6901747a43446dc307f65e6e6030f76,retrospective_axis2_derivation
INDEX__N1_C_RETRO__M6A__unit_circle_S1__N1000__conventional__sigma_0.05__rep07,M6A__unit_circle_S1__N1000__conventional__sigma_0.05__rep07,,HISTORICAL_AXIS1__M6A__unit_circle_S1__N1000__conventional__sigma_0.05__rep07,AXIS2__N1_C_RETRO__M6A__unit_circle_S1__N1000__conventional__sigma_0.05__rep07,unit_circle_S1,conventional,0.05,7,6950bef979837cbe5a152ccfaca96d55cf83ab99d69dfc9894e64857a7769d6e,bec1683d3e49a9ddb1e7fcfd6a49c3c031931c7865cfc99a8e17f50cb2fdd610,retrospective_axis2_derivation
INDEX__N1_C_RETRO__M6A__unit_circle_S1__N1000__f_mapper__sigma_0.05__rep07,M6A__unit_circle_S1__N1000__f_mapper__sigma_0.05__rep07,,HISTORICAL_AXIS1__M6A__unit_circle_S1__N1000__f_mapper__sigma_0.05__rep07,AXIS2__N1_C_RETRO__M6A__unit_circle_S1__N1000__f_mapper__sigma_0.05__rep07,unit_circle_S1,f_mapper,0.05,7,6950bef979837cbe5a152ccfaca96d55cf83ab99d69dfc9894e64857a7769d6e,bec1683d3e49a9ddb1e7fcfd6a49c3c031931c7865cfc99a8e17f50cb2fdd610,retrospective_axis2_derivation
INDEX__N1_C_RETRO__M6A__unit_circle_S1__N1000__conventional__sigma_0.05__rep08,M6A__unit_circle_S1__N1000__conventional__sigma_0.05__rep08,,HISTORICAL_AXIS1__M6A__unit_circle_S1__N1000__conventional__sigma_0.05__rep08,AXIS2__N1_C_RETRO__M6A__unit_circle_S1__N1000__conventional__sigma_0.05__rep08,unit_circle_S1,conventional,0.05,8,6950bef979837cbe5a152ccfaca96d55cf83ab99d69dfc9894e64857a7769d6e,42d976fe1a189ae94681e0fcebb03cdbe7a6010b31e0d60e97b4ec204ceb0d78,retrospective_axis2_derivation
INDEX__N1_C_RETRO__M6A__unit_circle_S1__N1000__f_mapper__sigma_0.05__rep08,M6A__unit_circle_S1__N1000__f_mapper__sigma_0.05__rep08,,HISTORICAL_AXIS1__M6A__unit_circle_S1__N1000__f_mapper__sigma_0.05__rep08,AXIS2__N1_C_RETRO__M6A__unit_circle_S1__N1000__f_mapper__sigma_0.05__rep08,unit_circle_S1,f_mapper,0.05,8,6950bef979837cbe5a152ccfaca96d55cf83ab99d69dfc9894e64857a7769d6e,42d976fe1a189ae94681e0fcebb03cdbe7a6010b31e0d60e97b4ec204ceb0d78,retrospective_axis2_derivation
INDEX__N1_C_RETRO__M6A__unit_circle_S1__N1000__conventional__sigma_0.05__rep09,M6A__unit_circle_S1__N1000__conventional__sigma_0.05__rep09,,HISTORICAL_AXIS1__M6A__unit_circle_S1__N1000__conventional__sigma_0.05__rep09,AXIS2__N1_C_RETRO__M6A__unit_circle_S1__N1000__conventional__sigma_0.05__rep09,unit_circle_S1,conventional,0.05,9,6950bef979837cbe5a152ccfaca96d55cf83ab99d69dfc9894e64857a7769d6e,17477ff4722c864d0acf277465406ea89a8ce92a6e474c8122b3ce0166008f65,retrospective_axis2_derivation
INDEX__N1_C_RETRO__M6A__unit_circle_S1__N1000__f_mapper__sigma_0.05__rep09,M6A__unit_circle_S1__N1000__f_mapper__sigma_0.05__rep09,,HISTORICAL_AXIS1__M6A__unit_circle_S1__N1000__f_mapper__sigma_0.05__rep09,AXIS2__N1_C_RETRO__M6A__unit_circle_S1__N1000__f_mapper__sigma_0.05__rep09,unit_circle_S1,f_mapper,0.05,9,6950bef979837cbe5a152ccfaca96d55cf83ab99d69dfc9894e64857a7769d6e,17477ff4722c864d0acf277465406ea89a8ce92a6e474c8122b3ce0166008f65,retrospective_axis2_derivation
INDEX__N1_C_RETRO__M6A__unit_circle_S1__N1000__conventional__sigma_0.05__rep10,M6A__unit_circle_S1__N1000__conventional__sigma_0.05__rep10,,HISTORICAL_AXIS1__M6A__unit_circle_S1__N1000__conventional__sigma_0.05__rep10,AXIS2__N1_C_RETRO__M6A__unit_circle_S1__N1000__conventional__sigma_0.05__rep10,unit_circle_S1,conventional,0.05,10,6950bef979837cbe5a152ccfaca96d55cf83ab99d69dfc9894e64857a7769d6e,1be4b1f5e1303f9b56590b824e25994d77dbfd6421803da580b6cf71476c83ca,retrospective_axis2_derivation
INDEX__N1_C_RETRO__M6A__unit_circle_S1__N1000__f_mapper__sigma_0.05__rep10,M6A__unit_circle_S1__N1000__f_mapper__sigma_0.05__rep10,,HISTORICAL_AXIS1__M6A__unit_circle_S1__N1000__f_mapper__sigma_0.05__rep10,AXIS2__N1_C_RETRO__M6A__unit_circle_S1__N1000__f_mapper__sigma_0.05__rep10,unit_circle_S1,f_mapper,0.05,10,6950bef979837cbe5a152ccfaca96d55cf83ab99d69dfc9894e64857a7769d6e,1be4b1f5e1303f9b56590b824e25994d77dbfd6421803da580b6cf71476c83ca,retrospective_axis2_derivation
INDEX__N1_C_RETRO__M6A__unit_circle_S1__N1000__conventional__sigma_0.05__rep11,M6A__unit_circle_S1__N1000__conventional__sigma_0.05__rep11,,HISTORICAL_AXIS1__M6A__unit_circle_S1__N1000__conventional__sigma_0.05__rep11,AXIS2__N1_C_RETRO__M6A__unit_circle_S1__N1000__conventional__sigma_0.05__rep11,unit_circle_S1,conventional,0.05,11,6950bef979837cbe5a152ccfaca96d55cf83ab99d69dfc9894e64857a7769d6e,2a6ba4763db3174d83a942cb5652c6241f30b0ed0a0fa755111511d1e91cdd8e,retrospective_axis2_derivation
INDEX__N1_C_RETRO__M6A__unit_circle_S1__N1000__f_mapper__sigma_0.05__rep11,M6A__unit_circle_S1__N1000__f_mapper__sigma_0.05__rep11,,HISTORICAL_AXIS1__M6A__unit_circle_S1__N1000__f_mapper__sigma_0.05__rep11,AXIS2__N1_C_RETRO__M6A__unit_circle_S1__N1000__f_mapper__sigma_0.05__rep11,unit_circle_S1,f_mapper,0.05,11,6950bef979837cbe5a152ccfaca96d55cf83ab99d69dfc9894e64857a7769d6e,2a6ba4763db3174d83a942cb5652c6241f30b0ed0a0fa755111511d1e91cdd8e,retrospective_axis2_derivation
INDEX__N1_C_RETRO__M6A__unit_circle_S1__N1000__conventional__sigma_0.05__rep12,M6A__unit_circle_S1__N1000__conventional__sigma_0.05__rep12,,HISTORICAL_AXIS1__M6A__unit_circle_S1__N1000__conventional__sigma_0.05__rep12,AXIS2__N1_C_RETRO__M6A__unit_circle_S1__N1000__conventional__sigma_0.05__rep12,unit_circle_S1,conventional,0.05,12,6950bef979837cbe5a152ccfaca96d55cf83ab99d69dfc9894e64857a7769d6e,9cfb838eaa5e35e31a8d135f91d0cdcb5e71ad0fa538ff8eca99131dc7af1f0f,retrospective_axis2_derivation
INDEX__N1_C_RETRO__M6A__unit_circle_S1__N1000__f_mapper__sigma_0.05__rep12,M6A__unit_circle_S1__N1000__f_mapper__sigma_0.05__rep12,,HISTORICAL_AXIS1__M6A__unit_circle_S1__N1000__f_mapper__sigma_0.05__rep12,AXIS2__N1_C_RETRO__M6A__unit_circle_S1__N1000__f_mapper__sigma_0.05__rep12,unit_circle_S1,f_mapper,0.05,12,6950bef979837cbe5a152ccfaca96d55cf83ab99d69dfc9894e64857a7769d6e,9cfb838eaa5e35e31a8d135f91d0cdcb5e71ad0fa538ff8eca99131dc7af1f0f,retrospective_axis2_derivation
INDEX__N1_C_RETRO__M6A__unit_circle_S1__N1000__conventional__sigma_0.05__rep13,M6A__unit_circle_S1__N1000__conventional__sigma_0.05__rep13,,HISTORICAL_AXIS1__M6A__unit_circle_S1__N1000__conventional__sigma_0.05__rep13,AXIS2__N1_C_RETRO__M6A__unit_circle_S1__N1000__conventional__sigma_0.05__rep13,unit_circle_S1,conventional,0.05,13,6950bef979837cbe5a152ccfaca96d55cf83ab99d69dfc9894e64857a7769d6e,3051c82797e05468e8b9a93e6f481870f1492896bc94fcf702f4eb8921675286,retrospective_axis2_derivation
INDEX__N1_C_RETRO__M6A__unit_circle_S1__N1000__f_mapper__sigma_0.05__rep13,M6A__unit_circle_S1__N1000__f_mapper__sigma_0.05__rep13,,HISTORICAL_AXIS1__M6A__unit_circle_S1__N1000__f_mapper__sigma_0.05__rep13,AXIS2__N1_C_RETRO__M6A__unit_circle_S1__N1000__f_mapper__sigma_0.05__rep13,unit_circle_S1,f_mapper,0.05,13,6950bef979837cbe5a152ccfaca96d55cf83ab99d69dfc9894e64857a7769d6e,3051c82797e05468e8b9a93e6f481870f1492896bc94fcf702f4eb8921675286,retrospective_axis2_derivation
INDEX__N1_C_RETRO__M6A__unit_circle_S1__N1000__conventional__sigma_0.05__rep14,M6A__unit_circle_S1__N1000__conventional__sigma_0.05__rep14,,HISTORICAL_AXIS1__M6A__unit_circle_S1__N1000__conventional__sigma_0.05__rep14,AXIS2__N1_C_RETRO__M6A__unit_circle_S1__N1000__conventional__sigma_0.05__rep14,unit_circle_S1,conventional,0.05,14,6950bef979837cbe5a152ccfaca96d55cf83ab99d69dfc9894e64857a7769d6e,0aa14233e9a149b59b98c322e4aa221db39d77f8f5a079beea5ebaaee126a7cc,retrospective_axis2_derivation
INDEX__N1_C_RETRO__M6A__unit_circle_S1__N1000__f_mapper__sigma_0.05__rep14,M6A__unit_circle_S1__N1000__f_mapper__sigma_0.05__rep14,,HISTORICAL_AXIS1__M6A__unit_circle_S1__N1000__f_mapper__sigma_0.05__rep14,AXIS2__N1_C_RETRO__M6A__unit_circle_S1__N1000__f_mapper__sigma_0.05__rep14,unit_circle_S1,f_mapper,0.05,14,6950bef979837cbe5a152ccfaca96d55cf83ab99d69dfc9894e64857a7769d6e,0aa14233e9a149b59b98c322e4aa221db39d77f8f5a079beea5ebaaee126a7cc,retrospective_axis2_derivation
INDEX__N1_C_RETRO__M6A__unit_circle_S1__N1000__conventional__sigma_0.05__rep15,M6A__unit_circle_S1__N1000__conventional__sigma_0.05__rep15,,HISTORICAL_AXIS1__M6A__unit_circle_S1__N1000__conventional__sigma_0.05__rep15,AXIS2__N1_C_RETRO__M6A__unit_circle_S1__N1000__conventional__sigma_0.05__rep15,unit_circle_S1,conventional,0.05,15,6950bef979837cbe5a152ccfaca96d55cf83ab99d69dfc9894e64857a7769d6e,6cbe52828fa65ceb6142e8f36a9c013bffc755de9c4d7b8f12022a35a06773a2,retrospective_axis2_derivation
INDEX__N1_C_RETRO__M6A__unit_circle_S1__N1000__f_mapper__sigma_0.05__rep15,M6A__unit_circle_S1__N1000__f_mapper__sigma_0.05__rep15,,HISTORICAL_AXIS1__M6A__unit_circle_S1__N1000__f_mapper__sigma_0.05__rep15,AXIS2__N1_C_RETRO__M6A__unit_circle_S1__N1000__f_mapper__sigma_0.05__rep15,unit_circle_S1,f_mapper,0.05,15,6950bef979837cbe5a152ccfaca96d55cf83ab99d69dfc9894e64857a7769d6e,6cbe52828fa65ceb6142e8f36a9c013bffc755de9c4d7b8f12022a35a06773a2,retrospective_axis2_derivation
INDEX__N1_C_RETRO__M6A__unit_circle_S1__N1000__conventional__sigma_0.05__rep16,M6A__unit_circle_S1__N1000__conventional__sigma_0.05__rep16,,HISTORICAL_AXIS1__M6A__unit_circle_S1__N1000__conventional__sigma_0.05__rep16,AXIS2__N1_C_RETRO__M6A__unit_circle_S1__N1000__conventional__sigma_0.05__rep16,unit_circle_S1,conventional,0.05,16,6950bef979837cbe5a152ccfaca96d55cf83ab99d69dfc9894e64857a7769d6e,7236732018962bcd68c5b6ff26bcf91c24ede6299fe015aa740182b25b740d2a,retrospective_axis2_derivation
INDEX__N1_C_RETRO__M6A__unit_circle_S1__N1000__f_mapper__sigma_0.05__rep16,M6A__unit_circle_S1__N1000__f_mapper__sigma_0.05__rep16,,HISTORICAL_AXIS1__M6A__unit_circle_S1__N1000__f_mapper__sigma_0.05__rep16,AXIS2__N1_C_RETRO__M6A__unit_circle_S1__N1000__f_mapper__sigma_0.05__rep16,unit_circle_S1,f_mapper,0.05,16,6950bef979837cbe5a152ccfaca96d55cf83ab99d69dfc9894e64857a7769d6e,7236732018962bcd68c5b6ff26bcf91c24ede6299fe015aa740182b25b740d2a,retrospective_axis2_derivation
INDEX__N1_C_RETRO__M6A__unit_circle_S1__N1000__conventional__sigma_0.05__rep17,M6A__unit_circle_S1__N1000__conventional__sigma_0.05__rep17,,HISTORICAL_AXIS1__M6A__unit_circle_S1__N1000__conventional__sigma_0.05__rep17,AXIS2__N1_C_RETRO__M6A__unit_circle_S1__N1000__conventional__sigma_0.05__rep17,unit_circle_S1,conventional,0.05,17,6950bef979837cbe5a152ccfaca96d55cf83ab99d69dfc9894e64857a7769d6e,7b14f0c0f86745d1f83260d0e198e90a7daa1f6882f91a75dbd996ca3f0bab32,retrospective_axis2_derivation
INDEX__N1_C_RETRO__M6A__unit_circle_S1__N1000__f_mapper__sigma_0.05__rep17,M6A__unit_circle_S1__N1000__f_mapper__sigma_0.05__rep17,,HISTORICAL_AXIS1__M6A__unit_circle_S1__N1000__f_mapper__sigma_0.05__rep17,AXIS2__N1_C_RETRO__M6A__unit_circle_S1__N1000__f_mapper__sigma_0.05__rep17,unit_circle_S1,f_mapper,0.05,17,6950bef979837cbe5a152ccfaca96d55cf83ab99d69dfc9894e64857a7769d6e,7b14f0c0f86745d1f83260d0e198e90a7daa1f6882f91a75dbd996ca3f0bab32,retrospective_axis2_derivation
INDEX__N1_C_RETRO__M6A__unit_circle_S1__N1000__conventional__sigma_0.05__rep18,M6A__unit_circle_S1__N1000__conventional__sigma_0.05__rep18,,HISTORICAL_AXIS1__M6A__unit_circle_S1__N1000__conventional__sigma_0.05__rep18,AXIS2__N1_C_RETRO__M6A__unit_circle_S1__N1000__conventional__sigma_0.05__rep18,unit_circle_S1,conventional,0.05,18,6950bef979837cbe5a152ccfaca96d55cf83ab99d69dfc9894e64857a7769d6e,8ca9bf773323b8debc87f3b81d917d896195ae0cc38a1d4c6992a77bf1523630,retrospective_axis2_derivation
INDEX__N1_C_RETRO__M6A__unit_circle_S1__N1000__f_mapper__sigma_0.05__rep18,M6A__unit_circle_S1__N1000__f_mapper__sigma_0.05__rep18,,HISTORICAL_AXIS1__M6A__unit_circle_S1__N1000__f_mapper__sigma_0.05__rep18,AXIS2__N1_C_RETRO__M6A__unit_circle_S1__N1000__f_mapper__sigma_0.05__rep18,unit_circle_S1,f_mapper,0.05,18,6950bef979837cbe5a152ccfaca96d55cf83ab99d69dfc9894e64857a7769d6e,8ca9bf773323b8debc87f3b81d917d896195ae0cc38a1d4c6992a77bf1523630,retrospective_axis2_derivation
INDEX__N1_C_RETRO__M6A__unit_circle_S1__N1000__conventional__sigma_0.05__rep19,M6A__unit_circle_S1__N1000__conventional__sigma_0.05__rep19,,HISTORICAL_AXIS1__M6A__unit_circle_S1__N1000__conventional__sigma_0.05__rep19,AXIS2__N1_C_RETRO__M6A__unit_circle_S1__N1000__conventional__sigma_0.05__rep19,unit_circle_S1,conventional,0.05,19,6950bef979837cbe5a152ccfaca96d55cf83ab99d69dfc9894e64857a7769d6e,e8a86d36a2d1b338a641dcf9162ddd6643824b999f808f27925f1ce7fe48435f,retrospective_axis2_derivation
INDEX__N1_C_RETRO__M6A__unit_circle_S1__N1000__f_mapper__sigma_0.05__rep19,M6A__unit_circle_S1__N1000__f_mapper__sigma_0.05__rep19,,HISTORICAL_AXIS1__M6A__unit_circle_S1__N1000__f_mapper__sigma_0.05__rep19,AXIS2__N1_C_RETRO__M6A__unit_circle_S1__N1000__f_mapper__sigma_0.05__rep19,unit_circle_S1,f_mapper,0.05,19,6950bef979837cbe5a152ccfaca96d55cf83ab99d69dfc9894e64857a7769d6e,e8a86d36a2d1b338a641dcf9162ddd6643824b999f808f27925f1ce7fe48435f,retrospective_axis2_derivation
INDEX__N1_C_RETRO__M6A__unit_circle_S1__N1000__conventional__sigma_0.05__rep20,M6A__unit_circle_S1__N1000__conventional__sigma_0.05__rep20,,HISTORICAL_AXIS1__M6A__unit_circle_S1__N1000__conventional__sigma_0.05__rep20,AXIS2__N1_C_RETRO__M6A__unit_circle_S1__N1000__conventional__sigma_0.05__rep20,unit_circle_S1,conventional,0.05,20,6950bef979837cbe5a152ccfaca96d55cf83ab99d69dfc9894e64857a7769d6e,73298a2d2f9d269bb107deac800e0195b5ae12d1ba88de9de02d03c8597040e7,retrospective_axis2_derivation
INDEX__N1_C_RETRO__M6A__unit_circle_S1__N1000__f_mapper__sigma_0.05__rep20,M6A__unit_circle_S1__N1000__f_mapper__sigma_0.05__rep20,,HISTORICAL_AXIS1__M6A__unit_circle_S1__N1000__f_mapper__sigma_0.05__rep20,AXIS2__N1_C_RETRO__M6A__unit_circle_S1__N1000__f_mapper__sigma_0.05__rep20,unit_circle_S1,f_mapper,0.05,20,6950bef979837cbe5a152ccfaca96d55cf83ab99d69dfc9894e64857a7769d6e,73298a2d2f9d269bb107deac800e0195b5ae12d1ba88de9de02d03c8597040e7,retrospective_axis2_derivation
INDEX__N1_C_RETRO__M6A__unit_circle_S1__N1000__conventional__sigma_0.05__rep21,M6A__unit_circle_S1__N1000__conventional__sigma_0.05__rep21,,HISTORICAL_AXIS1__M6A__unit_circle_S1__N1000__conventional__sigma_0.05__rep21,AXIS2__N1_C_RETRO__M6A__unit_circle_S1__N1000__conventional__sigma_0.05__rep21,unit_circle_S1,conventional,0.05,21,6950bef979837cbe5a152ccfaca96d55cf83ab99d69dfc9894e64857a7769d6e,1f5683728a8995fbec0d45af8dbce24d5675858f81f166519b4b6a04d22eca95,retrospective_axis2_derivation
INDEX__N1_C_RETRO__M6A__unit_circle_S1__N1000__f_mapper__sigma_0.05__rep21,M6A__unit_circle_S1__N1000__f_mapper__sigma_0.05__rep21,,HISTORICAL_AXIS1__M6A__unit_circle_S1__N1000__f_mapper__sigma_0.05__rep21,AXIS2__N1_C_RETRO__M6A__unit_circle_S1__N1000__f_mapper__sigma_0.05__rep21,unit_circle_S1,f_mapper,0.05,21,6950bef979837cbe5a152ccfaca96d55cf83ab99d69dfc9894e64857a7769d6e,1f5683728a8995fbec0d45af8dbce24d5675858f81f166519b4b6a04d22eca95,retrospective_axis2_derivation
INDEX__N1_C_RETRO__M6A__unit_circle_S1__N1000__conventional__sigma_0.05__rep22,M6A__unit_circle_S1__N1000__conventional__sigma_0.05__rep22,,HISTORICAL_AXIS1__M6A__unit_circle_S1__N1000__conventional__sigma_0.05__rep22,AXIS2__N1_C_RETRO__M6A__unit_circle_S1__N1000__conventional__sigma_0.05__rep22,unit_circle_S1,conventional,0.05,22,6950bef979837cbe5a152ccfaca96d55cf83ab99d69dfc9894e64857a7769d6e,fa59b391293fce456a4cbe8439e52b82d5185bf3f3e6702655034005997b9970,retrospective_axis2_derivation
INDEX__N1_C_RETRO__M6A__unit_circle_S1__N1000__f_mapper__sigma_0.05__rep22,M6A__unit_circle_S1__N1000__f_mapper__sigma_0.05__rep22,,HISTORICAL_AXIS1__M6A__unit_circle_S1__N1000__f_mapper__sigma_0.05__rep22,AXIS2__N1_C_RETRO__M6A__unit_circle_S1__N1000__f_mapper__sigma_0.05__rep22,unit_circle_S1,f_mapper,0.05,22,6950bef979837cbe5a152ccfaca96d55cf83ab99d69dfc9894e64857a7769d6e,fa59b391293fce456a4cbe8439e52b82d5185bf3f3e6702655034005997b9970,retrospective_axis2_derivation
INDEX__N1_C_RETRO__M6A__unit_circle_S1__N1000__conventional__sigma_0.05__rep23,M6A__unit_circle_S1__N1000__conventional__sigma_0.05__rep23,,HISTORICAL_AXIS1__M6A__unit_circle_S1__N1000__conventional__sigma_0.05__rep23,AXIS2__N1_C_RETRO__M6A__unit_circle_S1__N1000__conventional__sigma_0.05__rep23,unit_circle_S1,conventional,0.05,23,6950bef979837cbe5a152ccfaca96d55cf83ab99d69dfc9894e64857a7769d6e,10e39bea871b83f377bf14a7456796f94e1dd1a214014ca265ecd01f1cfcb0ea,retrospective_axis2_derivation
INDEX__N1_C_RETRO__M6A__unit_circle_S1__N1000__f_mapper__sigma_0.05__rep23,M6A__unit_circle_S1__N1000__f_mapper__sigma_0.05__rep23,,HISTORICAL_AXIS1__M6A__unit_circle_S1__N1000__f_mapper__sigma_0.05__rep23,AXIS2__N1_C_RETRO__M6A__unit_circle_S1__N1000__f_mapper__sigma_0.05__rep23,unit_circle_S1,f_mapper,0.05,23,6950bef979837cbe5a152ccfaca96d55cf83ab99d69dfc9894e64857a7769d6e,10e39bea871b83f377bf14a7456796f94e1dd1a214014ca265ecd01f1cfcb0ea,retrospective_axis2_derivation
INDEX__N1_C_RETRO__M6A__unit_circle_S1__N1000__conventional__sigma_0.05__rep24,M6A__unit_circle_S1__N1000__conventional__sigma_0.05__rep24,,HISTORICAL_AXIS1__M6A__unit_circle_S1__N1000__conventional__sigma_0.05__rep24,AXIS2__N1_C_RETRO__M6A__unit_circle_S1__N1000__conventional__sigma_0.05__rep24,unit_circle_S1,conventional,0.05,24,6950bef979837cbe5a152ccfaca96d55cf83ab99d69dfc9894e64857a7769d6e,c3727cc6c537f956c291d27fcfcfa50a0ca28fc1d2d26d0ce63bbe63e49424d8,retrospective_axis2_derivation
INDEX__N1_C_RETRO__M6A__unit_circle_S1__N1000__f_mapper__sigma_0.05__rep24,M6A__unit_circle_S1__N1000__f_mapper__sigma_0.05__rep24,,HISTORICAL_AXIS1__M6A__unit_circle_S1__N1000__f_mapper__sigma_0.05__rep24,AXIS2__N1_C_RETRO__M6A__unit_circle_S1__N1000__f_mapper__sigma_0.05__rep24,unit_circle_S1,f_mapper,0.05,24,6950bef979837cbe5a152ccfaca96d55cf83ab99d69dfc9894e64857a7769d6e,c3727cc6c537f956c291d27fcfcfa50a0ca28fc1d2d26d0ce63bbe63e49424d8,retrospective_axis2_derivation
INDEX__N1_C_RETRO__M6A__unit_circle_S1__N1000__conventional__sigma_0.05__rep25,M6A__unit_circle_S1__N1000__conventional__sigma_0.05__rep25,,HISTORICAL_AXIS1__M6A__unit_circle_S1__N1000__conventional__sigma_0.05__rep25,AXIS2__N1_C_RETRO__M6A__unit_circle_S1__N1000__conventional__sigma_0.05__rep25,unit_circle_S1,conventional,0.05,25,6950bef979837cbe5a152ccfaca96d55cf83ab99d69dfc9894e64857a7769d6e,8ab5ba2ec681763ea4e286fe57f5fc1f45c0bc6efef582eab9b056a0e985fda3,retrospective_axis2_derivation
INDEX__N1_C_RETRO__M6A__unit_circle_S1__N1000__f_mapper__sigma_0.05__rep25,M6A__unit_circle_S1__N1000__f_mapper__sigma_0.05__rep25,,HISTORICAL_AXIS1__M6A__unit_circle_S1__N1000__f_mapper__sigma_0.05__rep25,AXIS2__N1_C_RETRO__M6A__unit_circle_S1__N1000__f_mapper__sigma_0.05__rep25,unit_circle_S1,f_mapper,0.05,25,6950bef979837cbe5a152ccfaca96d55cf83ab99d69dfc9894e64857a7769d6e,8ab5ba2ec681763ea4e286fe57f5fc1f45c0bc6efef582eab9b056a0e985fda3,retrospective_axis2_derivation
INDEX__N1_C_RETRO__M6A__unit_circle_S1__N1000__conventional__sigma_0.05__rep26,M6A__unit_circle_S1__N1000__conventional__sigma_0.05__rep26,,HISTORICAL_AXIS1__M6A__unit_circle_S1__N1000__conventional__sigma_0.05__rep26,AXIS2__N1_C_RETRO__M6A__unit_circle_S1__N1000__conventional__sigma_0.05__rep26,unit_circle_S1,conventional,0.05,26,6950bef979837cbe5a152ccfaca96d55cf83ab99d69dfc9894e64857a7769d6e,b6f94b250a5807b0c91b5c34b340010a8932fe5d1ca4ee26d1b4cc6a9f0f6def,retrospective_axis2_derivation
INDEX__N1_C_RETRO__M6A__unit_circle_S1__N1000__f_mapper__sigma_0.05__rep26,M6A__unit_circle_S1__N1000__f_mapper__sigma_0.05__rep26,,HISTORICAL_AXIS1__M6A__unit_circle_S1__N1000__f_mapper__sigma_0.05__rep26,AXIS2__N1_C_RETRO__M6A__unit_circle_S1__N1000__f_mapper__sigma_0.05__rep26,unit_circle_S1,f_mapper,0.05,26,6950bef979837cbe5a152ccfaca96d55cf83ab99d69dfc9894e64857a7769d6e,b6f94b250a5807b0c91b5c34b340010a8932fe5d1ca4ee26d1b4cc6a9f0f6def,retrospective_axis2_derivation
INDEX__N1_C_RETRO__M6A__unit_circle_S1__N1000__conventional__sigma_0.05__rep27,M6A__unit_circle_S1__N1000__conventional__sigma_0.05__rep27,,HISTORICAL_AXIS1__M6A__unit_circle_S1__N1000__conventional__sigma_0.05__rep27,AXIS2__N1_C_RETRO__M6A__unit_circle_S1__N1000__conventional__sigma_0.05__rep27,unit_circle_S1,conventional,0.05,27,6950bef979837cbe5a152ccfaca96d55cf83ab99d69dfc9894e64857a7769d6e,1b8aa27c47545969818906b63b82df80f925f8d5d9ce962e5a68f01c5bc5213d,retrospective_axis2_derivation
INDEX__N1_C_RETRO__M6A__unit_circle_S1__N1000__f_mapper__sigma_0.05__rep27,M6A__unit_circle_S1__N1000__f_mapper__sigma_0.05__rep27,,HISTORICAL_AXIS1__M6A__unit_circle_S1__N1000__f_mapper__sigma_0.05__rep27,AXIS2__N1_C_RETRO__M6A__unit_circle_S1__N1000__f_mapper__sigma_0.05__rep27,unit_circle_S1,f_mapper,0.05,27,6950bef979837cbe5a152ccfaca96d55cf83ab99d69dfc9894e64857a7769d6e,1b8aa27c47545969818906b63b82df80f925f8d5d9ce962e5a68f01c5bc5213d,retrospective_axis2_derivation
INDEX__N1_C_RETRO__M6A__unit_circle_S1__N1000__conventional__sigma_0.05__rep28,M6A__unit_circle_S1__N1000__conventional__sigma_0.05__rep28,,HISTORICAL_AXIS1__M6A__unit_circle_S1__N1000__conventional__sigma_0.05__rep28,AXIS2__N1_C_RETRO__M6A__unit_circle_S1__N1000__conventional__sigma_0.05__rep28,unit_circle_S1,conventional,0.05,28,6950bef979837cbe5a152ccfaca96d55cf83ab99d69dfc9894e64857a7769d6e,304740c76cee7790750df2e36fbb9124a539613c6e201bb06f0a2a69abcebdeb,retrospective_axis2_derivation
INDEX__N1_C_RETRO__M6A__unit_circle_S1__N1000__f_mapper__sigma_0.05__rep28,M6A__unit_circle_S1__N1000__f_mapper__sigma_0.05__rep28,,HISTORICAL_AXIS1__M6A__unit_circle_S1__N1000__f_mapper__sigma_0.05__rep28,AXIS2__N1_C_RETRO__M6A__unit_circle_S1__N1000__f_mapper__sigma_0.05__rep28,unit_circle_S1,f_mapper,0.05,28,6950bef979837cbe5a152ccfaca96d55cf83ab99d69dfc9894e64857a7769d6e,304740c76cee7790750df2e36fbb9124a539613c6e201bb06f0a2a69abcebdeb,retrospective_axis2_derivation
INDEX__N1_C_RETRO__M6A__unit_circle_S1__N1000__conventional__sigma_0.05__rep29,M6A__unit_circle_S1__N1000__conventional__sigma_0.05__rep29,,HISTORICAL_AXIS1__M6A__unit_circle_S1__N1000__conventional__sigma_0.05__rep29,AXIS2__N1_C_RETRO__M6A__unit_circle_S1__N1000__conventional__sigma_0.05__rep29,unit_circle_S1,conventional,0.05,29,6950bef979837cbe5a152ccfaca96d55cf83ab99d69dfc9894e64857a7769d6e,85a9d716dc029ec36b7949a28ab5e7a67c0f278918302c53cd49736aa54e12ae,retrospective_axis2_derivation
INDEX__N1_C_RETRO__M6A__unit_circle_S1__N1000__f_mapper__sigma_0.05__rep29,M6A__unit_circle_S1__N1000__f_mapper__sigma_0.05__rep29,,HISTORICAL_AXIS1__M6A__unit_circle_S1__N1000__f_mapper__sigma_0.05__rep29,AXIS2__N1_C_RETRO__M6A__unit_circle_S1__N1000__f_mapper__sigma_0.05__rep29,unit_circle_S1,f_mapper,0.05,29,6950bef979837cbe5a152ccfaca96d55cf83ab99d69dfc9894e64857a7769d6e,85a9d716dc029ec36b7949a28ab5e7a67c0f278918302c53cd49736aa54e12ae,retrospective_axis2_derivation
INDEX__N1_C_RETRO__M6A__unit_circle_S1__N1000__conventional__sigma_0.05__rep30,M6A__unit_circle_S1__N1000__conventional__sigma_0.05__rep30,,HISTORICAL_AXIS1__M6A__unit_circle_S1__N1000__conventional__sigma_0.05__rep30,AXIS2__N1_C_RETRO__M6A__unit_circle_S1__N1000__conventional__sigma_0.05__rep30,unit_circle_S1,conventional,0.05,30,6950bef979837cbe5a152ccfaca96d55cf83ab99d69dfc9894e64857a7769d6e,0613a169c5f017f9828814e24e4ce8407ba515ba7042363963d982836cae8fd0,retrospective_axis2_derivation
INDEX__N1_C_RETRO__M6A__unit_circle_S1__N1000__f_mapper__sigma_0.05__rep30,M6A__unit_circle_S1__N1000__f_mapper__sigma_0.05__rep30,,HISTORICAL_AXIS1__M6A__unit_circle_S1__N1000__f_mapper__sigma_0.05__rep30,AXIS2__N1_C_RETRO__M6A__unit_circle_S1__N1000__f_mapper__sigma_0.05__rep30,unit_circle_S1,f_mapper,0.05,30,6950bef979837cbe5a152ccfaca96d55cf83ab99d69dfc9894e64857a7769d6e,0613a169c5f017f9828814e24e4ce8407ba515ba7042363963d982836cae8fd0,retrospective_axis2_derivation
INDEX__N1_C_RETRO__M6A__unit_circle_S1__N1000__conventional__sigma_0.08__rep01,M6A__unit_circle_S1__N1000__conventional__sigma_0.08__rep01,,HISTORICAL_AXIS1__M6A__unit_circle_S1__N1000__conventional__sigma_0.08__rep01,AXIS2__N1_C_RETRO__M6A__unit_circle_S1__N1000__conventional__sigma_0.08__rep01,unit_circle_S1,conventional,0.08,1,6950bef979837cbe5a152ccfaca96d55cf83ab99d69dfc9894e64857a7769d6e,8c3c819571c1723bcb000fc737b362ef726876e1cc3b3d2f9abd34ac6bc0c5eb,retrospective_axis2_derivation
INDEX__N1_C_RETRO__M6A__unit_circle_S1__N1000__f_mapper__sigma_0.08__rep01,M6A__unit_circle_S1__N1000__f_mapper__sigma_0.08__rep01,,HISTORICAL_AXIS1__M6A__unit_circle_S1__N1000__f_mapper__sigma_0.08__rep01,AXIS2__N1_C_RETRO__M6A__unit_circle_S1__N1000__f_mapper__sigma_0.08__rep01,unit_circle_S1,f_mapper,0.08,1,6950bef979837cbe5a152ccfaca96d55cf83ab99d69dfc9894e64857a7769d6e,8c3c819571c1723bcb000fc737b362ef726876e1cc3b3d2f9abd34ac6bc0c5eb,retrospective_axis2_derivation
INDEX__N1_C_RETRO__M6A__unit_circle_S1__N1000__conventional__sigma_0.08__rep02,M6A__unit_circle_S1__N1000__conventional__sigma_0.08__rep02,,HISTORICAL_AXIS1__M6A__unit_circle_S1__N1000__conventional__sigma_0.08__rep02,AXIS2__N1_C_RETRO__M6A__unit_circle_S1__N1000__conventional__sigma_0.08__rep02,unit_circle_S1,conventional,0.08,2,6950bef979837cbe5a152ccfaca96d55cf83ab99d69dfc9894e64857a7769d6e,bab3a80d9f7b006741e8fc4a4c405372c29474f3c575fb3929c07ecadead6389,retrospective_axis2_derivation
INDEX__N1_C_RETRO__M6A__unit_circle_S1__N1000__f_mapper__sigma_0.08__rep02,M6A__unit_circle_S1__N1000__f_mapper__sigma_0.08__rep02,,HISTORICAL_AXIS1__M6A__unit_circle_S1__N1000__f_mapper__sigma_0.08__rep02,AXIS2__N1_C_RETRO__M6A__unit_circle_S1__N1000__f_mapper__sigma_0.08__rep02,unit_circle_S1,f_mapper,0.08,2,6950bef979837cbe5a152ccfaca96d55cf83ab99d69dfc9894e64857a7769d6e,bab3a80d9f7b006741e8fc4a4c405372c29474f3c575fb3929c07ecadead6389,retrospective_axis2_derivation
INDEX__N1_C_RETRO__M6A__unit_circle_S1__N1000__conventional__sigma_0.08__rep03,M6A__unit_circle_S1__N1000__conventional__sigma_0.08__rep03,,HISTORICAL_AXIS1__M6A__unit_circle_S1__N1000__conventional__sigma_0.08__rep03,AXIS2__N1_C_RETRO__M6A__unit_circle_S1__N1000__conventional__sigma_0.08__rep03,unit_circle_S1,conventional,0.08,3,6950bef979837cbe5a152ccfaca96d55cf83ab99d69dfc9894e64857a7769d6e,2b02f156f5d2258cd1a0406ab208479e7d1444173f2d4bf405efabb3d819bf72,retrospective_axis2_derivation
INDEX__N1_C_RETRO__M6A__unit_circle_S1__N1000__f_mapper__sigma_0.08__rep03,M6A__unit_circle_S1__N1000__f_mapper__sigma_0.08__rep03,,HISTORICAL_AXIS1__M6A__unit_circle_S1__N1000__f_mapper__sigma_0.08__rep03,AXIS2__N1_C_RETRO__M6A__unit_circle_S1__N1000__f_mapper__sigma_0.08__rep03,unit_circle_S1,f_mapper,0.08,3,6950bef979837cbe5a152ccfaca96d55cf83ab99d69dfc9894e64857a7769d6e,2b02f156f5d2258cd1a0406ab208479e7d1444173f2d4bf405efabb3d819bf72,retrospective_axis2_derivation
INDEX__N1_C_RETRO__M6A__unit_circle_S1__N1000__conventional__sigma_0.08__rep04,M6A__unit_circle_S1__N1000__conventional__sigma_0.08__rep04,,HISTORICAL_AXIS1__M6A__unit_circle_S1__N1000__conventional__sigma_0.08__rep04,AXIS2__N1_C_RETRO__M6A__unit_circle_S1__N1000__conventional__sigma_0.08__rep04,unit_circle_S1,conventional,0.08,4,6950bef979837cbe5a152ccfaca96d55cf83ab99d69dfc9894e64857a7769d6e,4e91beff2b3a1fe3d91a97143690fe7b2962963998cb1be8fa28d6966c16703d,retrospective_axis2_derivation
INDEX__N1_C_RETRO__M6A__unit_circle_S1__N1000__f_mapper__sigma_0.08__rep04,M6A__unit_circle_S1__N1000__f_mapper__sigma_0.08__rep04,,HISTORICAL_AXIS1__M6A__unit_circle_S1__N1000__f_mapper__sigma_0.08__rep04,AXIS2__N1_C_RETRO__M6A__unit_circle_S1__N1000__f_mapper__sigma_0.08__rep04,unit_circle_S1,f_mapper,0.08,4,6950bef979837cbe5a152ccfaca96d55cf83ab99d69dfc9894e64857a7769d6e,4e91beff2b3a1fe3d91a97143690fe7b2962963998cb1be8fa28d6966c16703d,retrospective_axis2_derivation
INDEX__N1_C_RETRO__M6A__unit_circle_S1__N1000__conventional__sigma_0.08__rep05,M6A__unit_circle_S1__N1000__conventional__sigma_0.08__rep05,,HISTORICAL_AXIS1__M6A__unit_circle_S1__N1000__conventional__sigma_0.08__rep05,AXIS2__N1_C_RETRO__M6A__unit_circle_S1__N1000__conventional__sigma_0.08__rep05,unit_circle_S1,conventional,0.08,5,6950bef979837cbe5a152ccfaca96d55cf83ab99d69dfc9894e64857a7769d6e,1a5ecca4a6cb89cd4f3c90e952e71a14adf216170161196c3b879df4c5bee839,retrospective_axis2_derivation
INDEX__N1_C_RETRO__M6A__unit_circle_S1__N1000__f_mapper__sigma_0.08__rep05,M6A__unit_circle_S1__N1000__f_mapper__sigma_0.08__rep05,,HISTORICAL_AXIS1__M6A__unit_circle_S1__N1000__f_mapper__sigma_0.08__rep05,AXIS2__N1_C_RETRO__M6A__unit_circle_S1__N1000__f_mapper__sigma_0.08__rep05,unit_circle_S1,f_mapper,0.08,5,6950bef979837cbe5a152ccfaca96d55cf83ab99d69dfc9894e64857a7769d6e,1a5ecca4a6cb89cd4f3c90e952e71a14adf216170161196c3b879df4c5bee839,retrospective_axis2_derivation
INDEX__N1_C_RETRO__M6A__unit_circle_S1__N1000__conventional__sigma_0.08__rep06,M6A__unit_circle_S1__N1000__conventional__sigma_0.08__rep06,,HISTORICAL_AXIS1__M6A__unit_circle_S1__N1000__conventional__sigma_0.08__rep06,AXIS2__N1_C_RETRO__M6A__unit_circle_S1__N1000__conventional__sigma_0.08__rep06,unit_circle_S1,conventional,0.08,6,6950bef979837cbe5a152ccfaca96d55cf83ab99d69dfc9894e64857a7769d6e,1f70be1ffb0a83c85e26bef25bece90e6bc28c90de08411de17afbbac91df26d,retrospective_axis2_derivation
INDEX__N1_C_RETRO__M6A__unit_circle_S1__N1000__f_mapper__sigma_0.08__rep06,M6A__unit_circle_S1__N1000__f_mapper__sigma_0.08__rep06,,HISTORICAL_AXIS1__M6A__unit_circle_S1__N1000__f_mapper__sigma_0.08__rep06,AXIS2__N1_C_RETRO__M6A__unit_circle_S1__N1000__f_mapper__sigma_0.08__rep06,unit_circle_S1,f_mapper,0.08,6,6950bef979837cbe5a152ccfaca96d55cf83ab99d69dfc9894e64857a7769d6e,1f70be1ffb0a83c85e26bef25bece90e6bc28c90de08411de17afbbac91df26d,retrospective_axis2_derivation
INDEX__N1_C_RETRO__M6A__unit_circle_S1__N1000__conventional__sigma_0.08__rep07,M6A__unit_circle_S1__N1000__conventional__sigma_0.08__rep07,,HISTORICAL_AXIS1__M6A__unit_circle_S1__N1000__conventional__sigma_0.08__rep07,AXIS2__N1_C_RETRO__M6A__unit_circle_S1__N1000__conventional__sigma_0.08__rep07,unit_circle_S1,conventional,0.08,7,6950bef979837cbe5a152ccfaca96d55cf83ab99d69dfc9894e64857a7769d6e,5bff0d53f4705faf73732c78be42cec89b92b648a6ede62f8cd9288805b37f5a,retrospective_axis2_derivation
INDEX__N1_C_RETRO__M6A__unit_circle_S1__N1000__f_mapper__sigma_0.08__rep07,M6A__unit_circle_S1__N1000__f_mapper__sigma_0.08__rep07,,HISTORICAL_AXIS1__M6A__unit_circle_S1__N1000__f_mapper__sigma_0.08__rep07,AXIS2__N1_C_RETRO__M6A__unit_circle_S1__N1000__f_mapper__sigma_0.08__rep07,unit_circle_S1,f_mapper,0.08,7,6950bef979837cbe5a152ccfaca96d55cf83ab99d69dfc9894e64857a7769d6e,5bff0d53f4705faf73732c78be42cec89b92b648a6ede62f8cd9288805b37f5a,retrospective_axis2_derivation
INDEX__N1_C_RETRO__M6A__unit_circle_S1__N1000__conventional__sigma_0.08__rep08,M6A__unit_circle_S1__N1000__conventional__sigma_0.08__rep08,,HISTORICAL_AXIS1__M6A__unit_circle_S1__N1000__conventional__sigma_0.08__rep08,AXIS2__N1_C_RETRO__M6A__unit_circle_S1__N1000__conventional__sigma_0.08__rep08,unit_circle_S1,conventional,0.08,8,6950bef979837cbe5a152ccfaca96d55cf83ab99d69dfc9894e64857a7769d6e,e34f9d4d262e44cb3a2089eb7f99659e8c631709386b70c4f94a7a9392f576a6,retrospective_axis2_derivation
INDEX__N1_C_RETRO__M6A__unit_circle_S1__N1000__f_mapper__sigma_0.08__rep08,M6A__unit_circle_S1__N1000__f_mapper__sigma_0.08__rep08,,HISTORICAL_AXIS1__M6A__unit_circle_S1__N1000__f_mapper__sigma_0.08__rep08,AXIS2__N1_C_RETRO__M6A__unit_circle_S1__N1000__f_mapper__sigma_0.08__rep08,unit_circle_S1,f_mapper,0.08,8,6950bef979837cbe5a152ccfaca96d55cf83ab99d69dfc9894e64857a7769d6e,e34f9d4d262e44cb3a2089eb7f99659e8c631709386b70c4f94a7a9392f576a6,retrospective_axis2_derivation
INDEX__N1_C_RETRO__M6A__unit_circle_S1__N1000__conventional__sigma_0.08__rep09,M6A__unit_circle_S1__N1000__conventional__sigma_0.08__rep09,,HISTORICAL_AXIS1__M6A__unit_circle_S1__N1000__conventional__sigma_0.08__rep09,AXIS2__N1_C_RETRO__M6A__unit_circle_S1__N1000__conventional__sigma_0.08__rep09,unit_circle_S1,conventional,0.08,9,6950bef979837cbe5a152ccfaca96d55cf83ab99d69dfc9894e64857a7769d6e,85d688651ec262bcadd31b6166ff447d0eb638c17251d16ca6ad936ad759381a,retrospective_axis2_derivation
INDEX__N1_C_RETRO__M6A__unit_circle_S1__N1000__f_mapper__sigma_0.08__rep09,M6A__unit_circle_S1__N1000__f_mapper__sigma_0.08__rep09,,HISTORICAL_AXIS1__M6A__unit_circle_S1__N1000__f_mapper__sigma_0.08__rep09,AXIS2__N1_C_RETRO__M6A__unit_circle_S1__N1000__f_mapper__sigma_0.08__rep09,unit_circle_S1,f_mapper,0.08,9,6950bef979837cbe5a152ccfaca96d55cf83ab99d69dfc9894e64857a7769d6e,85d688651ec262bcadd31b6166ff447d0eb638c17251d16ca6ad936ad759381a,retrospective_axis2_derivation
INDEX__N1_C_RETRO__M6A__unit_circle_S1__N1000__conventional__sigma_0.08__rep10,M6A__unit_circle_S1__N1000__conventional__sigma_0.08__rep10,,HISTORICAL_AXIS1__M6A__unit_circle_S1__N1000__conventional__sigma_0.08__rep10,AXIS2__N1_C_RETRO__M6A__unit_circle_S1__N1000__conventional__sigma_0.08__rep10,unit_circle_S1,conventional,0.08,10,6950bef979837cbe5a152ccfaca96d55cf83ab99d69dfc9894e64857a7769d6e,a0fbea6e03312b911e790098af31221554e332f7c673f31a26e9808d67e71895,retrospective_axis2_derivation
INDEX__N1_C_RETRO__M6A__unit_circle_S1__N1000__f_mapper__sigma_0.08__rep10,M6A__unit_circle_S1__N1000__f_mapper__sigma_0.08__rep10,,HISTORICAL_AXIS1__M6A__unit_circle_S1__N1000__f_mapper__sigma_0.08__rep10,AXIS2__N1_C_RETRO__M6A__unit_circle_S1__N1000__f_mapper__sigma_0.08__rep10,unit_circle_S1,f_mapper,0.08,10,6950bef979837cbe5a152ccfaca96d55cf83ab99d69dfc9894e64857a7769d6e,a0fbea6e03312b911e790098af31221554e332f7c673f31a26e9808d67e71895,retrospective_axis2_derivation
INDEX__N1_C_RETRO__M6A__unit_circle_S1__N1000__conventional__sigma_0.08__rep11,M6A__unit_circle_S1__N1000__conventional__sigma_0.08__rep11,,HISTORICAL_AXIS1__M6A__unit_circle_S1__N1000__conventional__sigma_0.08__rep11,AXIS2__N1_C_RETRO__M6A__unit_circle_S1__N1000__conventional__sigma_0.08__rep11,unit_circle_S1,conventional,0.08,11,6950bef979837cbe5a152ccfaca96d55cf83ab99d69dfc9894e64857a7769d6e,07e0ad6ae5cf84a8bd38460ce2ad2d3a2270e1ca5fe77dc2039174bc8e5592a2,retrospective_axis2_derivation
INDEX__N1_C_RETRO__M6A__unit_circle_S1__N1000__f_mapper__sigma_0.08__rep11,M6A__unit_circle_S1__N1000__f_mapper__sigma_0.08__rep11,,HISTORICAL_AXIS1__M6A__unit_circle_S1__N1000__f_mapper__sigma_0.08__rep11,AXIS2__N1_C_RETRO__M6A__unit_circle_S1__N1000__f_mapper__sigma_0.08__rep11,unit_circle_S1,f_mapper,0.08,11,6950bef979837cbe5a152ccfaca96d55cf83ab99d69dfc9894e64857a7769d6e,07e0ad6ae5cf84a8bd38460ce2ad2d3a2270e1ca5fe77dc2039174bc8e5592a2,retrospective_axis2_derivation
INDEX__N1_C_RETRO__M6A__unit_circle_S1__N1000__conventional__sigma_0.08__rep12,M6A__unit_circle_S1__N1000__conventional__sigma_0.08__rep12,,HISTORICAL_AXIS1__M6A__unit_circle_S1__N1000__conventional__sigma_0.08__rep12,AXIS2__N1_C_RETRO__M6A__unit_circle_S1__N1000__conventional__sigma_0.08__rep12,unit_circle_S1,conventional,0.08,12,6950bef979837cbe5a152ccfaca96d55cf83ab99d69dfc9894e64857a7769d6e,bc6e71bad5ba12a24ebf4822a8eed3449286608e91358c587eceb76884ef064e,retrospective_axis2_derivation
INDEX__N1_C_RETRO__M6A__unit_circle_S1__N1000__f_mapper__sigma_0.08__rep12,M6A__unit_circle_S1__N1000__f_mapper__sigma_0.08__rep12,,HISTORICAL_AXIS1__M6A__unit_circle_S1__N1000__f_mapper__sigma_0.08__rep12,AXIS2__N1_C_RETRO__M6A__unit_circle_S1__N1000__f_mapper__sigma_0.08__rep12,unit_circle_S1,f_mapper,0.08,12,6950bef979837cbe5a152ccfaca96d55cf83ab99d69dfc9894e64857a7769d6e,bc6e71bad5ba12a24ebf4822a8eed3449286608e91358c587eceb76884ef064e,retrospective_axis2_derivation
INDEX__N1_C_RETRO__M6A__unit_circle_S1__N1000__conventional__sigma_0.08__rep13,M6A__unit_circle_S1__N1000__conventional__sigma_0.08__rep13,,HISTORICAL_AXIS1__M6A__unit_circle_S1__N1000__conventional__sigma_0.08__rep13,AXIS2__N1_C_RETRO__M6A__unit_circle_S1__N1000__conventional__sigma_0.08__rep13,unit_circle_S1,conventional,0.08,13,6950bef979837cbe5a152ccfaca96d55cf83ab99d69dfc9894e64857a7769d6e,f78b51af506168109ac0406083a2af39c16ff329a7d4a103c10226d35ff15658,retrospective_axis2_derivation
INDEX__N1_C_RETRO__M6A__unit_circle_S1__N1000__f_mapper__sigma_0.08__rep13,M6A__unit_circle_S1__N1000__f_mapper__sigma_0.08__rep13,,HISTORICAL_AXIS1__M6A__unit_circle_S1__N1000__f_mapper__sigma_0.08__rep13,AXIS2__N1_C_RETRO__M6A__unit_circle_S1__N1000__f_mapper__sigma_0.08__rep13,unit_circle_S1,f_mapper,0.08,13,6950bef979837cbe5a152ccfaca96d55cf83ab99d69dfc9894e64857a7769d6e,f78b51af506168109ac0406083a2af39c16ff329a7d4a103c10226d35ff15658,retrospective_axis2_derivation
INDEX__N1_C_RETRO__M6A__unit_circle_S1__N1000__conventional__sigma_0.08__rep14,M6A__unit_circle_S1__N1000__conventional__sigma_0.08__rep14,,HISTORICAL_AXIS1__M6A__unit_circle_S1__N1000__conventional__sigma_0.08__rep14,AXIS2__N1_C_RETRO__M6A__unit_circle_S1__N1000__conventional__sigma_0.08__rep14,unit_circle_S1,conventional,0.08,14,6950bef979837cbe5a152ccfaca96d55cf83ab99d69dfc9894e64857a7769d6e,e500a50935f47f644fc0c1f4d90386bb0626f5d9a4ba25d1e77e31b93e5c71b4,retrospective_axis2_derivation
INDEX__N1_C_RETRO__M6A__unit_circle_S1__N1000__f_mapper__sigma_0.08__rep14,M6A__unit_circle_S1__N1000__f_mapper__sigma_0.08__rep14,,HISTORICAL_AXIS1__M6A__unit_circle_S1__N1000__f_mapper__sigma_0.08__rep14,AXIS2__N1_C_RETRO__M6A__unit_circle_S1__N1000__f_mapper__sigma_0.08__rep14,unit_circle_S1,f_mapper,0.08,14,6950bef979837cbe5a152ccfaca96d55cf83ab99d69dfc9894e64857a7769d6e,e500a50935f47f644fc0c1f4d90386bb0626f5d9a4ba25d1e77e31b93e5c71b4,retrospective_axis2_derivation
INDEX__N1_C_RETRO__M6A__unit_circle_S1__N1000__conventional__sigma_0.08__rep15,M6A__unit_circle_S1__N1000__conventional__sigma_0.08__rep15,,HISTORICAL_AXIS1__M6A__unit_circle_S1__N1000__conventional__sigma_0.08__rep15,AXIS2__N1_C_RETRO__M6A__unit_circle_S1__N1000__conventional__sigma_0.08__rep15,unit_circle_S1,conventional,0.08,15,6950bef979837cbe5a152ccfaca96d55cf83ab99d69dfc9894e64857a7769d6e,764bc3b951018831785b820116f732f9e6232606d4e0bf360efaca3982bee366,retrospective_axis2_derivation
INDEX__N1_C_RETRO__M6A__unit_circle_S1__N1000__f_mapper__sigma_0.08__rep15,M6A__unit_circle_S1__N1000__f_mapper__sigma_0.08__rep15,,HISTORICAL_AXIS1__M6A__unit_circle_S1__N1000__f_mapper__sigma_0.08__rep15,AXIS2__N1_C_RETRO__M6A__unit_circle_S1__N1000__f_mapper__sigma_0.08__rep15,unit_circle_S1,f_mapper,0.08,15,6950bef979837cbe5a152ccfaca96d55cf83ab99d69dfc9894e64857a7769d6e,764bc3b951018831785b820116f732f9e6232606d4e0bf360efaca3982bee366,retrospective_axis2_derivation
INDEX__N1_C_RETRO__M6A__unit_circle_S1__N1000__conventional__sigma_0.08__rep16,M6A__unit_circle_S1__N1000__conventional__sigma_0.08__rep16,,HISTORICAL_AXIS1__M6A__unit_circle_S1__N1000__conventional__sigma_0.08__rep16,AXIS2__N1_C_RETRO__M6A__unit_circle_S1__N1000__conventional__sigma_0.08__rep16,unit_circle_S1,conventional,0.08,16,6950bef979837cbe5a152ccfaca96d55cf83ab99d69dfc9894e64857a7769d6e,a7a30604c37bb761dfac9f09c72764f3cbc3f0d9a958797fb0522abd232612b4,retrospective_axis2_derivation
INDEX__N1_C_RETRO__M6A__unit_circle_S1__N1000__f_mapper__sigma_0.08__rep16,M6A__unit_circle_S1__N1000__f_mapper__sigma_0.08__rep16,,HISTORICAL_AXIS1__M6A__unit_circle_S1__N1000__f_mapper__sigma_0.08__rep16,AXIS2__N1_C_RETRO__M6A__unit_circle_S1__N1000__f_mapper__sigma_0.08__rep16,unit_circle_S1,f_mapper,0.08,16,6950bef979837cbe5a152ccfaca96d55cf83ab99d69dfc9894e64857a7769d6e,a7a30604c37bb761dfac9f09c72764f3cbc3f0d9a958797fb0522abd232612b4,retrospective_axis2_derivation
INDEX__N1_C_RETRO__M6A__unit_circle_S1__N1000__conventional__sigma_0.08__rep17,M6A__unit_circle_S1__N1000__conventional__sigma_0.08__rep17,,HISTORICAL_AXIS1__M6A__unit_circle_S1__N1000__conventional__sigma_0.08__rep17,AXIS2__N1_C_RETRO__M6A__unit_circle_S1__N1000__conventional__sigma_0.08__rep17,unit_circle_S1,conventional,0.08,17,6950bef979837cbe5a152ccfaca96d55cf83ab99d69dfc9894e64857a7769d6e,a9d0bf9eadb83965ab1bc5c8f29e1d80eb1bc22a3e49e674cb0b685cfd5ab735,retrospective_axis2_derivation
INDEX__N1_C_RETRO__M6A__unit_circle_S1__N1000__f_mapper__sigma_0.08__rep17,M6A__unit_circle_S1__N1000__f_mapper__sigma_0.08__rep17,,HISTORICAL_AXIS1__M6A__unit_circle_S1__N1000__f_mapper__sigma_0.08__rep17,AXIS2__N1_C_RETRO__M6A__unit_circle_S1__N1000__f_mapper__sigma_0.08__rep17,unit_circle_S1,f_mapper,0.08,17,6950bef979837cbe5a152ccfaca96d55cf83ab99d69dfc9894e64857a7769d6e,a9d0bf9eadb83965ab1bc5c8f29e1d80eb1bc22a3e49e674cb0b685cfd5ab735,retrospective_axis2_derivation
INDEX__N1_C_RETRO__M6A__unit_circle_S1__N1000__conventional__sigma_0.08__rep18,M6A__unit_circle_S1__N1000__conventional__sigma_0.08__rep18,,HISTORICAL_AXIS1__M6A__unit_circle_S1__N1000__conventional__sigma_0.08__rep18,AXIS2__N1_C_RETRO__M6A__unit_circle_S1__N1000__conventional__sigma_0.08__rep18,unit_circle_S1,conventional,0.08,18,6950bef979837cbe5a152ccfaca96d55cf83ab99d69dfc9894e64857a7769d6e,c13dd528544e8f9e935aad7dd99785bdbb3c6c33bbd886fa64fb73cd7da4a0c1,retrospective_axis2_derivation
INDEX__N1_C_RETRO__M6A__unit_circle_S1__N1000__f_mapper__sigma_0.08__rep18,M6A__unit_circle_S1__N1000__f_mapper__sigma_0.08__rep18,,HISTORICAL_AXIS1__M6A__unit_circle_S1__N1000__f_mapper__sigma_0.08__rep18,AXIS2__N1_C_RETRO__M6A__unit_circle_S1__N1000__f_mapper__sigma_0.08__rep18,unit_circle_S1,f_mapper,0.08,18,6950bef979837cbe5a152ccfaca96d55cf83ab99d69dfc9894e64857a7769d6e,c13dd528544e8f9e935aad7dd99785bdbb3c6c33bbd886fa64fb73cd7da4a0c1,retrospective_axis2_derivation
INDEX__N1_C_RETRO__M6A__unit_circle_S1__N1000__conventional__sigma_0.08__rep19,M6A__unit_circle_S1__N1000__conventional__sigma_0.08__rep19,,HISTORICAL_AXIS1__M6A__unit_circle_S1__N1000__conventional__sigma_0.08__rep19,AXIS2__N1_C_RETRO__M6A__unit_circle_S1__N1000__conventional__sigma_0.08__rep19,unit_circle_S1,conventional,0.08,19,6950bef979837cbe5a152ccfaca96d55cf83ab99d69dfc9894e64857a7769d6e,ef3922cf79022450637a274191ddbd0bad772e295aeb321b4614d4f8588f6bfb,retrospective_axis2_derivation
INDEX__N1_C_RETRO__M6A__unit_circle_S1__N1000__f_mapper__sigma_0.08__rep19,M6A__unit_circle_S1__N1000__f_mapper__sigma_0.08__rep19,,HISTORICAL_AXIS1__M6A__unit_circle_S1__N1000__f_mapper__sigma_0.08__rep19,AXIS2__N1_C_RETRO__M6A__unit_circle_S1__N1000__f_mapper__sigma_0.08__rep19,unit_circle_S1,f_mapper,0.08,19,6950bef979837cbe5a152ccfaca96d55cf83ab99d69dfc9894e64857a7769d6e,ef3922cf79022450637a274191ddbd0bad772e295aeb321b4614d4f8588f6bfb,retrospective_axis2_derivation
INDEX__N1_C_RETRO__M6A__unit_circle_S1__N1000__conventional__sigma_0.08__rep20,M6A__unit_circle_S1__N1000__conventional__sigma_0.08__rep20,,HISTORICAL_AXIS1__M6A__unit_circle_S1__N1000__conventional__sigma_0.08__rep20,AXIS2__N1_C_RETRO__M6A__unit_circle_S1__N1000__conventional__sigma_0.08__rep20,unit_circle_S1,conventional,0.08,20,6950bef979837cbe5a152ccfaca96d55cf83ab99d69dfc9894e64857a7769d6e,1ef9aed8285c648745059d3df880ebeb0cca96ecccddcc94aa67ca88a4155eff,retrospective_axis2_derivation
INDEX__N1_C_RETRO__M6A__unit_circle_S1__N1000__f_mapper__sigma_0.08__rep20,M6A__unit_circle_S1__N1000__f_mapper__sigma_0.08__rep20,,HISTORICAL_AXIS1__M6A__unit_circle_S1__N1000__f_mapper__sigma_0.08__rep20,AXIS2__N1_C_RETRO__M6A__unit_circle_S1__N1000__f_mapper__sigma_0.08__rep20,unit_circle_S1,f_mapper,0.08,20,6950bef979837cbe5a152ccfaca96d55cf83ab99d69dfc9894e64857a7769d6e,1ef9aed8285c648745059d3df880ebeb0cca96ecccddcc94aa67ca88a4155eff,retrospective_axis2_derivation
INDEX__N1_C_RETRO__M6A__unit_circle_S1__N1000__conventional__sigma_0.08__rep21,M6A__unit_circle_S1__N1000__conventional__sigma_0.08__rep21,,HISTORICAL_AXIS1__M6A__unit_circle_S1__N1000__conventional__sigma_0.08__rep21,AXIS2__N1_C_RETRO__M6A__unit_circle_S1__N1000__conventional__sigma_0.08__rep21,unit_circle_S1,conventional,0.08,21,6950bef979837cbe5a152ccfaca96d55cf83ab99d69dfc9894e64857a7769d6e,1d27e92d4c42b50b577c634f15e16102ee2f65802cb87a35218cd61edec31d90,retrospective_axis2_derivation
INDEX__N1_C_RETRO__M6A__unit_circle_S1__N1000__f_mapper__sigma_0.08__rep21,M6A__unit_circle_S1__N1000__f_mapper__sigma_0.08__rep21,,HISTORICAL_AXIS1__M6A__unit_circle_S1__N1000__f_mapper__sigma_0.08__rep21,AXIS2__N1_C_RETRO__M6A__unit_circle_S1__N1000__f_mapper__sigma_0.08__rep21,unit_circle_S1,f_mapper,0.08,21,6950bef979837cbe5a152ccfaca96d55cf83ab99d69dfc9894e64857a7769d6e,1d27e92d4c42b50b577c634f15e16102ee2f65802cb87a35218cd61edec31d90,retrospective_axis2_derivation
INDEX__N1_C_RETRO__M6A__unit_circle_S1__N1000__conventional__sigma_0.08__rep22,M6A__unit_circle_S1__N1000__conventional__sigma_0.08__rep22,,HISTORICAL_AXIS1__M6A__unit_circle_S1__N1000__conventional__sigma_0.08__rep22,AXIS2__N1_C_RETRO__M6A__unit_circle_S1__N1000__conventional__sigma_0.08__rep22,unit_circle_S1,conventional,0.08,22,6950bef979837cbe5a152ccfaca96d55cf83ab99d69dfc9894e64857a7769d6e,1ce9e65a8fa0681f59d1285a62864695f1e178f8c58259593a39d4a7689b9777,retrospective_axis2_derivation
INDEX__N1_C_RETRO__M6A__unit_circle_S1__N1000__f_mapper__sigma_0.08__rep22,M6A__unit_circle_S1__N1000__f_mapper__sigma_0.08__rep22,,HISTORICAL_AXIS1__M6A__unit_circle_S1__N1000__f_mapper__sigma_0.08__rep22,AXIS2__N1_C_RETRO__M6A__unit_circle_S1__N1000__f_mapper__sigma_0.08__rep22,unit_circle_S1,f_mapper,0.08,22,6950bef979837cbe5a152ccfaca96d55cf83ab99d69dfc9894e64857a7769d6e,1ce9e65a8fa0681f59d1285a62864695f1e178f8c58259593a39d4a7689b9777,retrospective_axis2_derivation
INDEX__N1_C_RETRO__M6A__unit_circle_S1__N1000__conventional__sigma_0.08__rep23,M6A__unit_circle_S1__N1000__conventional__sigma_0.08__rep23,,HISTORICAL_AXIS1__M6A__unit_circle_S1__N1000__conventional__sigma_0.08__rep23,AXIS2__N1_C_RETRO__M6A__unit_circle_S1__N1000__conventional__sigma_0.08__rep23,unit_circle_S1,conventional,0.08,23,6950bef979837cbe5a152ccfaca96d55cf83ab99d69dfc9894e64857a7769d6e,fd91de8709f6d5b65641b95f017499d81194854b6ec6187ff4ef6aa659bb55a6,retrospective_axis2_derivation
INDEX__N1_C_RETRO__M6A__unit_circle_S1__N1000__f_mapper__sigma_0.08__rep23,M6A__unit_circle_S1__N1000__f_mapper__sigma_0.08__rep23,,HISTORICAL_AXIS1__M6A__unit_circle_S1__N1000__f_mapper__sigma_0.08__rep23,AXIS2__N1_C_RETRO__M6A__unit_circle_S1__N1000__f_mapper__sigma_0.08__rep23,unit_circle_S1,f_mapper,0.08,23,6950bef979837cbe5a152ccfaca96d55cf83ab99d69dfc9894e64857a7769d6e,fd91de8709f6d5b65641b95f017499d81194854b6ec6187ff4ef6aa659bb55a6,retrospective_axis2_derivation
INDEX__N1_C_RETRO__M6A__unit_circle_S1__N1000__conventional__sigma_0.08__rep24,M6A__unit_circle_S1__N1000__conventional__sigma_0.08__rep24,,HISTORICAL_AXIS1__M6A__unit_circle_S1__N1000__conventional__sigma_0.08__rep24,AXIS2__N1_C_RETRO__M6A__unit_circle_S1__N1000__conventional__sigma_0.08__rep24,unit_circle_S1,conventional,0.08,24,6950bef979837cbe5a152ccfaca96d55cf83ab99d69dfc9894e64857a7769d6e,4693cddd35343cec140e8225829603bd2d784986408db77545e0a035ba1b4ab3,retrospective_axis2_derivation
INDEX__N1_C_RETRO__M6A__unit_circle_S1__N1000__f_mapper__sigma_0.08__rep24,M6A__unit_circle_S1__N1000__f_mapper__sigma_0.08__rep24,,HISTORICAL_AXIS1__M6A__unit_circle_S1__N1000__f_mapper__sigma_0.08__rep24,AXIS2__N1_C_RETRO__M6A__unit_circle_S1__N1000__f_mapper__sigma_0.08__rep24,unit_circle_S1,f_mapper,0.08,24,6950bef979837cbe5a152ccfaca96d55cf83ab99d69dfc9894e64857a7769d6e,4693cddd35343cec140e8225829603bd2d784986408db77545e0a035ba1b4ab3,retrospective_axis2_derivation
INDEX__N1_C_RETRO__M6A__unit_circle_S1__N1000__conventional__sigma_0.08__rep25,M6A__unit_circle_S1__N1000__conventional__sigma_0.08__rep25,,HISTORICAL_AXIS1__M6A__unit_circle_S1__N1000__conventional__sigma_0.08__rep25,AXIS2__N1_C_RETRO__M6A__unit_circle_S1__N1000__conventional__sigma_0.08__rep25,unit_circle_S1,conventional,0.08,25,6950bef979837cbe5a152ccfaca96d55cf83ab99d69dfc9894e64857a7769d6e,a8cba37c49d27f9c0833b68fde1c1b1ac4a07b458f8e1fe32c9b43a58680cec7,retrospective_axis2_derivation
INDEX__N1_C_RETRO__M6A__unit_circle_S1__N1000__f_mapper__sigma_0.08__rep25,M6A__unit_circle_S1__N1000__f_mapper__sigma_0.08__rep25,,HISTORICAL_AXIS1__M6A__unit_circle_S1__N1000__f_mapper__sigma_0.08__rep25,AXIS2__N1_C_RETRO__M6A__unit_circle_S1__N1000__f_mapper__sigma_0.08__rep25,unit_circle_S1,f_mapper,0.08,25,6950bef979837cbe5a152ccfaca96d55cf83ab99d69dfc9894e64857a7769d6e,a8cba37c49d27f9c0833b68fde1c1b1ac4a07b458f8e1fe32c9b43a58680cec7,retrospective_axis2_derivation
INDEX__N1_C_RETRO__M6A__unit_circle_S1__N1000__conventional__sigma_0.08__rep26,M6A__unit_circle_S1__N1000__conventional__sigma_0.08__rep26,,HISTORICAL_AXIS1__M6A__unit_circle_S1__N1000__conventional__sigma_0.08__rep26,AXIS2__N1_C_RETRO__M6A__unit_circle_S1__N1000__conventional__sigma_0.08__rep26,unit_circle_S1,conventional,0.08,26,6950bef979837cbe5a152ccfaca96d55cf83ab99d69dfc9894e64857a7769d6e,bde7f5f8a02ac2c39c0528933dedabfe2ee65a04af1293fefde93b5a96ccdb59,retrospective_axis2_derivation
INDEX__N1_C_RETRO__M6A__unit_circle_S1__N1000__f_mapper__sigma_0.08__rep26,M6A__unit_circle_S1__N1000__f_mapper__sigma_0.08__rep26,,HISTORICAL_AXIS1__M6A__unit_circle_S1__N1000__f_mapper__sigma_0.08__rep26,AXIS2__N1_C_RETRO__M6A__unit_circle_S1__N1000__f_mapper__sigma_0.08__rep26,unit_circle_S1,f_mapper,0.08,26,6950bef979837cbe5a152ccfaca96d55cf83ab99d69dfc9894e64857a7769d6e,bde7f5f8a02ac2c39c0528933dedabfe2ee65a04af1293fefde93b5a96ccdb59,retrospective_axis2_derivation
INDEX__N1_C_RETRO__M6A__unit_circle_S1__N1000__conventional__sigma_0.08__rep27,M6A__unit_circle_S1__N1000__conventional__sigma_0.08__rep27,,HISTORICAL_AXIS1__M6A__unit_circle_S1__N1000__conventional__sigma_0.08__rep27,AXIS2__N1_C_RETRO__M6A__unit_circle_S1__N1000__conventional__sigma_0.08__rep27,unit_circle_S1,conventional,0.08,27,6950bef979837cbe5a152ccfaca96d55cf83ab99d69dfc9894e64857a7769d6e,17504eebc19634aad161a0f40eb909ff423b2f161c186d9aa2da86d05669eee3,retrospective_axis2_derivation
INDEX__N1_C_RETRO__M6A__unit_circle_S1__N1000__f_mapper__sigma_0.08__rep27,M6A__unit_circle_S1__N1000__f_mapper__sigma_0.08__rep27,,HISTORICAL_AXIS1__M6A__unit_circle_S1__N1000__f_mapper__sigma_0.08__rep27,AXIS2__N1_C_RETRO__M6A__unit_circle_S1__N1000__f_mapper__sigma_0.08__rep27,unit_circle_S1,f_mapper,0.08,27,6950bef979837cbe5a152ccfaca96d55cf83ab99d69dfc9894e64857a7769d6e,17504eebc19634aad161a0f40eb909ff423b2f161c186d9aa2da86d05669eee3,retrospective_axis2_derivation
INDEX__N1_C_RETRO__M6A__unit_circle_S1__N1000__conventional__sigma_0.08__rep28,M6A__unit_circle_S1__N1000__conventional__sigma_0.08__rep28,,HISTORICAL_AXIS1__M6A__unit_circle_S1__N1000__conventional__sigma_0.08__rep28,AXIS2__N1_C_RETRO__M6A__unit_circle_S1__N1000__conventional__sigma_0.08__rep28,unit_circle_S1,conventional,0.08,28,6950bef979837cbe5a152ccfaca96d55cf83ab99d69dfc9894e64857a7769d6e,ffd89866b177b0faaa461387344da45a05bdba8967c614dbcf348a5384ee92b7,retrospective_axis2_derivation
INDEX__N1_C_RETRO__M6A__unit_circle_S1__N1000__f_mapper__sigma_0.08__rep28,M6A__unit_circle_S1__N1000__f_mapper__sigma_0.08__rep28,,HISTORICAL_AXIS1__M6A__unit_circle_S1__N1000__f_mapper__sigma_0.08__rep28,AXIS2__N1_C_RETRO__M6A__unit_circle_S1__N1000__f_mapper__sigma_0.08__rep28,unit_circle_S1,f_mapper,0.08,28,6950bef979837cbe5a152ccfaca96d55cf83ab99d69dfc9894e64857a7769d6e,ffd89866b177b0faaa461387344da45a05bdba8967c614dbcf348a5384ee92b7,retrospective_axis2_derivation
INDEX__N1_C_RETRO__M6A__unit_circle_S1__N1000__conventional__sigma_0.08__rep29,M6A__unit_circle_S1__N1000__conventional__sigma_0.08__rep29,,HISTORICAL_AXIS1__M6A__unit_circle_S1__N1000__conventional__sigma_0.08__rep29,AXIS2__N1_C_RETRO__M6A__unit_circle_S1__N1000__conventional__sigma_0.08__rep29,unit_circle_S1,conventional,0.08,29,6950bef979837cbe5a152ccfaca96d55cf83ab99d69dfc9894e64857a7769d6e,fbf315532ca922f7cb32abb1ed05383aaefb75a38c531b8adf63346cf41f04ee,retrospective_axis2_derivation
INDEX__N1_C_RETRO__M6A__unit_circle_S1__N1000__f_mapper__sigma_0.08__rep29,M6A__unit_circle_S1__N1000__f_mapper__sigma_0.08__rep29,,HISTORICAL_AXIS1__M6A__unit_circle_S1__N1000__f_mapper__sigma_0.08__rep29,AXIS2__N1_C_RETRO__M6A__unit_circle_S1__N1000__f_mapper__sigma_0.08__rep29,unit_circle_S1,f_mapper,0.08,29,6950bef979837cbe5a152ccfaca96d55cf83ab99d69dfc9894e64857a7769d6e,fbf315532ca922f7cb32abb1ed05383aaefb75a38c531b8adf63346cf41f04ee,retrospective_axis2_derivation
INDEX__N1_C_RETRO__M6A__unit_circle_S1__N1000__conventional__sigma_0.08__rep30,M6A__unit_circle_S1__N1000__conventional__sigma_0.08__rep30,,HISTORICAL_AXIS1__M6A__unit_circle_S1__N1000__conventional__sigma_0.08__rep30,AXIS2__N1_C_RETRO__M6A__unit_circle_S1__N1000__conventional__sigma_0.08__rep30,unit_circle_S1,conventional,0.08,30,6950bef979837cbe5a152ccfaca96d55cf83ab99d69dfc9894e64857a7769d6e,3ea4e2195a3385d538fd231e8ab3e6ba8ff297585b45300e3455832be617bcae,retrospective_axis2_derivation
INDEX__N1_C_RETRO__M6A__unit_circle_S1__N1000__f_mapper__sigma_0.08__rep30,M6A__unit_circle_S1__N1000__f_mapper__sigma_0.08__rep30,,HISTORICAL_AXIS1__M6A__unit_circle_S1__N1000__f_mapper__sigma_0.08__rep30,AXIS2__N1_C_RETRO__M6A__unit_circle_S1__N1000__f_mapper__sigma_0.08__rep30,unit_circle_S1,f_mapper,0.08,30,6950bef979837cbe5a152ccfaca96d55cf83ab99d69dfc9894e64857a7769d6e,3ea4e2195a3385d538fd231e8ab3e6ba8ff297585b45300e3455832be617bcae,retrospective_axis2_derivation
INDEX__N1_C_RETRO__M6A__unit_circle_S1__N1000__conventional__sigma_0.10__rep01,M6A__unit_circle_S1__N1000__conventional__sigma_0.10__rep01,,HISTORICAL_AXIS1__M6A__unit_circle_S1__N1000__conventional__sigma_0.10__rep01,AXIS2__N1_C_RETRO__M6A__unit_circle_S1__N1000__conventional__sigma_0.10__rep01,unit_circle_S1,conventional,0.1,1,6950bef979837cbe5a152ccfaca96d55cf83ab99d69dfc9894e64857a7769d6e,3c38d01e5762f0ae25856d4889e08c41bc393e7f5e6b1cbf3029f805c198f941,retrospective_axis2_derivation
INDEX__N1_C_RETRO__M6A__unit_circle_S1__N1000__f_mapper__sigma_0.10__rep01,M6A__unit_circle_S1__N1000__f_mapper__sigma_0.10__rep01,,HISTORICAL_AXIS1__M6A__unit_circle_S1__N1000__f_mapper__sigma_0.10__rep01,AXIS2__N1_C_RETRO__M6A__unit_circle_S1__N1000__f_mapper__sigma_0.10__rep01,unit_circle_S1,f_mapper,0.1,1,6950bef979837cbe5a152ccfaca96d55cf83ab99d69dfc9894e64857a7769d6e,3c38d01e5762f0ae25856d4889e08c41bc393e7f5e6b1cbf3029f805c198f941,retrospective_axis2_derivation
INDEX__N1_C_RETRO__M6A__unit_circle_S1__N1000__conventional__sigma_0.10__rep02,M6A__unit_circle_S1__N1000__conventional__sigma_0.10__rep02,,HISTORICAL_AXIS1__M6A__unit_circle_S1__N1000__conventional__sigma_0.10__rep02,AXIS2__N1_C_RETRO__M6A__unit_circle_S1__N1000__conventional__sigma_0.10__rep02,unit_circle_S1,conventional,0.1,2,6950bef979837cbe5a152ccfaca96d55cf83ab99d69dfc9894e64857a7769d6e,d5b44c884304083cfe4507176986e9599a2ba979708bd35fb40a1b53cec5f1e9,retrospective_axis2_derivation
INDEX__N1_C_RETRO__M6A__unit_circle_S1__N1000__f_mapper__sigma_0.10__rep02,M6A__unit_circle_S1__N1000__f_mapper__sigma_0.10__rep02,,HISTORICAL_AXIS1__M6A__unit_circle_S1__N1000__f_mapper__sigma_0.10__rep02,AXIS2__N1_C_RETRO__M6A__unit_circle_S1__N1000__f_mapper__sigma_0.10__rep02,unit_circle_S1,f_mapper,0.1,2,6950bef979837cbe5a152ccfaca96d55cf83ab99d69dfc9894e64857a7769d6e,d5b44c884304083cfe4507176986e9599a2ba979708bd35fb40a1b53cec5f1e9,retrospective_axis2_derivation
INDEX__N1_C_RETRO__M6A__unit_circle_S1__N1000__conventional__sigma_0.10__rep03,M6A__unit_circle_S1__N1000__conventional__sigma_0.10__rep03,,HISTORICAL_AXIS1__M6A__unit_circle_S1__N1000__conventional__sigma_0.10__rep03,AXIS2__N1_C_RETRO__M6A__unit_circle_S1__N1000__conventional__sigma_0.10__rep03,unit_circle_S1,conventional,0.1,3,6950bef979837cbe5a152ccfaca96d55cf83ab99d69dfc9894e64857a7769d6e,1cbdb0c5db64e0a884c08ef8d1c0132acd005a2cac428865801f8fc1ffd2901c,retrospective_axis2_derivation
INDEX__N1_C_RETRO__M6A__unit_circle_S1__N1000__f_mapper__sigma_0.10__rep03,M6A__unit_circle_S1__N1000__f_mapper__sigma_0.10__rep03,,HISTORICAL_AXIS1__M6A__unit_circle_S1__N1000__f_mapper__sigma_0.10__rep03,AXIS2__N1_C_RETRO__M6A__unit_circle_S1__N1000__f_mapper__sigma_0.10__rep03,unit_circle_S1,f_mapper,0.1,3,6950bef979837cbe5a152ccfaca96d55cf83ab99d69dfc9894e64857a7769d6e,1cbdb0c5db64e0a884c08ef8d1c0132acd005a2cac428865801f8fc1ffd2901c,retrospective_axis2_derivation
INDEX__N1_C_RETRO__M6A__unit_circle_S1__N1000__conventional__sigma_0.10__rep04,M6A__unit_circle_S1__N1000__conventional__sigma_0.10__rep04,,HISTORICAL_AXIS1__M6A__unit_circle_S1__N1000__conventional__sigma_0.10__rep04,AXIS2__N1_C_RETRO__M6A__unit_circle_S1__N1000__conventional__sigma_0.10__rep04,unit_circle_S1,conventional,0.1,4,6950bef979837cbe5a152ccfaca96d55cf83ab99d69dfc9894e64857a7769d6e,4d83f9bbcb0ead7a3c7f3b5a35ad4d81276a84eed68e2ec2ee82f3c80b30cc48,retrospective_axis2_derivation
INDEX__N1_C_RETRO__M6A__unit_circle_S1__N1000__f_mapper__sigma_0.10__rep04,M6A__unit_circle_S1__N1000__f_mapper__sigma_0.10__rep04,,HISTORICAL_AXIS1__M6A__unit_circle_S1__N1000__f_mapper__sigma_0.10__rep04,AXIS2__N1_C_RETRO__M6A__unit_circle_S1__N1000__f_mapper__sigma_0.10__rep04,unit_circle_S1,f_mapper,0.1,4,6950bef979837cbe5a152ccfaca96d55cf83ab99d69dfc9894e64857a7769d6e,4d83f9bbcb0ead7a3c7f3b5a35ad4d81276a84eed68e2ec2ee82f3c80b30cc48,retrospective_axis2_derivation
INDEX__N1_C_RETRO__M6A__unit_circle_S1__N1000__conventional__sigma_0.10__rep05,M6A__unit_circle_S1__N1000__conventional__sigma_0.10__rep05,,HISTORICAL_AXIS1__M6A__unit_circle_S1__N1000__conventional__sigma_0.10__rep05,AXIS2__N1_C_RETRO__M6A__unit_circle_S1__N1000__conventional__sigma_0.10__rep05,unit_circle_S1,conventional,0.1,5,6950bef979837cbe5a152ccfaca96d55cf83ab99d69dfc9894e64857a7769d6e,a43a522e73ebfd10267b66a7e589120a5e1d112b65881db23d3715c3db4dcf67,retrospective_axis2_derivation
INDEX__N1_C_RETRO__M6A__unit_circle_S1__N1000__f_mapper__sigma_0.10__rep05,M6A__unit_circle_S1__N1000__f_mapper__sigma_0.10__rep05,,HISTORICAL_AXIS1__M6A__unit_circle_S1__N1000__f_mapper__sigma_0.10__rep05,AXIS2__N1_C_RETRO__M6A__unit_circle_S1__N1000__f_mapper__sigma_0.10__rep05,unit_circle_S1,f_mapper,0.1,5,6950bef979837cbe5a152ccfaca96d55cf83ab99d69dfc9894e64857a7769d6e,a43a522e73ebfd10267b66a7e589120a5e1d112b65881db23d3715c3db4dcf67,retrospective_axis2_derivation
INDEX__N1_C_RETRO__M6A__unit_circle_S1__N1000__conventional__sigma_0.10__rep06,M6A__unit_circle_S1__N1000__conventional__sigma_0.10__rep06,,HISTORICAL_AXIS1__M6A__unit_circle_S1__N1000__conventional__sigma_0.10__rep06,AXIS2__N1_C_RETRO__M6A__unit_circle_S1__N1000__conventional__sigma_0.10__rep06,unit_circle_S1,conventional,0.1,6,6950bef979837cbe5a152ccfaca96d55cf83ab99d69dfc9894e64857a7769d6e,4c6edd4cd74cf93db436927452a862a834dd9899ea1b229c90669fcc912853a4,retrospective_axis2_derivation
INDEX__N1_C_RETRO__M6A__unit_circle_S1__N1000__f_mapper__sigma_0.10__rep06,M6A__unit_circle_S1__N1000__f_mapper__sigma_0.10__rep06,,HISTORICAL_AXIS1__M6A__unit_circle_S1__N1000__f_mapper__sigma_0.10__rep06,AXIS2__N1_C_RETRO__M6A__unit_circle_S1__N1000__f_mapper__sigma_0.10__rep06,unit_circle_S1,f_mapper,0.1,6,6950bef979837cbe5a152ccfaca96d55cf83ab99d69dfc9894e64857a7769d6e,4c6edd4cd74cf93db436927452a862a834dd9899ea1b229c90669fcc912853a4,retrospective_axis2_derivation
INDEX__N1_C_RETRO__M6A__unit_circle_S1__N1000__conventional__sigma_0.10__rep07,M6A__unit_circle_S1__N1000__conventional__sigma_0.10__rep07,,HISTORICAL_AXIS1__M6A__unit_circle_S1__N1000__conventional__sigma_0.10__rep07,AXIS2__N1_C_RETRO__M6A__unit_circle_S1__N1000__conventional__sigma_0.10__rep07,unit_circle_S1,conventional,0.1,7,6950bef979837cbe5a152ccfaca96d55cf83ab99d69dfc9894e64857a7769d6e,71c760bbcad8ea42fb1fbd4998c9c876b82e25d6ecf58ed4b6e4b4db30c57a84,retrospective_axis2_derivation
INDEX__N1_C_RETRO__M6A__unit_circle_S1__N1000__f_mapper__sigma_0.10__rep07,M6A__unit_circle_S1__N1000__f_mapper__sigma_0.10__rep07,,HISTORICAL_AXIS1__M6A__unit_circle_S1__N1000__f_mapper__sigma_0.10__rep07,AXIS2__N1_C_RETRO__M6A__unit_circle_S1__N1000__f_mapper__sigma_0.10__rep07,unit_circle_S1,f_mapper,0.1,7,6950bef979837cbe5a152ccfaca96d55cf83ab99d69dfc9894e64857a7769d6e,71c760bbcad8ea42fb1fbd4998c9c876b82e25d6ecf58ed4b6e4b4db30c57a84,retrospective_axis2_derivation
INDEX__N1_C_RETRO__M6A__unit_circle_S1__N1000__conventional__sigma_0.10__rep08,M6A__unit_circle_S1__N1000__conventional__sigma_0.10__rep08,,HISTORICAL_AXIS1__M6A__unit_circle_S1__N1000__conventional__sigma_0.10__rep08,AXIS2__N1_C_RETRO__M6A__unit_circle_S1__N1000__conventional__sigma_0.10__rep08,unit_circle_S1,conventional,0.1,8,6950bef979837cbe5a152ccfaca96d55cf83ab99d69dfc9894e64857a7769d6e,2fd6e165ff2c455b78a9e0e569ec0679143dc675c3e95d21cb89528f2e497d56,retrospective_axis2_derivation
INDEX__N1_C_RETRO__M6A__unit_circle_S1__N1000__f_mapper__sigma_0.10__rep08,M6A__unit_circle_S1__N1000__f_mapper__sigma_0.10__rep08,,HISTORICAL_AXIS1__M6A__unit_circle_S1__N1000__f_mapper__sigma_0.10__rep08,AXIS2__N1_C_RETRO__M6A__unit_circle_S1__N1000__f_mapper__sigma_0.10__rep08,unit_circle_S1,f_mapper,0.1,8,6950bef979837cbe5a152ccfaca96d55cf83ab99d69dfc9894e64857a7769d6e,2fd6e165ff2c455b78a9e0e569ec0679143dc675c3e95d21cb89528f2e497d56,retrospective_axis2_derivation
INDEX__N1_C_RETRO__M6A__unit_circle_S1__N1000__conventional__sigma_0.10__rep09,M6A__unit_circle_S1__N1000__conventional__sigma_0.10__rep09,,HISTORICAL_AXIS1__M6A__unit_circle_S1__N1000__conventional__sigma_0.10__rep09,AXIS2__N1_C_RETRO__M6A__unit_circle_S1__N1000__conventional__sigma_0.10__rep09,unit_circle_S1,conventional,0.1,9,6950bef979837cbe5a152ccfaca96d55cf83ab99d69dfc9894e64857a7769d6e,ff13279cd376a3c86a7d265414c52633e2b39085b845bfd5fb6769a9dae920ff,retrospective_axis2_derivation
INDEX__N1_C_RETRO__M6A__unit_circle_S1__N1000__f_mapper__sigma_0.10__rep09,M6A__unit_circle_S1__N1000__f_mapper__sigma_0.10__rep09,,HISTORICAL_AXIS1__M6A__unit_circle_S1__N1000__f_mapper__sigma_0.10__rep09,AXIS2__N1_C_RETRO__M6A__unit_circle_S1__N1000__f_mapper__sigma_0.10__rep09,unit_circle_S1,f_mapper,0.1,9,6950bef979837cbe5a152ccfaca96d55cf83ab99d69dfc9894e64857a7769d6e,ff13279cd376a3c86a7d265414c52633e2b39085b845bfd5fb6769a9dae920ff,retrospective_axis2_derivation
INDEX__N1_C_RETRO__M6A__unit_circle_S1__N1000__conventional__sigma_0.10__rep10,M6A__unit_circle_S1__N1000__conventional__sigma_0.10__rep10,,HISTORICAL_AXIS1__M6A__unit_circle_S1__N1000__conventional__sigma_0.10__rep10,AXIS2__N1_C_RETRO__M6A__unit_circle_S1__N1000__conventional__sigma_0.10__rep10,unit_circle_S1,conventional,0.1,10,6950bef979837cbe5a152ccfaca96d55cf83ab99d69dfc9894e64857a7769d6e,781b9637e1b39eead8754269e6bf31897088d07da23363f62c551d436a78dbff,retrospective_axis2_derivation
INDEX__N1_C_RETRO__M6A__unit_circle_S1__N1000__f_mapper__sigma_0.10__rep10,M6A__unit_circle_S1__N1000__f_mapper__sigma_0.10__rep10,,HISTORICAL_AXIS1__M6A__unit_circle_S1__N1000__f_mapper__sigma_0.10__rep10,AXIS2__N1_C_RETRO__M6A__unit_circle_S1__N1000__f_mapper__sigma_0.10__rep10,unit_circle_S1,f_mapper,0.1,10,6950bef979837cbe5a152ccfaca96d55cf83ab99d69dfc9894e64857a7769d6e,781b9637e1b39eead8754269e6bf31897088d07da23363f62c551d436a78dbff,retrospective_axis2_derivation
INDEX__N1_C_RETRO__M6A__unit_circle_S1__N1000__conventional__sigma_0.10__rep11,M6A__unit_circle_S1__N1000__conventional__sigma_0.10__rep11,,HISTORICAL_AXIS1__M6A__unit_circle_S1__N1000__conventional__sigma_0.10__rep11,AXIS2__N1_C_RETRO__M6A__unit_circle_S1__N1000__conventional__sigma_0.10__rep11,unit_circle_S1,conventional,0.1,11,6950bef979837cbe5a152ccfaca96d55cf83ab99d69dfc9894e64857a7769d6e,cb95fb41b1c996664c2402aa9c38363832b7614eab5ad5cfa8f40ddbb9373b83,retrospective_axis2_derivation
INDEX__N1_C_RETRO__M6A__unit_circle_S1__N1000__f_mapper__sigma_0.10__rep11,M6A__unit_circle_S1__N1000__f_mapper__sigma_0.10__rep11,,HISTORICAL_AXIS1__M6A__unit_circle_S1__N1000__f_mapper__sigma_0.10__rep11,AXIS2__N1_C_RETRO__M6A__unit_circle_S1__N1000__f_mapper__sigma_0.10__rep11,unit_circle_S1,f_mapper,0.1,11,6950bef979837cbe5a152ccfaca96d55cf83ab99d69dfc9894e64857a7769d6e,cb95fb41b1c996664c2402aa9c38363832b7614eab5ad5cfa8f40ddbb9373b83,retrospective_axis2_derivation
INDEX__N1_C_RETRO__M6A__unit_circle_S1__N1000__conventional__sigma_0.10__rep12,M6A__unit_circle_S1__N1000__conventional__sigma_0.10__rep12,,HISTORICAL_AXIS1__M6A__unit_circle_S1__N1000__conventional__sigma_0.10__rep12,AXIS2__N1_C_RETRO__M6A__unit_circle_S1__N1000__conventional__sigma_0.10__rep12,unit_circle_S1,conventional,0.1,12,6950bef979837cbe5a152ccfaca96d55cf83ab99d69dfc9894e64857a7769d6e,cc2b4ae6a4a8c118a573590efc02e0da7107ad66083d69f431af8ea0fa47bf52,retrospective_axis2_derivation
INDEX__N1_C_RETRO__M6A__unit_circle_S1__N1000__f_mapper__sigma_0.10__rep12,M6A__unit_circle_S1__N1000__f_mapper__sigma_0.10__rep12,,HISTORICAL_AXIS1__M6A__unit_circle_S1__N1000__f_mapper__sigma_0.10__rep12,AXIS2__N1_C_RETRO__M6A__unit_circle_S1__N1000__f_mapper__sigma_0.10__rep12,unit_circle_S1,f_mapper,0.1,12,6950bef979837cbe5a152ccfaca96d55cf83ab99d69dfc9894e64857a7769d6e,cc2b4ae6a4a8c118a573590efc02e0da7107ad66083d69f431af8ea0fa47bf52,retrospective_axis2_derivation
INDEX__N1_C_RETRO__M6A__unit_circle_S1__N1000__conventional__sigma_0.10__rep13,M6A__unit_circle_S1__N1000__conventional__sigma_0.10__rep13,,HISTORICAL_AXIS1__M6A__unit_circle_S1__N1000__conventional__sigma_0.10__rep13,AXIS2__N1_C_RETRO__M6A__unit_circle_S1__N1000__conventional__sigma_0.10__rep13,unit_circle_S1,conventional,0.1,13,6950bef979837cbe5a152ccfaca96d55cf83ab99d69dfc9894e64857a7769d6e,64d717171e5a62e86b5431a42810fda597aeeafa0f209c244310faebf9a554ac,retrospective_axis2_derivation
INDEX__N1_C_RETRO__M6A__unit_circle_S1__N1000__f_mapper__sigma_0.10__rep13,M6A__unit_circle_S1__N1000__f_mapper__sigma_0.10__rep13,,HISTORICAL_AXIS1__M6A__unit_circle_S1__N1000__f_mapper__sigma_0.10__rep13,AXIS2__N1_C_RETRO__M6A__unit_circle_S1__N1000__f_mapper__sigma_0.10__rep13,unit_circle_S1,f_mapper,0.1,13,6950bef979837cbe5a152ccfaca96d55cf83ab99d69dfc9894e64857a7769d6e,64d717171e5a62e86b5431a42810fda597aeeafa0f209c244310faebf9a554ac,retrospective_axis2_derivation
INDEX__N1_C_RETRO__M6A__unit_circle_S1__N1000__conventional__sigma_0.10__rep14,M6A__unit_circle_S1__N1000__conventional__sigma_0.10__rep14,,HISTORICAL_AXIS1__M6A__unit_circle_S1__N1000__conventional__sigma_0.10__rep14,AXIS2__N1_C_RETRO__M6A__unit_circle_S1__N1000__conventional__sigma_0.10__rep14,unit_circle_S1,conventional,0.1,14,6950bef979837cbe5a152ccfaca96d55cf83ab99d69dfc9894e64857a7769d6e,524b4bfea658a764106c9958308e0f26a16b1325d995ec95f692d827e48adad5,retrospective_axis2_derivation
INDEX__N1_C_RETRO__M6A__unit_circle_S1__N1000__f_mapper__sigma_0.10__rep14,M6A__unit_circle_S1__N1000__f_mapper__sigma_0.10__rep14,,HISTORICAL_AXIS1__M6A__unit_circle_S1__N1000__f_mapper__sigma_0.10__rep14,AXIS2__N1_C_RETRO__M6A__unit_circle_S1__N1000__f_mapper__sigma_0.10__rep14,unit_circle_S1,f_mapper,0.1,14,6950bef979837cbe5a152ccfaca96d55cf83ab99d69dfc9894e64857a7769d6e,524b4bfea658a764106c9958308e0f26a16b1325d995ec95f692d827e48adad5,retrospective_axis2_derivation
INDEX__N1_C_RETRO__M6A__unit_circle_S1__N1000__conventional__sigma_0.10__rep15,M6A__unit_circle_S1__N1000__conventional__sigma_0.10__rep15,,HISTORICAL_AXIS1__M6A__unit_circle_S1__N1000__conventional__sigma_0.10__rep15,AXIS2__N1_C_RETRO__M6A__unit_circle_S1__N1000__conventional__sigma_0.10__rep15,unit_circle_S1,conventional,0.1,15,6950bef979837cbe5a152ccfaca96d55cf83ab99d69dfc9894e64857a7769d6e,3f32c51b3d6836998aeab496a57114ffb1f2ac1d8b23f1ae69b68f86f6d8d452,retrospective_axis2_derivation
INDEX__N1_C_RETRO__M6A__unit_circle_S1__N1000__f_mapper__sigma_0.10__rep15,M6A__unit_circle_S1__N1000__f_mapper__sigma_0.10__rep15,,HISTORICAL_AXIS1__M6A__unit_circle_S1__N1000__f_mapper__sigma_0.10__rep15,AXIS2__N1_C_RETRO__M6A__unit_circle_S1__N1000__f_mapper__sigma_0.10__rep15,unit_circle_S1,f_mapper,0.1,15,6950bef979837cbe5a152ccfaca96d55cf83ab99d69dfc9894e64857a7769d6e,3f32c51b3d6836998aeab496a57114ffb1f2ac1d8b23f1ae69b68f86f6d8d452,retrospective_axis2_derivation
INDEX__N1_C_RETRO__M6A__unit_circle_S1__N1000__conventional__sigma_0.10__rep16,M6A__unit_circle_S1__N1000__conventional__sigma_0.10__rep16,,HISTORICAL_AXIS1__M6A__unit_circle_S1__N1000__conventional__sigma_0.10__rep16,AXIS2__N1_C_RETRO__M6A__unit_circle_S1__N1000__conventional__sigma_0.10__rep16,unit_circle_S1,conventional,0.1,16,6950bef979837cbe5a152ccfaca96d55cf83ab99d69dfc9894e64857a7769d6e,e9ab1305586908ad268ae3b84293ae0b8fd0f7c74b2caa1a8fdbaf142d39cde6,retrospective_axis2_derivation
INDEX__N1_C_RETRO__M6A__unit_circle_S1__N1000__f_mapper__sigma_0.10__rep16,M6A__unit_circle_S1__N1000__f_mapper__sigma_0.10__rep16,,HISTORICAL_AXIS1__M6A__unit_circle_S1__N1000__f_mapper__sigma_0.10__rep16,AXIS2__N1_C_RETRO__M6A__unit_circle_S1__N1000__f_mapper__sigma_0.10__rep16,unit_circle_S1,f_mapper,0.1,16,6950bef979837cbe5a152ccfaca96d55cf83ab99d69dfc9894e64857a7769d6e,e9ab1305586908ad268ae3b84293ae0b8fd0f7c74b2caa1a8fdbaf142d39cde6,retrospective_axis2_derivation
INDEX__N1_C_RETRO__M6A__unit_circle_S1__N1000__conventional__sigma_0.10__rep17,M6A__unit_circle_S1__N1000__conventional__sigma_0.10__rep17,,HISTORICAL_AXIS1__M6A__unit_circle_S1__N1000__conventional__sigma_0.10__rep17,AXIS2__N1_C_RETRO__M6A__unit_circle_S1__N1000__conventional__sigma_0.10__rep17,unit_circle_S1,conventional,0.1,17,6950bef979837cbe5a152ccfaca96d55cf83ab99d69dfc9894e64857a7769d6e,c1c879a14c215463fb9b234e8b80c130b65bd9aa736c014d8302c4625c9af53d,retrospective_axis2_derivation
INDEX__N1_C_RETRO__M6A__unit_circle_S1__N1000__f_mapper__sigma_0.10__rep17,M6A__unit_circle_S1__N1000__f_mapper__sigma_0.10__rep17,,HISTORICAL_AXIS1__M6A__unit_circle_S1__N1000__f_mapper__sigma_0.10__rep17,AXIS2__N1_C_RETRO__M6A__unit_circle_S1__N1000__f_mapper__sigma_0.10__rep17,unit_circle_S1,f_mapper,0.1,17,6950bef979837cbe5a152ccfaca96d55cf83ab99d69dfc9894e64857a7769d6e,c1c879a14c215463fb9b234e8b80c130b65bd9aa736c014d8302c4625c9af53d,retrospective_axis2_derivation
INDEX__N1_C_RETRO__M6A__unit_circle_S1__N1000__conventional__sigma_0.10__rep18,M6A__unit_circle_S1__N1000__conventional__sigma_0.10__rep18,,HISTORICAL_AXIS1__M6A__unit_circle_S1__N1000__conventional__sigma_0.10__rep18,AXIS2__N1_C_RETRO__M6A__unit_circle_S1__N1000__conventional__sigma_0.10__rep18,unit_circle_S1,conventional,0.1,18,6950bef979837cbe5a152ccfaca96d55cf83ab99d69dfc9894e64857a7769d6e,b03f71531a4389f6a092167b84f861942b92024b47794a79fd090b9e01969198,retrospective_axis2_derivation
INDEX__N1_C_RETRO__M6A__unit_circle_S1__N1000__f_mapper__sigma_0.10__rep18,M6A__unit_circle_S1__N1000__f_mapper__sigma_0.10__rep18,,HISTORICAL_AXIS1__M6A__unit_circle_S1__N1000__f_mapper__sigma_0.10__rep18,AXIS2__N1_C_RETRO__M6A__unit_circle_S1__N1000__f_mapper__sigma_0.10__rep18,unit_circle_S1,f_mapper,0.1,18,6950bef979837cbe5a152ccfaca96d55cf83ab99d69dfc9894e64857a7769d6e,b03f71531a4389f6a092167b84f861942b92024b47794a79fd090b9e01969198,retrospective_axis2_derivation
INDEX__N1_C_RETRO__M6A__unit_circle_S1__N1000__conventional__sigma_0.10__rep19,M6A__unit_circle_S1__N1000__conventional__sigma_0.10__rep19,,HISTORICAL_AXIS1__M6A__unit_circle_S1__N1000__conventional__sigma_0.10__rep19,AXIS2__N1_C_RETRO__M6A__unit_circle_S1__N1000__conventional__sigma_0.10__rep19,unit_circle_S1,conventional,0.1,19,6950bef979837cbe5a152ccfaca96d55cf83ab99d69dfc9894e64857a7769d6e,6ec440310b1103795da457d53cf8b30a90e000cebcdc73b15c764564d68792a9,retrospective_axis2_derivation
INDEX__N1_C_RETRO__M6A__unit_circle_S1__N1000__f_mapper__sigma_0.10__rep19,M6A__unit_circle_S1__N1000__f_mapper__sigma_0.10__rep19,,HISTORICAL_AXIS1__M6A__unit_circle_S1__N1000__f_mapper__sigma_0.10__rep19,AXIS2__N1_C_RETRO__M6A__unit_circle_S1__N1000__f_mapper__sigma_0.10__rep19,unit_circle_S1,f_mapper,0.1,19,6950bef979837cbe5a152ccfaca96d55cf83ab99d69dfc9894e64857a7769d6e,6ec440310b1103795da457d53cf8b30a90e000cebcdc73b15c764564d68792a9,retrospective_axis2_derivation
INDEX__N1_C_RETRO__M6A__unit_circle_S1__N1000__conventional__sigma_0.10__rep20,M6A__unit_circle_S1__N1000__conventional__sigma_0.10__rep20,,HISTORICAL_AXIS1__M6A__unit_circle_S1__N1000__conventional__sigma_0.10__rep20,AXIS2__N1_C_RETRO__M6A__unit_circle_S1__N1000__conventional__sigma_0.10__rep20,unit_circle_S1,conventional,0.1,20,6950bef979837cbe5a152ccfaca96d55cf83ab99d69dfc9894e64857a7769d6e,e1733e9d90e27c67d8d695822c75e2432850ba7f2f4b9eab489597c635a1125a,retrospective_axis2_derivation
INDEX__N1_C_RETRO__M6A__unit_circle_S1__N1000__f_mapper__sigma_0.10__rep20,M6A__unit_circle_S1__N1000__f_mapper__sigma_0.10__rep20,,HISTORICAL_AXIS1__M6A__unit_circle_S1__N1000__f_mapper__sigma_0.10__rep20,AXIS2__N1_C_RETRO__M6A__unit_circle_S1__N1000__f_mapper__sigma_0.10__rep20,unit_circle_S1,f_mapper,0.1,20,6950bef979837cbe5a152ccfaca96d55cf83ab99d69dfc9894e64857a7769d6e,e1733e9d90e27c67d8d695822c75e2432850ba7f2f4b9eab489597c635a1125a,retrospective_axis2_derivation
INDEX__N1_C_RETRO__M6A__unit_circle_S1__N1000__conventional__sigma_0.10__rep21,M6A__unit_circle_S1__N1000__conventional__sigma_0.10__rep21,,HISTORICAL_AXIS1__M6A__unit_circle_S1__N1000__conventional__sigma_0.10__rep21,AXIS2__N1_C_RETRO__M6A__unit_circle_S1__N1000__conventional__sigma_0.10__rep21,unit_circle_S1,conventional,0.1,21,6950bef979837cbe5a152ccfaca96d55cf83ab99d69dfc9894e64857a7769d6e,b94061e690496fe0e02e23a780d282e77443654b2b5b29498daac90c51cff391,retrospective_axis2_derivation
INDEX__N1_C_RETRO__M6A__unit_circle_S1__N1000__f_mapper__sigma_0.10__rep21,M6A__unit_circle_S1__N1000__f_mapper__sigma_0.10__rep21,,HISTORICAL_AXIS1__M6A__unit_circle_S1__N1000__f_mapper__sigma_0.10__rep21,AXIS2__N1_C_RETRO__M6A__unit_circle_S1__N1000__f_mapper__sigma_0.10__rep21,unit_circle_S1,f_mapper,0.1,21,6950bef979837cbe5a152ccfaca96d55cf83ab99d69dfc9894e64857a7769d6e,b94061e690496fe0e02e23a780d282e77443654b2b5b29498daac90c51cff391,retrospective_axis2_derivation
INDEX__N1_C_RETRO__M6A__unit_circle_S1__N1000__conventional__sigma_0.10__rep22,M6A__unit_circle_S1__N1000__conventional__sigma_0.10__rep22,,HISTORICAL_AXIS1__M6A__unit_circle_S1__N1000__conventional__sigma_0.10__rep22,AXIS2__N1_C_RETRO__M6A__unit_circle_S1__N1000__conventional__sigma_0.10__rep22,unit_circle_S1,conventional,0.1,22,6950bef979837cbe5a152ccfaca96d55cf83ab99d69dfc9894e64857a7769d6e,b57dae0672160f110d60dea11142abbc9e7e8bfe61ff5341ac38b485519fc1aa,retrospective_axis2_derivation
INDEX__N1_C_RETRO__M6A__unit_circle_S1__N1000__f_mapper__sigma_0.10__rep22,M6A__unit_circle_S1__N1000__f_mapper__sigma_0.10__rep22,,HISTORICAL_AXIS1__M6A__unit_circle_S1__N1000__f_mapper__sigma_0.10__rep22,AXIS2__N1_C_RETRO__M6A__unit_circle_S1__N1000__f_mapper__sigma_0.10__rep22,unit_circle_S1,f_mapper,0.1,22,6950bef979837cbe5a152ccfaca96d55cf83ab99d69dfc9894e64857a7769d6e,b57dae0672160f110d60dea11142abbc9e7e8bfe61ff5341ac38b485519fc1aa,retrospective_axis2_derivation
INDEX__N1_C_RETRO__M6A__unit_circle_S1__N1000__conventional__sigma_0.10__rep23,M6A__unit_circle_S1__N1000__conventional__sigma_0.10__rep23,,HISTORICAL_AXIS1__M6A__unit_circle_S1__N1000__conventional__sigma_0.10__rep23,AXIS2__N1_C_RETRO__M6A__unit_circle_S1__N1000__conventional__sigma_0.10__rep23,unit_circle_S1,conventional,0.1,23,6950bef979837cbe5a152ccfaca96d55cf83ab99d69dfc9894e64857a7769d6e,ab8f44858d0f4a10b5549ac876a41f591bf9cdd2a2dcd3305c963db19a5c0ec1,retrospective_axis2_derivation
INDEX__N1_C_RETRO__M6A__unit_circle_S1__N1000__f_mapper__sigma_0.10__rep23,M6A__unit_circle_S1__N1000__f_mapper__sigma_0.10__rep23,,HISTORICAL_AXIS1__M6A__unit_circle_S1__N1000__f_mapper__sigma_0.10__rep23,AXIS2__N1_C_RETRO__M6A__unit_circle_S1__N1000__f_mapper__sigma_0.10__rep23,unit_circle_S1,f_mapper,0.1,23,6950bef979837cbe5a152ccfaca96d55cf83ab99d69dfc9894e64857a7769d6e,ab8f44858d0f4a10b5549ac876a41f591bf9cdd2a2dcd3305c963db19a5c0ec1,retrospective_axis2_derivation
INDEX__N1_C_RETRO__M6A__unit_circle_S1__N1000__conventional__sigma_0.10__rep24,M6A__unit_circle_S1__N1000__conventional__sigma_0.10__rep24,,HISTORICAL_AXIS1__M6A__unit_circle_S1__N1000__conventional__sigma_0.10__rep24,AXIS2__N1_C_RETRO__M6A__unit_circle_S1__N1000__conventional__sigma_0.10__rep24,unit_circle_S1,conventional,0.1,24,6950bef979837cbe5a152ccfaca96d55cf83ab99d69dfc9894e64857a7769d6e,73db274ba0f1857fde4803e0caddc2d95e307dfaebf87a10c0606a27edbc58a7,retrospective_axis2_derivation
INDEX__N1_C_RETRO__M6A__unit_circle_S1__N1000__f_mapper__sigma_0.10__rep24,M6A__unit_circle_S1__N1000__f_mapper__sigma_0.10__rep24,,HISTORICAL_AXIS1__M6A__unit_circle_S1__N1000__f_mapper__sigma_0.10__rep24,AXIS2__N1_C_RETRO__M6A__unit_circle_S1__N1000__f_mapper__sigma_0.10__rep24,unit_circle_S1,f_mapper,0.1,24,6950bef979837cbe5a152ccfaca96d55cf83ab99d69dfc9894e64857a7769d6e,73db274ba0f1857fde4803e0caddc2d95e307dfaebf87a10c0606a27edbc58a7,retrospective_axis2_derivation
INDEX__N1_C_RETRO__M6A__unit_circle_S1__N1000__conventional__sigma_0.10__rep25,M6A__unit_circle_S1__N1000__conventional__sigma_0.10__rep25,,HISTORICAL_AXIS1__M6A__unit_circle_S1__N1000__conventional__sigma_0.10__rep25,AXIS2__N1_C_RETRO__M6A__unit_circle_S1__N1000__conventional__sigma_0.10__rep25,unit_circle_S1,conventional,0.1,25,6950bef979837cbe5a152ccfaca96d55cf83ab99d69dfc9894e64857a7769d6e,55e9c0474a196ffe16591a99f82a6b8bf1bdb5b45ecec16a382c2ed71082438e,retrospective_axis2_derivation
INDEX__N1_C_RETRO__M6A__unit_circle_S1__N1000__f_mapper__sigma_0.10__rep25,M6A__unit_circle_S1__N1000__f_mapper__sigma_0.10__rep25,,HISTORICAL_AXIS1__M6A__unit_circle_S1__N1000__f_mapper__sigma_0.10__rep25,AXIS2__N1_C_RETRO__M6A__unit_circle_S1__N1000__f_mapper__sigma_0.10__rep25,unit_circle_S1,f_mapper,0.1,25,6950bef979837cbe5a152ccfaca96d55cf83ab99d69dfc9894e64857a7769d6e,55e9c0474a196ffe16591a99f82a6b8bf1bdb5b45ecec16a382c2ed71082438e,retrospective_axis2_derivation
INDEX__N1_C_RETRO__M6A__unit_circle_S1__N1000__conventional__sigma_0.10__rep26,M6A__unit_circle_S1__N1000__conventional__sigma_0.10__rep26,,HISTORICAL_AXIS1__M6A__unit_circle_S1__N1000__conventional__sigma_0.10__rep26,AXIS2__N1_C_RETRO__M6A__unit_circle_S1__N1000__conventional__sigma_0.10__rep26,unit_circle_S1,conventional,0.1,26,6950bef979837cbe5a152ccfaca96d55cf83ab99d69dfc9894e64857a7769d6e,e811ab07fa68db52c88ed2c6a442879d8941b8fd48a899fde43eb53e8b0a5e20,retrospective_axis2_derivation
INDEX__N1_C_RETRO__M6A__unit_circle_S1__N1000__f_mapper__sigma_0.10__rep26,M6A__unit_circle_S1__N1000__f_mapper__sigma_0.10__rep26,,HISTORICAL_AXIS1__M6A__unit_circle_S1__N1000__f_mapper__sigma_0.10__rep26,AXIS2__N1_C_RETRO__M6A__unit_circle_S1__N1000__f_mapper__sigma_0.10__rep26,unit_circle_S1,f_mapper,0.1,26,6950bef979837cbe5a152ccfaca96d55cf83ab99d69dfc9894e64857a7769d6e,e811ab07fa68db52c88ed2c6a442879d8941b8fd48a899fde43eb53e8b0a5e20,retrospective_axis2_derivation
INDEX__N1_C_RETRO__M6A__unit_circle_S1__N1000__conventional__sigma_0.10__rep27,M6A__unit_circle_S1__N1000__conventional__sigma_0.10__rep27,,HISTORICAL_AXIS1__M6A__unit_circle_S1__N1000__conventional__sigma_0.10__rep27,AXIS2__N1_C_RETRO__M6A__unit_circle_S1__N1000__conventional__sigma_0.10__rep27,unit_circle_S1,conventional,0.1,27,6950bef979837cbe5a152ccfaca96d55cf83ab99d69dfc9894e64857a7769d6e,cd9b0c934c73397b5ab0d6fba031bcfabcac20113384a28ff41d68032cda5b96,retrospective_axis2_derivation
INDEX__N1_C_RETRO__M6A__unit_circle_S1__N1000__f_mapper__sigma_0.10__rep27,M6A__unit_circle_S1__N1000__f_mapper__sigma_0.10__rep27,,HISTORICAL_AXIS1__M6A__unit_circle_S1__N1000__f_mapper__sigma_0.10__rep27,AXIS2__N1_C_RETRO__M6A__unit_circle_S1__N1000__f_mapper__sigma_0.10__rep27,unit_circle_S1,f_mapper,0.1,27,6950bef979837cbe5a152ccfaca96d55cf83ab99d69dfc9894e64857a7769d6e,cd9b0c934c73397b5ab0d6fba031bcfabcac20113384a28ff41d68032cda5b96,retrospective_axis2_derivation
INDEX__N1_C_RETRO__M6A__unit_circle_S1__N1000__conventional__sigma_0.10__rep28,M6A__unit_circle_S1__N1000__conventional__sigma_0.10__rep28,,HISTORICAL_AXIS1__M6A__unit_circle_S1__N1000__conventional__sigma_0.10__rep28,AXIS2__N1_C_RETRO__M6A__unit_circle_S1__N1000__conventional__sigma_0.10__rep28,unit_circle_S1,conventional,0.1,28,6950bef979837cbe5a152ccfaca96d55cf83ab99d69dfc9894e64857a7769d6e,20eafc4a6a5f78bd08fcef3b93636accc8c22b79a5f321f3c389e01e14528ac0,retrospective_axis2_derivation
INDEX__N1_C_RETRO__M6A__unit_circle_S1__N1000__f_mapper__sigma_0.10__rep28,M6A__unit_circle_S1__N1000__f_mapper__sigma_0.10__rep28,,HISTORICAL_AXIS1__M6A__unit_circle_S1__N1000__f_mapper__sigma_0.10__rep28,AXIS2__N1_C_RETRO__M6A__unit_circle_S1__N1000__f_mapper__sigma_0.10__rep28,unit_circle_S1,f_mapper,0.1,28,6950bef979837cbe5a152ccfaca96d55cf83ab99d69dfc9894e64857a7769d6e,20eafc4a6a5f78bd08fcef3b93636accc8c22b79a5f321f3c389e01e14528ac0,retrospective_axis2_derivation
INDEX__N1_C_RETRO__M6A__unit_circle_S1__N1000__conventional__sigma_0.10__rep29,M6A__unit_circle_S1__N1000__conventional__sigma_0.10__rep29,,HISTORICAL_AXIS1__M6A__unit_circle_S1__N1000__conventional__sigma_0.10__rep29,AXIS2__N1_C_RETRO__M6A__unit_circle_S1__N1000__conventional__sigma_0.10__rep29,unit_circle_S1,conventional,0.1,29,6950bef979837cbe5a152ccfaca96d55cf83ab99d69dfc9894e64857a7769d6e,e3c3b17513470c74ba5666dc04d1b4e5845be8db617f1088a0376d7bf877fca5,retrospective_axis2_derivation
INDEX__N1_C_RETRO__M6A__unit_circle_S1__N1000__f_mapper__sigma_0.10__rep29,M6A__unit_circle_S1__N1000__f_mapper__sigma_0.10__rep29,,HISTORICAL_AXIS1__M6A__unit_circle_S1__N1000__f_mapper__sigma_0.10__rep29,AXIS2__N1_C_RETRO__M6A__unit_circle_S1__N1000__f_mapper__sigma_0.10__rep29,unit_circle_S1,f_mapper,0.1,29,6950bef979837cbe5a152ccfaca96d55cf83ab99d69dfc9894e64857a7769d6e,e3c3b17513470c74ba5666dc04d1b4e5845be8db617f1088a0376d7bf877fca5,retrospective_axis2_derivation
INDEX__N1_C_RETRO__M6A__unit_circle_S1__N1000__conventional__sigma_0.10__rep30,M6A__unit_circle_S1__N1000__conventional__sigma_0.10__rep30,,HISTORICAL_AXIS1__M6A__unit_circle_S1__N1000__conventional__sigma_0.10__rep30,AXIS2__N1_C_RETRO__M6A__unit_circle_S1__N1000__conventional__sigma_0.10__rep30,unit_circle_S1,conventional,0.1,30,6950bef979837cbe5a152ccfaca96d55cf83ab99d69dfc9894e64857a7769d6e,af96d4dcdc021a61b641b1d504340a23f52514860a105202de1a912cb910a988,retrospective_axis2_derivation
INDEX__N1_C_RETRO__M6A__unit_circle_S1__N1000__f_mapper__sigma_0.10__rep30,M6A__unit_circle_S1__N1000__f_mapper__sigma_0.10__rep30,,HISTORICAL_AXIS1__M6A__unit_circle_S1__N1000__f_mapper__sigma_0.10__rep30,AXIS2__N1_C_RETRO__M6A__unit_circle_S1__N1000__f_mapper__sigma_0.10__rep30,unit_circle_S1,f_mapper,0.1,30,6950bef979837cbe5a152ccfaca96d55cf83ab99d69dfc9894e64857a7769d6e,af96d4dcdc021a61b641b1d504340a23f52514860a105202de1a912cb910a988,retrospective_axis2_derivation
INDEX__N1_C_RETRO__M6A2__swiss_roll_with_hole__conventional__sigma_0.00__rep0__3b96f0f2e3f276f4,M6A2__swiss_roll_with_hole__conventional__sigma_0.00__rep0__3b96f0f2e3f276f4,,HISTORICAL_AXIS1__M6A2__swiss_roll_with_hole__conventional__sigma_0.00__rep0__3b96f0f2e3f276f4,AXIS2__N1_C_RETRO__M6A2__swiss_roll_with_hole__conventional__sigma_0.00__rep0__3b96f0f2e3f276f4,swiss_roll_with_hole,conventional,0.0,0,3077d280421674a39be26ff0c74f39d5665595a6753a9e51354c8b69a15d219e,3077d280421674a39be26ff0c74f39d5665595a6753a9e51354c8b69a15d219e,retrospective_axis2_derivation
INDEX__N1_C_RETRO__M6A2__swiss_roll_with_hole__f_mapper__sigma_0.00__rep0__ae0847ec6f406743,M6A2__swiss_roll_with_hole__f_mapper__sigma_0.00__rep0__ae0847ec6f406743,,HISTORICAL_AXIS1__M6A2__swiss_roll_with_hole__f_mapper__sigma_0.00__rep0__ae0847ec6f406743,AXIS2__N1_C_RETRO__M6A2__swiss_roll_with_hole__f_mapper__sigma_0.00__rep0__ae0847ec6f406743,swiss_roll_with_hole,f_mapper,0.0,0,3077d280421674a39be26ff0c74f39d5665595a6753a9e51354c8b69a15d219e,3077d280421674a39be26ff0c74f39d5665595a6753a9e51354c8b69a15d219e,retrospective_axis2_derivation
INDEX__N1_C_RETRO__M6A2__swiss_roll_with_hole__conventional__sigma_0.01__rep1__585e822912d37235,M6A2__swiss_roll_with_hole__conventional__sigma_0.01__rep1__585e822912d37235,,HISTORICAL_AXIS1__M6A2__swiss_roll_with_hole__conventional__sigma_0.01__rep1__585e822912d37235,AXIS2__N1_C_RETRO__M6A2__swiss_roll_with_hole__conventional__sigma_0.01__rep1__585e822912d37235,swiss_roll_with_hole,conventional,0.01,1,3077d280421674a39be26ff0c74f39d5665595a6753a9e51354c8b69a15d219e,ce91c2ddf65cb23e034a72f64063f84fcda8465d670e059f10a0d59bd1d880d0,retrospective_axis2_derivation
INDEX__N1_C_RETRO__M6A2__swiss_roll_with_hole__f_mapper__sigma_0.01__rep1__bf0652bc6119fd6d,M6A2__swiss_roll_with_hole__f_mapper__sigma_0.01__rep1__bf0652bc6119fd6d,,HISTORICAL_AXIS1__M6A2__swiss_roll_with_hole__f_mapper__sigma_0.01__rep1__bf0652bc6119fd6d,AXIS2__N1_C_RETRO__M6A2__swiss_roll_with_hole__f_mapper__sigma_0.01__rep1__bf0652bc6119fd6d,swiss_roll_with_hole,f_mapper,0.01,1,3077d280421674a39be26ff0c74f39d5665595a6753a9e51354c8b69a15d219e,ce91c2ddf65cb23e034a72f64063f84fcda8465d670e059f10a0d59bd1d880d0,retrospective_axis2_derivation
INDEX__N1_C_RETRO__M6A2__swiss_roll_with_hole__conventional__sigma_0.01__rep2__96b506b9b06e78d7,M6A2__swiss_roll_with_hole__conventional__sigma_0.01__rep2__96b506b9b06e78d7,,HISTORICAL_AXIS1__M6A2__swiss_roll_with_hole__conventional__sigma_0.01__rep2__96b506b9b06e78d7,AXIS2__N1_C_RETRO__M6A2__swiss_roll_with_hole__conventional__sigma_0.01__rep2__96b506b9b06e78d7,swiss_roll_with_hole,conventional,0.01,2,3077d280421674a39be26ff0c74f39d5665595a6753a9e51354c8b69a15d219e,1daee18d876b2543fad747bc08f8dab17895c02ec820380152453c7d7be62f79,retrospective_axis2_derivation
INDEX__N1_C_RETRO__M6A2__swiss_roll_with_hole__f_mapper__sigma_0.01__rep2__aaf6e2c2e5bcb5dd,M6A2__swiss_roll_with_hole__f_mapper__sigma_0.01__rep2__aaf6e2c2e5bcb5dd,,HISTORICAL_AXIS1__M6A2__swiss_roll_with_hole__f_mapper__sigma_0.01__rep2__aaf6e2c2e5bcb5dd,AXIS2__N1_C_RETRO__M6A2__swiss_roll_with_hole__f_mapper__sigma_0.01__rep2__aaf6e2c2e5bcb5dd,swiss_roll_with_hole,f_mapper,0.01,2,3077d280421674a39be26ff0c74f39d5665595a6753a9e51354c8b69a15d219e,1daee18d876b2543fad747bc08f8dab17895c02ec820380152453c7d7be62f79,retrospective_axis2_derivation
INDEX__N1_C_RETRO__M6A2__swiss_roll_with_hole__conventional__sigma_0.01__rep3__0ae94d0d1e613dd1,M6A2__swiss_roll_with_hole__conventional__sigma_0.01__rep3__0ae94d0d1e613dd1,,HISTORICAL_AXIS1__M6A2__swiss_roll_with_hole__conventional__sigma_0.01__rep3__0ae94d0d1e613dd1,AXIS2__N1_C_RETRO__M6A2__swiss_roll_with_hole__conventional__sigma_0.01__rep3__0ae94d0d1e613dd1,swiss_roll_with_hole,conventional,0.01,3,3077d280421674a39be26ff0c74f39d5665595a6753a9e51354c8b69a15d219e,779d3fda4bb68d58bd77788f40ac1fd53d735436d84ba09d019078ae710d022e,retrospective_axis2_derivation
INDEX__N1_C_RETRO__M6A2__swiss_roll_with_hole__f_mapper__sigma_0.01__rep3__0eefc3fe280b0d9a,M6A2__swiss_roll_with_hole__f_mapper__sigma_0.01__rep3__0eefc3fe280b0d9a,,HISTORICAL_AXIS1__M6A2__swiss_roll_with_hole__f_mapper__sigma_0.01__rep3__0eefc3fe280b0d9a,AXIS2__N1_C_RETRO__M6A2__swiss_roll_with_hole__f_mapper__sigma_0.01__rep3__0eefc3fe280b0d9a,swiss_roll_with_hole,f_mapper,0.01,3,3077d280421674a39be26ff0c74f39d5665595a6753a9e51354c8b69a15d219e,779d3fda4bb68d58bd77788f40ac1fd53d735436d84ba09d019078ae710d022e,retrospective_axis2_derivation
INDEX__N1_C_RETRO__M6A2__swiss_roll_with_hole__conventional__sigma_0.01__rep4__05477d232b894911,M6A2__swiss_roll_with_hole__conventional__sigma_0.01__rep4__05477d232b894911,,HISTORICAL_AXIS1__M6A2__swiss_roll_with_hole__conventional__sigma_0.01__rep4__05477d232b894911,AXIS2__N1_C_RETRO__M6A2__swiss_roll_with_hole__conventional__sigma_0.01__rep4__05477d232b894911,swiss_roll_with_hole,conventional,0.01,4,3077d280421674a39be26ff0c74f39d5665595a6753a9e51354c8b69a15d219e,f4886b20ca2a3c69584b26177598321cc3cd90294a73a9a96e7182fa83431192,retrospective_axis2_derivation
INDEX__N1_C_RETRO__M6A2__swiss_roll_with_hole__f_mapper__sigma_0.01__rep4__37ea991d993b8024,M6A2__swiss_roll_with_hole__f_mapper__sigma_0.01__rep4__37ea991d993b8024,,HISTORICAL_AXIS1__M6A2__swiss_roll_with_hole__f_mapper__sigma_0.01__rep4__37ea991d993b8024,AXIS2__N1_C_RETRO__M6A2__swiss_roll_with_hole__f_mapper__sigma_0.01__rep4__37ea991d993b8024,swiss_roll_with_hole,f_mapper,0.01,4,3077d280421674a39be26ff0c74f39d5665595a6753a9e51354c8b69a15d219e,f4886b20ca2a3c69584b26177598321cc3cd90294a73a9a96e7182fa83431192,retrospective_axis2_derivation
INDEX__N1_C_RETRO__M6A2__swiss_roll_with_hole__conventional__sigma_0.01__rep5__c4cefaa8e4f50b28,M6A2__swiss_roll_with_hole__conventional__sigma_0.01__rep5__c4cefaa8e4f50b28,,HISTORICAL_AXIS1__M6A2__swiss_roll_with_hole__conventional__sigma_0.01__rep5__c4cefaa8e4f50b28,AXIS2__N1_C_RETRO__M6A2__swiss_roll_with_hole__conventional__sigma_0.01__rep5__c4cefaa8e4f50b28,swiss_roll_with_hole,conventional,0.01,5,3077d280421674a39be26ff0c74f39d5665595a6753a9e51354c8b69a15d219e,223ddd96555a3f117bcbc2ea6e0cac8668257a488daa127e2bd7f4326b1b75cd,retrospective_axis2_derivation
INDEX__N1_C_RETRO__M6A2__swiss_roll_with_hole__f_mapper__sigma_0.01__rep5__81eacb8f22f5b8fe,M6A2__swiss_roll_with_hole__f_mapper__sigma_0.01__rep5__81eacb8f22f5b8fe,,HISTORICAL_AXIS1__M6A2__swiss_roll_with_hole__f_mapper__sigma_0.01__rep5__81eacb8f22f5b8fe,AXIS2__N1_C_RETRO__M6A2__swiss_roll_with_hole__f_mapper__sigma_0.01__rep5__81eacb8f22f5b8fe,swiss_roll_with_hole,f_mapper,0.01,5,3077d280421674a39be26ff0c74f39d5665595a6753a9e51354c8b69a15d219e,223ddd96555a3f117bcbc2ea6e0cac8668257a488daa127e2bd7f4326b1b75cd,retrospective_axis2_derivation
INDEX__N1_C_RETRO__M6A2__swiss_roll_with_hole__conventional__sigma_0.01__rep6__4beca16a5612147c,M6A2__swiss_roll_with_hole__conventional__sigma_0.01__rep6__4beca16a5612147c,,HISTORICAL_AXIS1__M6A2__swiss_roll_with_hole__conventional__sigma_0.01__rep6__4beca16a5612147c,AXIS2__N1_C_RETRO__M6A2__swiss_roll_with_hole__conventional__sigma_0.01__rep6__4beca16a5612147c,swiss_roll_with_hole,conventional,0.01,6,3077d280421674a39be26ff0c74f39d5665595a6753a9e51354c8b69a15d219e,305cbf50f0302bd4d8b14285a440e2b1e5d606c95af20ecf03b30a3fb5a9336d,retrospective_axis2_derivation
INDEX__N1_C_RETRO__M6A2__swiss_roll_with_hole__f_mapper__sigma_0.01__rep6__9773d8b2ba792b18,M6A2__swiss_roll_with_hole__f_mapper__sigma_0.01__rep6__9773d8b2ba792b18,,HISTORICAL_AXIS1__M6A2__swiss_roll_with_hole__f_mapper__sigma_0.01__rep6__9773d8b2ba792b18,AXIS2__N1_C_RETRO__M6A2__swiss_roll_with_hole__f_mapper__sigma_0.01__rep6__9773d8b2ba792b18,swiss_roll_with_hole,f_mapper,0.01,6,3077d280421674a39be26ff0c74f39d5665595a6753a9e51354c8b69a15d219e,305cbf50f0302bd4d8b14285a440e2b1e5d606c95af20ecf03b30a3fb5a9336d,retrospective_axis2_derivation
INDEX__N1_C_RETRO__M6A2__swiss_roll_with_hole__conventional__sigma_0.01__rep7__5e0d3c112c3f2c0c,M6A2__swiss_roll_with_hole__conventional__sigma_0.01__rep7__5e0d3c112c3f2c0c,,HISTORICAL_AXIS1__M6A2__swiss_roll_with_hole__conventional__sigma_0.01__rep7__5e0d3c112c3f2c0c,AXIS2__N1_C_RETRO__M6A2__swiss_roll_with_hole__conventional__sigma_0.01__rep7__5e0d3c112c3f2c0c,swiss_roll_with_hole,conventional,0.01,7,3077d280421674a39be26ff0c74f39d5665595a6753a9e51354c8b69a15d219e,d2a3333d59c4fe2ced9d1b0dd10bd0bed373cebfff6c352fa88c07e0b22a5008,retrospective_axis2_derivation
INDEX__N1_C_RETRO__M6A2__swiss_roll_with_hole__f_mapper__sigma_0.01__rep7__6852ea8fc82d3257,M6A2__swiss_roll_with_hole__f_mapper__sigma_0.01__rep7__6852ea8fc82d3257,,HISTORICAL_AXIS1__M6A2__swiss_roll_with_hole__f_mapper__sigma_0.01__rep7__6852ea8fc82d3257,AXIS2__N1_C_RETRO__M6A2__swiss_roll_with_hole__f_mapper__sigma_0.01__rep7__6852ea8fc82d3257,swiss_roll_with_hole,f_mapper,0.01,7,3077d280421674a39be26ff0c74f39d5665595a6753a9e51354c8b69a15d219e,d2a3333d59c4fe2ced9d1b0dd10bd0bed373cebfff6c352fa88c07e0b22a5008,retrospective_axis2_derivation
INDEX__N1_C_RETRO__M6A2__swiss_roll_with_hole__conventional__sigma_0.01__rep8__1c7df33d0cfe5a22,M6A2__swiss_roll_with_hole__conventional__sigma_0.01__rep8__1c7df33d0cfe5a22,,HISTORICAL_AXIS1__M6A2__swiss_roll_with_hole__conventional__sigma_0.01__rep8__1c7df33d0cfe5a22,AXIS2__N1_C_RETRO__M6A2__swiss_roll_with_hole__conventional__sigma_0.01__rep8__1c7df33d0cfe5a22,swiss_roll_with_hole,conventional,0.01,8,3077d280421674a39be26ff0c74f39d5665595a6753a9e51354c8b69a15d219e,d33e399d266033f6e46e835a6e822e20c1c9452c2018d88fffe2c74fca8d869b,retrospective_axis2_derivation
INDEX__N1_C_RETRO__M6A2__swiss_roll_with_hole__f_mapper__sigma_0.01__rep8__ab8464d1aeab4bd2,M6A2__swiss_roll_with_hole__f_mapper__sigma_0.01__rep8__ab8464d1aeab4bd2,,HISTORICAL_AXIS1__M6A2__swiss_roll_with_hole__f_mapper__sigma_0.01__rep8__ab8464d1aeab4bd2,AXIS2__N1_C_RETRO__M6A2__swiss_roll_with_hole__f_mapper__sigma_0.01__rep8__ab8464d1aeab4bd2,swiss_roll_with_hole,f_mapper,0.01,8,3077d280421674a39be26ff0c74f39d5665595a6753a9e51354c8b69a15d219e,d33e399d266033f6e46e835a6e822e20c1c9452c2018d88fffe2c74fca8d869b,retrospective_axis2_derivation
INDEX__N1_C_RETRO__M6A2__swiss_roll_with_hole__conventional__sigma_0.01__rep9__b42cf2bc7ff1d793,M6A2__swiss_roll_with_hole__conventional__sigma_0.01__rep9__b42cf2bc7ff1d793,,HISTORICAL_AXIS1__M6A2__swiss_roll_with_hole__conventional__sigma_0.01__rep9__b42cf2bc7ff1d793,AXIS2__N1_C_RETRO__M6A2__swiss_roll_with_hole__conventional__sigma_0.01__rep9__b42cf2bc7ff1d793,swiss_roll_with_hole,conventional,0.01,9,3077d280421674a39be26ff0c74f39d5665595a6753a9e51354c8b69a15d219e,1d5c17ff1871824bcfcdd0a4a0a4954f1d020cbb5489626d835309be0b32f5fd,retrospective_axis2_derivation
INDEX__N1_C_RETRO__M6A2__swiss_roll_with_hole__f_mapper__sigma_0.01__rep9__f81fdf832d137f09,M6A2__swiss_roll_with_hole__f_mapper__sigma_0.01__rep9__f81fdf832d137f09,,HISTORICAL_AXIS1__M6A2__swiss_roll_with_hole__f_mapper__sigma_0.01__rep9__f81fdf832d137f09,AXIS2__N1_C_RETRO__M6A2__swiss_roll_with_hole__f_mapper__sigma_0.01__rep9__f81fdf832d137f09,swiss_roll_with_hole,f_mapper,0.01,9,3077d280421674a39be26ff0c74f39d5665595a6753a9e51354c8b69a15d219e,1d5c17ff1871824bcfcdd0a4a0a4954f1d020cbb5489626d835309be0b32f5fd,retrospective_axis2_derivation
INDEX__N1_C_RETRO__M6A2__swiss_roll_with_hole__conventional__sigma_0.01__rep10__e4a3add1d0ec7e1f,M6A2__swiss_roll_with_hole__conventional__sigma_0.01__rep10__e4a3add1d0ec7e1f,,HISTORICAL_AXIS1__M6A2__swiss_roll_with_hole__conventional__sigma_0.01__rep10__e4a3add1d0ec7e1f,AXIS2__N1_C_RETRO__M6A2__swiss_roll_with_hole__conventional__sigma_0.01__rep10__e4a3add1d0ec7e1f,swiss_roll_with_hole,conventional,0.01,10,3077d280421674a39be26ff0c74f39d5665595a6753a9e51354c8b69a15d219e,6986d426420569a3bf8f190acc3de272b9e702c9df520bba99ad2c683559846a,retrospective_axis2_derivation
INDEX__N1_C_RETRO__M6A2__swiss_roll_with_hole__f_mapper__sigma_0.01__rep10__178ce23be7214359,M6A2__swiss_roll_with_hole__f_mapper__sigma_0.01__rep10__178ce23be7214359,,HISTORICAL_AXIS1__M6A2__swiss_roll_with_hole__f_mapper__sigma_0.01__rep10__178ce23be7214359,AXIS2__N1_C_RETRO__M6A2__swiss_roll_with_hole__f_mapper__sigma_0.01__rep10__178ce23be7214359,swiss_roll_with_hole,f_mapper,0.01,10,3077d280421674a39be26ff0c74f39d5665595a6753a9e51354c8b69a15d219e,6986d426420569a3bf8f190acc3de272b9e702c9df520bba99ad2c683559846a,retrospective_axis2_derivation
INDEX__N1_C_RETRO__M6A2__swiss_roll_with_hole__conventional__sigma_0.01__rep11__06e9f7482385cfd1,M6A2__swiss_roll_with_hole__conventional__sigma_0.01__rep11__06e9f7482385cfd1,,HISTORICAL_AXIS1__M6A2__swiss_roll_with_hole__conventional__sigma_0.01__rep11__06e9f7482385cfd1,AXIS2__N1_C_RETRO__M6A2__swiss_roll_with_hole__conventional__sigma_0.01__rep11__06e9f7482385cfd1,swiss_roll_with_hole,conventional,0.01,11,3077d280421674a39be26ff0c74f39d5665595a6753a9e51354c8b69a15d219e,24cbc081d2d64dd27f7a16caa0df2afcf850db85aa52ac2cfcc3a61ae33e7201,retrospective_axis2_derivation
INDEX__N1_C_RETRO__M6A2__swiss_roll_with_hole__f_mapper__sigma_0.01__rep11__3470ce98d778f652,M6A2__swiss_roll_with_hole__f_mapper__sigma_0.01__rep11__3470ce98d778f652,,HISTORICAL_AXIS1__M6A2__swiss_roll_with_hole__f_mapper__sigma_0.01__rep11__3470ce98d778f652,AXIS2__N1_C_RETRO__M6A2__swiss_roll_with_hole__f_mapper__sigma_0.01__rep11__3470ce98d778f652,swiss_roll_with_hole,f_mapper,0.01,11,3077d280421674a39be26ff0c74f39d5665595a6753a9e51354c8b69a15d219e,24cbc081d2d64dd27f7a16caa0df2afcf850db85aa52ac2cfcc3a61ae33e7201,retrospective_axis2_derivation
INDEX__N1_C_RETRO__M6A2__swiss_roll_with_hole__conventional__sigma_0.01__rep12__0f1a7d668f09c8bc,M6A2__swiss_roll_with_hole__conventional__sigma_0.01__rep12__0f1a7d668f09c8bc,,HISTORICAL_AXIS1__M6A2__swiss_roll_with_hole__conventional__sigma_0.01__rep12__0f1a7d668f09c8bc,AXIS2__N1_C_RETRO__M6A2__swiss_roll_with_hole__conventional__sigma_0.01__rep12__0f1a7d668f09c8bc,swiss_roll_with_hole,conventional,0.01,12,3077d280421674a39be26ff0c74f39d5665595a6753a9e51354c8b69a15d219e,1457bc11a3279d9944c27738f4ab5e6e507b95300cbabaaa6686bf5911ebd0cb,retrospective_axis2_derivation
INDEX__N1_C_RETRO__M6A2__swiss_roll_with_hole__f_mapper__sigma_0.01__rep12__4376a70edab807c2,M6A2__swiss_roll_with_hole__f_mapper__sigma_0.01__rep12__4376a70edab807c2,,HISTORICAL_AXIS1__M6A2__swiss_roll_with_hole__f_mapper__sigma_0.01__rep12__4376a70edab807c2,AXIS2__N1_C_RETRO__M6A2__swiss_roll_with_hole__f_mapper__sigma_0.01__rep12__4376a70edab807c2,swiss_roll_with_hole,f_mapper,0.01,12,3077d280421674a39be26ff0c74f39d5665595a6753a9e51354c8b69a15d219e,1457bc11a3279d9944c27738f4ab5e6e507b95300cbabaaa6686bf5911ebd0cb,retrospective_axis2_derivation
INDEX__N1_C_RETRO__M6A2__swiss_roll_with_hole__conventional__sigma_0.01__rep13__28192938bfee802d,M6A2__swiss_roll_with_hole__conventional__sigma_0.01__rep13__28192938bfee802d,,HISTORICAL_AXIS1__M6A2__swiss_roll_with_hole__conventional__sigma_0.01__rep13__28192938bfee802d,AXIS2__N1_C_RETRO__M6A2__swiss_roll_with_hole__conventional__sigma_0.01__rep13__28192938bfee802d,swiss_roll_with_hole,conventional,0.01,13,3077d280421674a39be26ff0c74f39d5665595a6753a9e51354c8b69a15d219e,1164c211aa013c8b5deb2ef018d5bdd1850516feddaea36d8ac02cdbec7d591b,retrospective_axis2_derivation
INDEX__N1_C_RETRO__M6A2__swiss_roll_with_hole__f_mapper__sigma_0.01__rep13__4ab92120ea4381c4,M6A2__swiss_roll_with_hole__f_mapper__sigma_0.01__rep13__4ab92120ea4381c4,,HISTORICAL_AXIS1__M6A2__swiss_roll_with_hole__f_mapper__sigma_0.01__rep13__4ab92120ea4381c4,AXIS2__N1_C_RETRO__M6A2__swiss_roll_with_hole__f_mapper__sigma_0.01__rep13__4ab92120ea4381c4,swiss_roll_with_hole,f_mapper,0.01,13,3077d280421674a39be26ff0c74f39d5665595a6753a9e51354c8b69a15d219e,1164c211aa013c8b5deb2ef018d5bdd1850516feddaea36d8ac02cdbec7d591b,retrospective_axis2_derivation
INDEX__N1_C_RETRO__M6A2__swiss_roll_with_hole__conventional__sigma_0.01__rep14__f0d6aeedc83e5774,M6A2__swiss_roll_with_hole__conventional__sigma_0.01__rep14__f0d6aeedc83e5774,,HISTORICAL_AXIS1__M6A2__swiss_roll_with_hole__conventional__sigma_0.01__rep14__f0d6aeedc83e5774,AXIS2__N1_C_RETRO__M6A2__swiss_roll_with_hole__conventional__sigma_0.01__rep14__f0d6aeedc83e5774,swiss_roll_with_hole,conventional,0.01,14,3077d280421674a39be26ff0c74f39d5665595a6753a9e51354c8b69a15d219e,a29f34982c3fa1eb712bcba404073fe4b56d343022ceeac128801509a86f6b78,retrospective_axis2_derivation
INDEX__N1_C_RETRO__M6A2__swiss_roll_with_hole__f_mapper__sigma_0.01__rep14__a82355fb06d6d729,M6A2__swiss_roll_with_hole__f_mapper__sigma_0.01__rep14__a82355fb06d6d729,,HISTORICAL_AXIS1__M6A2__swiss_roll_with_hole__f_mapper__sigma_0.01__rep14__a82355fb06d6d729,AXIS2__N1_C_RETRO__M6A2__swiss_roll_with_hole__f_mapper__sigma_0.01__rep14__a82355fb06d6d729,swiss_roll_with_hole,f_mapper,0.01,14,3077d280421674a39be26ff0c74f39d5665595a6753a9e51354c8b69a15d219e,a29f34982c3fa1eb712bcba404073fe4b56d343022ceeac128801509a86f6b78,retrospective_axis2_derivation
INDEX__N1_C_RETRO__M6A2__swiss_roll_with_hole__conventional__sigma_0.01__rep15__a683d5bf879c35f0,M6A2__swiss_roll_with_hole__conventional__sigma_0.01__rep15__a683d5bf879c35f0,,HISTORICAL_AXIS1__M6A2__swiss_roll_with_hole__conventional__sigma_0.01__rep15__a683d5bf879c35f0,AXIS2__N1_C_RETRO__M6A2__swiss_roll_with_hole__conventional__sigma_0.01__rep15__a683d5bf879c35f0,swiss_roll_with_hole,conventional,0.01,15,3077d280421674a39be26ff0c74f39d5665595a6753a9e51354c8b69a15d219e,e910c02823a457d5566091b24b68a927ad344fe87f970c29fb1a3ff0434e151f,retrospective_axis2_derivation
INDEX__N1_C_RETRO__M6A2__swiss_roll_with_hole__f_mapper__sigma_0.01__rep15__9d6a7fecfc8e56a5,M6A2__swiss_roll_with_hole__f_mapper__sigma_0.01__rep15__9d6a7fecfc8e56a5,,HISTORICAL_AXIS1__M6A2__swiss_roll_with_hole__f_mapper__sigma_0.01__rep15__9d6a7fecfc8e56a5,AXIS2__N1_C_RETRO__M6A2__swiss_roll_with_hole__f_mapper__sigma_0.01__rep15__9d6a7fecfc8e56a5,swiss_roll_with_hole,f_mapper,0.01,15,3077d280421674a39be26ff0c74f39d5665595a6753a9e51354c8b69a15d219e,e910c02823a457d5566091b24b68a927ad344fe87f970c29fb1a3ff0434e151f,retrospective_axis2_derivation
INDEX__N1_C_RETRO__M6A2__swiss_roll_with_hole__conventional__sigma_0.01__rep16__aec65931afbe4455,M6A2__swiss_roll_with_hole__conventional__sigma_0.01__rep16__aec65931afbe4455,,HISTORICAL_AXIS1__M6A2__swiss_roll_with_hole__conventional__sigma_0.01__rep16__aec65931afbe4455,AXIS2__N1_C_RETRO__M6A2__swiss_roll_with_hole__conventional__sigma_0.01__rep16__aec65931afbe4455,swiss_roll_with_hole,conventional,0.01,16,3077d280421674a39be26ff0c74f39d5665595a6753a9e51354c8b69a15d219e,622750b3bbf4dd165edd03b47266917392f29336583f1da0358faecc05015cd8,retrospective_axis2_derivation
INDEX__N1_C_RETRO__M6A2__swiss_roll_with_hole__f_mapper__sigma_0.01__rep16__b92072eea25db043,M6A2__swiss_roll_with_hole__f_mapper__sigma_0.01__rep16__b92072eea25db043,,HISTORICAL_AXIS1__M6A2__swiss_roll_with_hole__f_mapper__sigma_0.01__rep16__b92072eea25db043,AXIS2__N1_C_RETRO__M6A2__swiss_roll_with_hole__f_mapper__sigma_0.01__rep16__b92072eea25db043,swiss_roll_with_hole,f_mapper,0.01,16,3077d280421674a39be26ff0c74f39d5665595a6753a9e51354c8b69a15d219e,622750b3bbf4dd165edd03b47266917392f29336583f1da0358faecc05015cd8,retrospective_axis2_derivation
INDEX__N1_C_RETRO__M6A2__swiss_roll_with_hole__conventional__sigma_0.01__rep17__c635e18ed37f4d94,M6A2__swiss_roll_with_hole__conventional__sigma_0.01__rep17__c635e18ed37f4d94,,HISTORICAL_AXIS1__M6A2__swiss_roll_with_hole__conventional__sigma_0.01__rep17__c635e18ed37f4d94,AXIS2__N1_C_RETRO__M6A2__swiss_roll_with_hole__conventional__sigma_0.01__rep17__c635e18ed37f4d94,swiss_roll_with_hole,conventional,0.01,17,3077d280421674a39be26ff0c74f39d5665595a6753a9e51354c8b69a15d219e,1e19c0f1baa22a7003bc7d72cafcfe553debe29a9ab392d48add9a347a3298fa,retrospective_axis2_derivation
INDEX__N1_C_RETRO__M6A2__swiss_roll_with_hole__f_mapper__sigma_0.01__rep17__0fd119814c751fd5,M6A2__swiss_roll_with_hole__f_mapper__sigma_0.01__rep17__0fd119814c751fd5,,HISTORICAL_AXIS1__M6A2__swiss_roll_with_hole__f_mapper__sigma_0.01__rep17__0fd119814c751fd5,AXIS2__N1_C_RETRO__M6A2__swiss_roll_with_hole__f_mapper__sigma_0.01__rep17__0fd119814c751fd5,swiss_roll_with_hole,f_mapper,0.01,17,3077d280421674a39be26ff0c74f39d5665595a6753a9e51354c8b69a15d219e,1e19c0f1baa22a7003bc7d72cafcfe553debe29a9ab392d48add9a347a3298fa,retrospective_axis2_derivation
INDEX__N1_C_RETRO__M6A2__swiss_roll_with_hole__conventional__sigma_0.01__rep18__5421584c992db48b,M6A2__swiss_roll_with_hole__conventional__sigma_0.01__rep18__5421584c992db48b,,HISTORICAL_AXIS1__M6A2__swiss_roll_with_hole__conventional__sigma_0.01__rep18__5421584c992db48b,AXIS2__N1_C_RETRO__M6A2__swiss_roll_with_hole__conventional__sigma_0.01__rep18__5421584c992db48b,swiss_roll_with_hole,conventional,0.01,18,3077d280421674a39be26ff0c74f39d5665595a6753a9e51354c8b69a15d219e,f61a3be81da823467a9d8900963ef4769ab853b124f4e7836de7626c79e4d09d,retrospective_axis2_derivation
INDEX__N1_C_RETRO__M6A2__swiss_roll_with_hole__f_mapper__sigma_0.01__rep18__0bea9cd97c044c33,M6A2__swiss_roll_with_hole__f_mapper__sigma_0.01__rep18__0bea9cd97c044c33,,HISTORICAL_AXIS1__M6A2__swiss_roll_with_hole__f_mapper__sigma_0.01__rep18__0bea9cd97c044c33,AXIS2__N1_C_RETRO__M6A2__swiss_roll_with_hole__f_mapper__sigma_0.01__rep18__0bea9cd97c044c33,swiss_roll_with_hole,f_mapper,0.01,18,3077d280421674a39be26ff0c74f39d5665595a6753a9e51354c8b69a15d219e,f61a3be81da823467a9d8900963ef4769ab853b124f4e7836de7626c79e4d09d,retrospective_axis2_derivation
INDEX__N1_C_RETRO__M6A2__swiss_roll_with_hole__conventional__sigma_0.01__rep19__bb31037cda4cb33d,M6A2__swiss_roll_with_hole__conventional__sigma_0.01__rep19__bb31037cda4cb33d,,HISTORICAL_AXIS1__M6A2__swiss_roll_with_hole__conventional__sigma_0.01__rep19__bb31037cda4cb33d,AXIS2__N1_C_RETRO__M6A2__swiss_roll_with_hole__conventional__sigma_0.01__rep19__bb31037cda4cb33d,swiss_roll_with_hole,conventional,0.01,19,3077d280421674a39be26ff0c74f39d5665595a6753a9e51354c8b69a15d219e,73bb28c23e8a2d62f3a07af7415f3aafb5919a1c319609461d39d0ac999140c4,retrospective_axis2_derivation
INDEX__N1_C_RETRO__M6A2__swiss_roll_with_hole__f_mapper__sigma_0.01__rep19__0a258dcf25d6cef9,M6A2__swiss_roll_with_hole__f_mapper__sigma_0.01__rep19__0a258dcf25d6cef9,,HISTORICAL_AXIS1__M6A2__swiss_roll_with_hole__f_mapper__sigma_0.01__rep19__0a258dcf25d6cef9,AXIS2__N1_C_RETRO__M6A2__swiss_roll_with_hole__f_mapper__sigma_0.01__rep19__0a258dcf25d6cef9,swiss_roll_with_hole,f_mapper,0.01,19,3077d280421674a39be26ff0c74f39d5665595a6753a9e51354c8b69a15d219e,73bb28c23e8a2d62f3a07af7415f3aafb5919a1c319609461d39d0ac999140c4,retrospective_axis2_derivation
INDEX__N1_C_RETRO__M6A2__swiss_roll_with_hole__conventional__sigma_0.01__rep20__3d6092f8c3587c64,M6A2__swiss_roll_with_hole__conventional__sigma_0.01__rep20__3d6092f8c3587c64,,HISTORICAL_AXIS1__M6A2__swiss_roll_with_hole__conventional__sigma_0.01__rep20__3d6092f8c3587c64,AXIS2__N1_C_RETRO__M6A2__swiss_roll_with_hole__conventional__sigma_0.01__rep20__3d6092f8c3587c64,swiss_roll_with_hole,conventional,0.01,20,3077d280421674a39be26ff0c74f39d5665595a6753a9e51354c8b69a15d219e,804b753ac7af481bb466860aaaa24c72939563d37f6f1cead369400e6029bb88,retrospective_axis2_derivation
INDEX__N1_C_RETRO__M6A2__swiss_roll_with_hole__f_mapper__sigma_0.01__rep20__2f9773650bd06d3f,M6A2__swiss_roll_with_hole__f_mapper__sigma_0.01__rep20__2f9773650bd06d3f,,HISTORICAL_AXIS1__M6A2__swiss_roll_with_hole__f_mapper__sigma_0.01__rep20__2f9773650bd06d3f,AXIS2__N1_C_RETRO__M6A2__swiss_roll_with_hole__f_mapper__sigma_0.01__rep20__2f9773650bd06d3f,swiss_roll_with_hole,f_mapper,0.01,20,3077d280421674a39be26ff0c74f39d5665595a6753a9e51354c8b69a15d219e,804b753ac7af481bb466860aaaa24c72939563d37f6f1cead369400e6029bb88,retrospective_axis2_derivation
INDEX__N1_C_RETRO__M6A2__swiss_roll_with_hole__conventional__sigma_0.01__rep21__0177327feaf2edc5,M6A2__swiss_roll_with_hole__conventional__sigma_0.01__rep21__0177327feaf2edc5,,HISTORICAL_AXIS1__M6A2__swiss_roll_with_hole__conventional__sigma_0.01__rep21__0177327feaf2edc5,AXIS2__N1_C_RETRO__M6A2__swiss_roll_with_hole__conventional__sigma_0.01__rep21__0177327feaf2edc5,swiss_roll_with_hole,conventional,0.01,21,3077d280421674a39be26ff0c74f39d5665595a6753a9e51354c8b69a15d219e,4d45a71eecc1a72f635d7823ad1b449cb1a66f4836a371d44f0384a85e091b5d,retrospective_axis2_derivation
INDEX__N1_C_RETRO__M6A2__swiss_roll_with_hole__f_mapper__sigma_0.01__rep21__de0d39d22253647c,M6A2__swiss_roll_with_hole__f_mapper__sigma_0.01__rep21__de0d39d22253647c,,HISTORICAL_AXIS1__M6A2__swiss_roll_with_hole__f_mapper__sigma_0.01__rep21__de0d39d22253647c,AXIS2__N1_C_RETRO__M6A2__swiss_roll_with_hole__f_mapper__sigma_0.01__rep21__de0d39d22253647c,swiss_roll_with_hole,f_mapper,0.01,21,3077d280421674a39be26ff0c74f39d5665595a6753a9e51354c8b69a15d219e,4d45a71eecc1a72f635d7823ad1b449cb1a66f4836a371d44f0384a85e091b5d,retrospective_axis2_derivation
INDEX__N1_C_RETRO__M6A2__swiss_roll_with_hole__conventional__sigma_0.01__rep22__45b6b7084c8b73a6,M6A2__swiss_roll_with_hole__conventional__sigma_0.01__rep22__45b6b7084c8b73a6,,HISTORICAL_AXIS1__M6A2__swiss_roll_with_hole__conventional__sigma_0.01__rep22__45b6b7084c8b73a6,AXIS2__N1_C_RETRO__M6A2__swiss_roll_with_hole__conventional__sigma_0.01__rep22__45b6b7084c8b73a6,swiss_roll_with_hole,conventional,0.01,22,3077d280421674a39be26ff0c74f39d5665595a6753a9e51354c8b69a15d219e,0a7659e8a990583a31fe38e4cf819a8a6c2d4d02a4b8c5442d8936b783069f7c,retrospective_axis2_derivation
INDEX__N1_C_RETRO__M6A2__swiss_roll_with_hole__f_mapper__sigma_0.01__rep22__8da4f2bd34ee7c44,M6A2__swiss_roll_with_hole__f_mapper__sigma_0.01__rep22__8da4f2bd34ee7c44,,HISTORICAL_AXIS1__M6A2__swiss_roll_with_hole__f_mapper__sigma_0.01__rep22__8da4f2bd34ee7c44,AXIS2__N1_C_RETRO__M6A2__swiss_roll_with_hole__f_mapper__sigma_0.01__rep22__8da4f2bd34ee7c44,swiss_roll_with_hole,f_mapper,0.01,22,3077d280421674a39be26ff0c74f39d5665595a6753a9e51354c8b69a15d219e,0a7659e8a990583a31fe38e4cf819a8a6c2d4d02a4b8c5442d8936b783069f7c,retrospective_axis2_derivation
INDEX__N1_C_RETRO__M6A2__swiss_roll_with_hole__conventional__sigma_0.01__rep23__eea0838e2099ae1f,M6A2__swiss_roll_with_hole__conventional__sigma_0.01__rep23__eea0838e2099ae1f,,HISTORICAL_AXIS1__M6A2__swiss_roll_with_hole__conventional__sigma_0.01__rep23__eea0838e2099ae1f,AXIS2__N1_C_RETRO__M6A2__swiss_roll_with_hole__conventional__sigma_0.01__rep23__eea0838e2099ae1f,swiss_roll_with_hole,conventional,0.01,23,3077d280421674a39be26ff0c74f39d5665595a6753a9e51354c8b69a15d219e,5430e3efca77fde6f61e9a62aabb6e432745178eabae8cb35357cc486cfb22d6,retrospective_axis2_derivation
INDEX__N1_C_RETRO__M6A2__swiss_roll_with_hole__f_mapper__sigma_0.01__rep23__b89d1b0852519c8f,M6A2__swiss_roll_with_hole__f_mapper__sigma_0.01__rep23__b89d1b0852519c8f,,HISTORICAL_AXIS1__M6A2__swiss_roll_with_hole__f_mapper__sigma_0.01__rep23__b89d1b0852519c8f,AXIS2__N1_C_RETRO__M6A2__swiss_roll_with_hole__f_mapper__sigma_0.01__rep23__b89d1b0852519c8f,swiss_roll_with_hole,f_mapper,0.01,23,3077d280421674a39be26ff0c74f39d5665595a6753a9e51354c8b69a15d219e,5430e3efca77fde6f61e9a62aabb6e432745178eabae8cb35357cc486cfb22d6,retrospective_axis2_derivation
INDEX__N1_C_RETRO__M6A2__swiss_roll_with_hole__conventional__sigma_0.01__rep24__49c80749679f2014,M6A2__swiss_roll_with_hole__conventional__sigma_0.01__rep24__49c80749679f2014,,HISTORICAL_AXIS1__M6A2__swiss_roll_with_hole__conventional__sigma_0.01__rep24__49c80749679f2014,AXIS2__N1_C_RETRO__M6A2__swiss_roll_with_hole__conventional__sigma_0.01__rep24__49c80749679f2014,swiss_roll_with_hole,conventional,0.01,24,3077d280421674a39be26ff0c74f39d5665595a6753a9e51354c8b69a15d219e,32c5bd8aa9492ebc3f398f92941cc48a0dfd7dfba62b6726771eddfccb90f147,retrospective_axis2_derivation
INDEX__N1_C_RETRO__M6A2__swiss_roll_with_hole__f_mapper__sigma_0.01__rep24__9be77d1c40aa2351,M6A2__swiss_roll_with_hole__f_mapper__sigma_0.01__rep24__9be77d1c40aa2351,,HISTORICAL_AXIS1__M6A2__swiss_roll_with_hole__f_mapper__sigma_0.01__rep24__9be77d1c40aa2351,AXIS2__N1_C_RETRO__M6A2__swiss_roll_with_hole__f_mapper__sigma_0.01__rep24__9be77d1c40aa2351,swiss_roll_with_hole,f_mapper,0.01,24,3077d280421674a39be26ff0c74f39d5665595a6753a9e51354c8b69a15d219e,32c5bd8aa9492ebc3f398f92941cc48a0dfd7dfba62b6726771eddfccb90f147,retrospective_axis2_derivation
INDEX__N1_C_RETRO__M6A2__swiss_roll_with_hole__conventional__sigma_0.01__rep25__99f2d68bec404874,M6A2__swiss_roll_with_hole__conventional__sigma_0.01__rep25__99f2d68bec404874,,HISTORICAL_AXIS1__M6A2__swiss_roll_with_hole__conventional__sigma_0.01__rep25__99f2d68bec404874,AXIS2__N1_C_RETRO__M6A2__swiss_roll_with_hole__conventional__sigma_0.01__rep25__99f2d68bec404874,swiss_roll_with_hole,conventional,0.01,25,3077d280421674a39be26ff0c74f39d5665595a6753a9e51354c8b69a15d219e,606935a5567cc7ffcb0e5b6fe94f59cf85c39cec1fa5b2cb82bc1a7338a3a426,retrospective_axis2_derivation
INDEX__N1_C_RETRO__M6A2__swiss_roll_with_hole__f_mapper__sigma_0.01__rep25__1db8716314afcd12,M6A2__swiss_roll_with_hole__f_mapper__sigma_0.01__rep25__1db8716314afcd12,,HISTORICAL_AXIS1__M6A2__swiss_roll_with_hole__f_mapper__sigma_0.01__rep25__1db8716314afcd12,AXIS2__N1_C_RETRO__M6A2__swiss_roll_with_hole__f_mapper__sigma_0.01__rep25__1db8716314afcd12,swiss_roll_with_hole,f_mapper,0.01,25,3077d280421674a39be26ff0c74f39d5665595a6753a9e51354c8b69a15d219e,606935a5567cc7ffcb0e5b6fe94f59cf85c39cec1fa5b2cb82bc1a7338a3a426,retrospective_axis2_derivation
INDEX__N1_C_RETRO__M6A2__swiss_roll_with_hole__conventional__sigma_0.01__rep26__47249aaa8b99f9b5,M6A2__swiss_roll_with_hole__conventional__sigma_0.01__rep26__47249aaa8b99f9b5,,HISTORICAL_AXIS1__M6A2__swiss_roll_with_hole__conventional__sigma_0.01__rep26__47249aaa8b99f9b5,AXIS2__N1_C_RETRO__M6A2__swiss_roll_with_hole__conventional__sigma_0.01__rep26__47249aaa8b99f9b5,swiss_roll_with_hole,conventional,0.01,26,3077d280421674a39be26ff0c74f39d5665595a6753a9e51354c8b69a15d219e,7946dad008a064be794486423e54a3e16088e082a7189e85f48feb6d1e8035e3,retrospective_axis2_derivation
INDEX__N1_C_RETRO__M6A2__swiss_roll_with_hole__f_mapper__sigma_0.01__rep26__a0e62d8888047c62,M6A2__swiss_roll_with_hole__f_mapper__sigma_0.01__rep26__a0e62d8888047c62,,HISTORICAL_AXIS1__M6A2__swiss_roll_with_hole__f_mapper__sigma_0.01__rep26__a0e62d8888047c62,AXIS2__N1_C_RETRO__M6A2__swiss_roll_with_hole__f_mapper__sigma_0.01__rep26__a0e62d8888047c62,swiss_roll_with_hole,f_mapper,0.01,26,3077d280421674a39be26ff0c74f39d5665595a6753a9e51354c8b69a15d219e,7946dad008a064be794486423e54a3e16088e082a7189e85f48feb6d1e8035e3,retrospective_axis2_derivation
INDEX__N1_C_RETRO__M6A2__swiss_roll_with_hole__conventional__sigma_0.01__rep27__ee435a1ba80e8a65,M6A2__swiss_roll_with_hole__conventional__sigma_0.01__rep27__ee435a1ba80e8a65,,HISTORICAL_AXIS1__M6A2__swiss_roll_with_hole__conventional__sigma_0.01__rep27__ee435a1ba80e8a65,AXIS2__N1_C_RETRO__M6A2__swiss_roll_with_hole__conventional__sigma_0.01__rep27__ee435a1ba80e8a65,swiss_roll_with_hole,conventional,0.01,27,3077d280421674a39be26ff0c74f39d5665595a6753a9e51354c8b69a15d219e,453f64c96c9b16ad9a3013f157de8aa73b222eb561889508e552c3515221b096,retrospective_axis2_derivation
INDEX__N1_C_RETRO__M6A2__swiss_roll_with_hole__f_mapper__sigma_0.01__rep27__664beacfa3d4df14,M6A2__swiss_roll_with_hole__f_mapper__sigma_0.01__rep27__664beacfa3d4df14,,HISTORICAL_AXIS1__M6A2__swiss_roll_with_hole__f_mapper__sigma_0.01__rep27__664beacfa3d4df14,AXIS2__N1_C_RETRO__M6A2__swiss_roll_with_hole__f_mapper__sigma_0.01__rep27__664beacfa3d4df14,swiss_roll_with_hole,f_mapper,0.01,27,3077d280421674a39be26ff0c74f39d5665595a6753a9e51354c8b69a15d219e,453f64c96c9b16ad9a3013f157de8aa73b222eb561889508e552c3515221b096,retrospective_axis2_derivation
INDEX__N1_C_RETRO__M6A2__swiss_roll_with_hole__conventional__sigma_0.01__rep28__25d26c6e42e8ea7a,M6A2__swiss_roll_with_hole__conventional__sigma_0.01__rep28__25d26c6e42e8ea7a,,HISTORICAL_AXIS1__M6A2__swiss_roll_with_hole__conventional__sigma_0.01__rep28__25d26c6e42e8ea7a,AXIS2__N1_C_RETRO__M6A2__swiss_roll_with_hole__conventional__sigma_0.01__rep28__25d26c6e42e8ea7a,swiss_roll_with_hole,conventional,0.01,28,3077d280421674a39be26ff0c74f39d5665595a6753a9e51354c8b69a15d219e,a2199392076d8711b394781c18385d447630ba1ef328a581f9f08e9b50d8a41b,retrospective_axis2_derivation
INDEX__N1_C_RETRO__M6A2__swiss_roll_with_hole__f_mapper__sigma_0.01__rep28__09760577ba3d20ac,M6A2__swiss_roll_with_hole__f_mapper__sigma_0.01__rep28__09760577ba3d20ac,,HISTORICAL_AXIS1__M6A2__swiss_roll_with_hole__f_mapper__sigma_0.01__rep28__09760577ba3d20ac,AXIS2__N1_C_RETRO__M6A2__swiss_roll_with_hole__f_mapper__sigma_0.01__rep28__09760577ba3d20ac,swiss_roll_with_hole,f_mapper,0.01,28,3077d280421674a39be26ff0c74f39d5665595a6753a9e51354c8b69a15d219e,a2199392076d8711b394781c18385d447630ba1ef328a581f9f08e9b50d8a41b,retrospective_axis2_derivation
INDEX__N1_C_RETRO__M6A2__swiss_roll_with_hole__conventional__sigma_0.01__rep29__924d9e5a7649d243,M6A2__swiss_roll_with_hole__conventional__sigma_0.01__rep29__924d9e5a7649d243,,HISTORICAL_AXIS1__M6A2__swiss_roll_with_hole__conventional__sigma_0.01__rep29__924d9e5a7649d243,AXIS2__N1_C_RETRO__M6A2__swiss_roll_with_hole__conventional__sigma_0.01__rep29__924d9e5a7649d243,swiss_roll_with_hole,conventional,0.01,29,3077d280421674a39be26ff0c74f39d5665595a6753a9e51354c8b69a15d219e,a425e5fe94621253340d14360abc39404917d6bafbf5f606a9b7005286907647,retrospective_axis2_derivation
INDEX__N1_C_RETRO__M6A2__swiss_roll_with_hole__f_mapper__sigma_0.01__rep29__ea81b8de877062de,M6A2__swiss_roll_with_hole__f_mapper__sigma_0.01__rep29__ea81b8de877062de,,HISTORICAL_AXIS1__M6A2__swiss_roll_with_hole__f_mapper__sigma_0.01__rep29__ea81b8de877062de,AXIS2__N1_C_RETRO__M6A2__swiss_roll_with_hole__f_mapper__sigma_0.01__rep29__ea81b8de877062de,swiss_roll_with_hole,f_mapper,0.01,29,3077d280421674a39be26ff0c74f39d5665595a6753a9e51354c8b69a15d219e,a425e5fe94621253340d14360abc39404917d6bafbf5f606a9b7005286907647,retrospective_axis2_derivation
INDEX__N1_C_RETRO__M6A2__swiss_roll_with_hole__conventional__sigma_0.01__rep30__4f719dd5a28ea5f2,M6A2__swiss_roll_with_hole__conventional__sigma_0.01__rep30__4f719dd5a28ea5f2,,HISTORICAL_AXIS1__M6A2__swiss_roll_with_hole__conventional__sigma_0.01__rep30__4f719dd5a28ea5f2,AXIS2__N1_C_RETRO__M6A2__swiss_roll_with_hole__conventional__sigma_0.01__rep30__4f719dd5a28ea5f2,swiss_roll_with_hole,conventional,0.01,30,3077d280421674a39be26ff0c74f39d5665595a6753a9e51354c8b69a15d219e,e8dca3ed2c1992a4701feba16f6954b5b6869b11ed761202fd951cb68a2d65a0,retrospective_axis2_derivation
INDEX__N1_C_RETRO__M6A2__swiss_roll_with_hole__f_mapper__sigma_0.01__rep30__f0865c6325c5898f,M6A2__swiss_roll_with_hole__f_mapper__sigma_0.01__rep30__f0865c6325c5898f,,HISTORICAL_AXIS1__M6A2__swiss_roll_with_hole__f_mapper__sigma_0.01__rep30__f0865c6325c5898f,AXIS2__N1_C_RETRO__M6A2__swiss_roll_with_hole__f_mapper__sigma_0.01__rep30__f0865c6325c5898f,swiss_roll_with_hole,f_mapper,0.01,30,3077d280421674a39be26ff0c74f39d5665595a6753a9e51354c8b69a15d219e,e8dca3ed2c1992a4701feba16f6954b5b6869b11ed761202fd951cb68a2d65a0,retrospective_axis2_derivation
INDEX__N1_C_RETRO__M6A2__swiss_roll_with_hole__conventional__sigma_0.03__rep1__aee0851470d1801a,M6A2__swiss_roll_with_hole__conventional__sigma_0.03__rep1__aee0851470d1801a,,HISTORICAL_AXIS1__M6A2__swiss_roll_with_hole__conventional__sigma_0.03__rep1__aee0851470d1801a,AXIS2__N1_C_RETRO__M6A2__swiss_roll_with_hole__conventional__sigma_0.03__rep1__aee0851470d1801a,swiss_roll_with_hole,conventional,0.03,1,3077d280421674a39be26ff0c74f39d5665595a6753a9e51354c8b69a15d219e,c6fb129f133e9355a38074f353b2d91848bf798713f04b572a8e580084f02634,retrospective_axis2_derivation
INDEX__N1_C_RETRO__M6A2__swiss_roll_with_hole__f_mapper__sigma_0.03__rep1__3c16f78bd46917df,M6A2__swiss_roll_with_hole__f_mapper__sigma_0.03__rep1__3c16f78bd46917df,,HISTORICAL_AXIS1__M6A2__swiss_roll_with_hole__f_mapper__sigma_0.03__rep1__3c16f78bd46917df,AXIS2__N1_C_RETRO__M6A2__swiss_roll_with_hole__f_mapper__sigma_0.03__rep1__3c16f78bd46917df,swiss_roll_with_hole,f_mapper,0.03,1,3077d280421674a39be26ff0c74f39d5665595a6753a9e51354c8b69a15d219e,c6fb129f133e9355a38074f353b2d91848bf798713f04b572a8e580084f02634,retrospective_axis2_derivation
INDEX__N1_C_RETRO__M6A2__swiss_roll_with_hole__conventional__sigma_0.03__rep2__c6976a19e1139fcd,M6A2__swiss_roll_with_hole__conventional__sigma_0.03__rep2__c6976a19e1139fcd,,HISTORICAL_AXIS1__M6A2__swiss_roll_with_hole__conventional__sigma_0.03__rep2__c6976a19e1139fcd,AXIS2__N1_C_RETRO__M6A2__swiss_roll_with_hole__conventional__sigma_0.03__rep2__c6976a19e1139fcd,swiss_roll_with_hole,conventional,0.03,2,3077d280421674a39be26ff0c74f39d5665595a6753a9e51354c8b69a15d219e,5e2db2ded8182ba008d975d5aa8695ffc2093c316545652c13d3db92bfb7644c,retrospective_axis2_derivation
INDEX__N1_C_RETRO__M6A2__swiss_roll_with_hole__f_mapper__sigma_0.03__rep2__a881437d060f49b2,M6A2__swiss_roll_with_hole__f_mapper__sigma_0.03__rep2__a881437d060f49b2,,HISTORICAL_AXIS1__M6A2__swiss_roll_with_hole__f_mapper__sigma_0.03__rep2__a881437d060f49b2,AXIS2__N1_C_RETRO__M6A2__swiss_roll_with_hole__f_mapper__sigma_0.03__rep2__a881437d060f49b2,swiss_roll_with_hole,f_mapper,0.03,2,3077d280421674a39be26ff0c74f39d5665595a6753a9e51354c8b69a15d219e,5e2db2ded8182ba008d975d5aa8695ffc2093c316545652c13d3db92bfb7644c,retrospective_axis2_derivation
INDEX__N1_C_RETRO__M6A2__swiss_roll_with_hole__conventional__sigma_0.03__rep3__7f8c3cbab7ecab3d,M6A2__swiss_roll_with_hole__conventional__sigma_0.03__rep3__7f8c3cbab7ecab3d,,HISTORICAL_AXIS1__M6A2__swiss_roll_with_hole__conventional__sigma_0.03__rep3__7f8c3cbab7ecab3d,AXIS2__N1_C_RETRO__M6A2__swiss_roll_with_hole__conventional__sigma_0.03__rep3__7f8c3cbab7ecab3d,swiss_roll_with_hole,conventional,0.03,3,3077d280421674a39be26ff0c74f39d5665595a6753a9e51354c8b69a15d219e,5f4b23a7185f1b09e4dbc70d3392ac042c1c2d01a01a830b8ebe6186fd63e2ee,retrospective_axis2_derivation
INDEX__N1_C_RETRO__M6A2__swiss_roll_with_hole__f_mapper__sigma_0.03__rep3__af2a0c54e7da2b29,M6A2__swiss_roll_with_hole__f_mapper__sigma_0.03__rep3__af2a0c54e7da2b29,,HISTORICAL_AXIS1__M6A2__swiss_roll_with_hole__f_mapper__sigma_0.03__rep3__af2a0c54e7da2b29,AXIS2__N1_C_RETRO__M6A2__swiss_roll_with_hole__f_mapper__sigma_0.03__rep3__af2a0c54e7da2b29,swiss_roll_with_hole,f_mapper,0.03,3,3077d280421674a39be26ff0c74f39d5665595a6753a9e51354c8b69a15d219e,5f4b23a7185f1b09e4dbc70d3392ac042c1c2d01a01a830b8ebe6186fd63e2ee,retrospective_axis2_derivation
INDEX__N1_C_RETRO__M6A2__swiss_roll_with_hole__conventional__sigma_0.03__rep4__9917499861cd0299,M6A2__swiss_roll_with_hole__conventional__sigma_0.03__rep4__9917499861cd0299,,HISTORICAL_AXIS1__M6A2__swiss_roll_with_hole__conventional__sigma_0.03__rep4__9917499861cd0299,AXIS2__N1_C_RETRO__M6A2__swiss_roll_with_hole__conventional__sigma_0.03__rep4__9917499861cd0299,swiss_roll_with_hole,conventional,0.03,4,3077d280421674a39be26ff0c74f39d5665595a6753a9e51354c8b69a15d219e,ad404d252b1ad6025215c402c7c67c1b286c60dc849364697690dd0494517655,retrospective_axis2_derivation
INDEX__N1_C_RETRO__M6A2__swiss_roll_with_hole__f_mapper__sigma_0.03__rep4__e82ab45d0a116341,M6A2__swiss_roll_with_hole__f_mapper__sigma_0.03__rep4__e82ab45d0a116341,,HISTORICAL_AXIS1__M6A2__swiss_roll_with_hole__f_mapper__sigma_0.03__rep4__e82ab45d0a116341,AXIS2__N1_C_RETRO__M6A2__swiss_roll_with_hole__f_mapper__sigma_0.03__rep4__e82ab45d0a116341,swiss_roll_with_hole,f_mapper,0.03,4,3077d280421674a39be26ff0c74f39d5665595a6753a9e51354c8b69a15d219e,ad404d252b1ad6025215c402c7c67c1b286c60dc849364697690dd0494517655,retrospective_axis2_derivation
INDEX__N1_C_RETRO__M6A2__swiss_roll_with_hole__conventional__sigma_0.03__rep5__a9740a6398387801,M6A2__swiss_roll_with_hole__conventional__sigma_0.03__rep5__a9740a6398387801,,HISTORICAL_AXIS1__M6A2__swiss_roll_with_hole__conventional__sigma_0.03__rep5__a9740a6398387801,AXIS2__N1_C_RETRO__M6A2__swiss_roll_with_hole__conventional__sigma_0.03__rep5__a9740a6398387801,swiss_roll_with_hole,conventional,0.03,5,3077d280421674a39be26ff0c74f39d5665595a6753a9e51354c8b69a15d219e,9923a14a00a4002feca237c40085b67321617f1591216b399d83d2a9a412c9b3,retrospective_axis2_derivation
INDEX__N1_C_RETRO__M6A2__swiss_roll_with_hole__f_mapper__sigma_0.03__rep5__c9a723d370c35889,M6A2__swiss_roll_with_hole__f_mapper__sigma_0.03__rep5__c9a723d370c35889,,HISTORICAL_AXIS1__M6A2__swiss_roll_with_hole__f_mapper__sigma_0.03__rep5__c9a723d370c35889,AXIS2__N1_C_RETRO__M6A2__swiss_roll_with_hole__f_mapper__sigma_0.03__rep5__c9a723d370c35889,swiss_roll_with_hole,f_mapper,0.03,5,3077d280421674a39be26ff0c74f39d5665595a6753a9e51354c8b69a15d219e,9923a14a00a4002feca237c40085b67321617f1591216b399d83d2a9a412c9b3,retrospective_axis2_derivation
INDEX__N1_C_RETRO__M6A2__swiss_roll_with_hole__conventional__sigma_0.03__rep6__9c2387402611994a,M6A2__swiss_roll_with_hole__conventional__sigma_0.03__rep6__9c2387402611994a,,HISTORICAL_AXIS1__M6A2__swiss_roll_with_hole__conventional__sigma_0.03__rep6__9c2387402611994a,AXIS2__N1_C_RETRO__M6A2__swiss_roll_with_hole__conventional__sigma_0.03__rep6__9c2387402611994a,swiss_roll_with_hole,conventional,0.03,6,3077d280421674a39be26ff0c74f39d5665595a6753a9e51354c8b69a15d219e,b2a0009d5b4c27737fe7daf7809d702ee7782d3dbede4402dbc5688e24ce6aa4,retrospective_axis2_derivation
INDEX__N1_C_RETRO__M6A2__swiss_roll_with_hole__f_mapper__sigma_0.03__rep6__a79f995bacc71e31,M6A2__swiss_roll_with_hole__f_mapper__sigma_0.03__rep6__a79f995bacc71e31,,HISTORICAL_AXIS1__M6A2__swiss_roll_with_hole__f_mapper__sigma_0.03__rep6__a79f995bacc71e31,AXIS2__N1_C_RETRO__M6A2__swiss_roll_with_hole__f_mapper__sigma_0.03__rep6__a79f995bacc71e31,swiss_roll_with_hole,f_mapper,0.03,6,3077d280421674a39be26ff0c74f39d5665595a6753a9e51354c8b69a15d219e,b2a0009d5b4c27737fe7daf7809d702ee7782d3dbede4402dbc5688e24ce6aa4,retrospective_axis2_derivation
INDEX__N1_C_RETRO__M6A2__swiss_roll_with_hole__conventional__sigma_0.03__rep7__d523fc37e5ebcb45,M6A2__swiss_roll_with_hole__conventional__sigma_0.03__rep7__d523fc37e5ebcb45,,HISTORICAL_AXIS1__M6A2__swiss_roll_with_hole__conventional__sigma_0.03__rep7__d523fc37e5ebcb45,AXIS2__N1_C_RETRO__M6A2__swiss_roll_with_hole__conventional__sigma_0.03__rep7__d523fc37e5ebcb45,swiss_roll_with_hole,conventional,0.03,7,3077d280421674a39be26ff0c74f39d5665595a6753a9e51354c8b69a15d219e,b47e8b01534dc583320f519f53f7207e27ef0dfd7a3c656bb658463b518bf5fd,retrospective_axis2_derivation
INDEX__N1_C_RETRO__M6A2__swiss_roll_with_hole__f_mapper__sigma_0.03__rep7__4681076ef1e139d2,M6A2__swiss_roll_with_hole__f_mapper__sigma_0.03__rep7__4681076ef1e139d2,,HISTORICAL_AXIS1__M6A2__swiss_roll_with_hole__f_mapper__sigma_0.03__rep7__4681076ef1e139d2,AXIS2__N1_C_RETRO__M6A2__swiss_roll_with_hole__f_mapper__sigma_0.03__rep7__4681076ef1e139d2,swiss_roll_with_hole,f_mapper,0.03,7,3077d280421674a39be26ff0c74f39d5665595a6753a9e51354c8b69a15d219e,b47e8b01534dc583320f519f53f7207e27ef0dfd7a3c656bb658463b518bf5fd,retrospective_axis2_derivation
INDEX__N1_C_RETRO__M6A2__swiss_roll_with_hole__conventional__sigma_0.03__rep8__6a7bd2eef0b3683e,M6A2__swiss_roll_with_hole__conventional__sigma_0.03__rep8__6a7bd2eef0b3683e,,HISTORICAL_AXIS1__M6A2__swiss_roll_with_hole__conventional__sigma_0.03__rep8__6a7bd2eef0b3683e,AXIS2__N1_C_RETRO__M6A2__swiss_roll_with_hole__conventional__sigma_0.03__rep8__6a7bd2eef0b3683e,swiss_roll_with_hole,conventional,0.03,8,3077d280421674a39be26ff0c74f39d5665595a6753a9e51354c8b69a15d219e,36403b128fce70a6c415e7ffb8da45e96cc9a40f2856a1e854a698e3079560f4,retrospective_axis2_derivation
INDEX__N1_C_RETRO__M6A2__swiss_roll_with_hole__f_mapper__sigma_0.03__rep8__cf18953e5e5fddf4,M6A2__swiss_roll_with_hole__f_mapper__sigma_0.03__rep8__cf18953e5e5fddf4,,HISTORICAL_AXIS1__M6A2__swiss_roll_with_hole__f_mapper__sigma_0.03__rep8__cf18953e5e5fddf4,AXIS2__N1_C_RETRO__M6A2__swiss_roll_with_hole__f_mapper__sigma_0.03__rep8__cf18953e5e5fddf4,swiss_roll_with_hole,f_mapper,0.03,8,3077d280421674a39be26ff0c74f39d5665595a6753a9e51354c8b69a15d219e,36403b128fce70a6c415e7ffb8da45e96cc9a40f2856a1e854a698e3079560f4,retrospective_axis2_derivation
INDEX__N1_C_RETRO__M6A2__swiss_roll_with_hole__conventional__sigma_0.03__rep9__b90ac7528ff4b024,M6A2__swiss_roll_with_hole__conventional__sigma_0.03__rep9__b90ac7528ff4b024,,HISTORICAL_AXIS1__M6A2__swiss_roll_with_hole__conventional__sigma_0.03__rep9__b90ac7528ff4b024,AXIS2__N1_C_RETRO__M6A2__swiss_roll_with_hole__conventional__sigma_0.03__rep9__b90ac7528ff4b024,swiss_roll_with_hole,conventional,0.03,9,3077d280421674a39be26ff0c74f39d5665595a6753a9e51354c8b69a15d219e,b4ad9091fd714795e708623eebd1c6d289eda01b68b26957a3e6dab7e442021a,retrospective_axis2_derivation
INDEX__N1_C_RETRO__M6A2__swiss_roll_with_hole__f_mapper__sigma_0.03__rep9__1bd4d27f51266e31,M6A2__swiss_roll_with_hole__f_mapper__sigma_0.03__rep9__1bd4d27f51266e31,,HISTORICAL_AXIS1__M6A2__swiss_roll_with_hole__f_mapper__sigma_0.03__rep9__1bd4d27f51266e31,AXIS2__N1_C_RETRO__M6A2__swiss_roll_with_hole__f_mapper__sigma_0.03__rep9__1bd4d27f51266e31,swiss_roll_with_hole,f_mapper,0.03,9,3077d280421674a39be26ff0c74f39d5665595a6753a9e51354c8b69a15d219e,b4ad9091fd714795e708623eebd1c6d289eda01b68b26957a3e6dab7e442021a,retrospective_axis2_derivation
INDEX__N1_C_RETRO__M6A2__swiss_roll_with_hole__conventional__sigma_0.03__rep10__a04ee4c4830e13fa,M6A2__swiss_roll_with_hole__conventional__sigma_0.03__rep10__a04ee4c4830e13fa,,HISTORICAL_AXIS1__M6A2__swiss_roll_with_hole__conventional__sigma_0.03__rep10__a04ee4c4830e13fa,AXIS2__N1_C_RETRO__M6A2__swiss_roll_with_hole__conventional__sigma_0.03__rep10__a04ee4c4830e13fa,swiss_roll_with_hole,conventional,0.03,10,3077d280421674a39be26ff0c74f39d5665595a6753a9e51354c8b69a15d219e,cb63d23160a83ec35606012546614aa50bc368c9fd126fc2421333d0d48e2831,retrospective_axis2_derivation
INDEX__N1_C_RETRO__M6A2__swiss_roll_with_hole__f_mapper__sigma_0.03__rep10__cce605e5bccdaabd,M6A2__swiss_roll_with_hole__f_mapper__sigma_0.03__rep10__cce605e5bccdaabd,,HISTORICAL_AXIS1__M6A2__swiss_roll_with_hole__f_mapper__sigma_0.03__rep10__cce605e5bccdaabd,AXIS2__N1_C_RETRO__M6A2__swiss_roll_with_hole__f_mapper__sigma_0.03__rep10__cce605e5bccdaabd,swiss_roll_with_hole,f_mapper,0.03,10,3077d280421674a39be26ff0c74f39d5665595a6753a9e51354c8b69a15d219e,cb63d23160a83ec35606012546614aa50bc368c9fd126fc2421333d0d48e2831,retrospective_axis2_derivation
INDEX__N1_C_RETRO__M6A2__swiss_roll_with_hole__conventional__sigma_0.03__rep11__5bb672aada4cc04e,M6A2__swiss_roll_with_hole__conventional__sigma_0.03__rep11__5bb672aada4cc04e,,HISTORICAL_AXIS1__M6A2__swiss_roll_with_hole__conventional__sigma_0.03__rep11__5bb672aada4cc04e,AXIS2__N1_C_RETRO__M6A2__swiss_roll_with_hole__conventional__sigma_0.03__rep11__5bb672aada4cc04e,swiss_roll_with_hole,conventional,0.03,11,3077d280421674a39be26ff0c74f39d5665595a6753a9e51354c8b69a15d219e,c6dee9d338c1ea4954cdfadcd48145320be7baed7bb2c426dc1754c3b37376a1,retrospective_axis2_derivation
INDEX__N1_C_RETRO__M6A2__swiss_roll_with_hole__f_mapper__sigma_0.03__rep11__f1d65f0120844984,M6A2__swiss_roll_with_hole__f_mapper__sigma_0.03__rep11__f1d65f0120844984,,HISTORICAL_AXIS1__M6A2__swiss_roll_with_hole__f_mapper__sigma_0.03__rep11__f1d65f0120844984,AXIS2__N1_C_RETRO__M6A2__swiss_roll_with_hole__f_mapper__sigma_0.03__rep11__f1d65f0120844984,swiss_roll_with_hole,f_mapper,0.03,11,3077d280421674a39be26ff0c74f39d5665595a6753a9e51354c8b69a15d219e,c6dee9d338c1ea4954cdfadcd48145320be7baed7bb2c426dc1754c3b37376a1,retrospective_axis2_derivation
INDEX__N1_C_RETRO__M6A2__swiss_roll_with_hole__conventional__sigma_0.03__rep12__ef04160fdd6a2c0a,M6A2__swiss_roll_with_hole__conventional__sigma_0.03__rep12__ef04160fdd6a2c0a,,HISTORICAL_AXIS1__M6A2__swiss_roll_with_hole__conventional__sigma_0.03__rep12__ef04160fdd6a2c0a,AXIS2__N1_C_RETRO__M6A2__swiss_roll_with_hole__conventional__sigma_0.03__rep12__ef04160fdd6a2c0a,swiss_roll_with_hole,conventional,0.03,12,3077d280421674a39be26ff0c74f39d5665595a6753a9e51354c8b69a15d219e,8cb32b7b0304f4594e957ed29a57301432ec1df5a368313d62cf06e46393a7ea,retrospective_axis2_derivation
INDEX__N1_C_RETRO__M6A2__swiss_roll_with_hole__f_mapper__sigma_0.03__rep12__03d24de70423dcef,M6A2__swiss_roll_with_hole__f_mapper__sigma_0.03__rep12__03d24de70423dcef,,HISTORICAL_AXIS1__M6A2__swiss_roll_with_hole__f_mapper__sigma_0.03__rep12__03d24de70423dcef,AXIS2__N1_C_RETRO__M6A2__swiss_roll_with_hole__f_mapper__sigma_0.03__rep12__03d24de70423dcef,swiss_roll_with_hole,f_mapper,0.03,12,3077d280421674a39be26ff0c74f39d5665595a6753a9e51354c8b69a15d219e,8cb32b7b0304f4594e957ed29a57301432ec1df5a368313d62cf06e46393a7ea,retrospective_axis2_derivation
INDEX__N1_C_RETRO__M6A2__swiss_roll_with_hole__conventional__sigma_0.03__rep13__fde28e0386c032cc,M6A2__swiss_roll_with_hole__conventional__sigma_0.03__rep13__fde28e0386c032cc,,HISTORICAL_AXIS1__M6A2__swiss_roll_with_hole__conventional__sigma_0.03__rep13__fde28e0386c032cc,AXIS2__N1_C_RETRO__M6A2__swiss_roll_with_hole__conventional__sigma_0.03__rep13__fde28e0386c032cc,swiss_roll_with_hole,conventional,0.03,13,3077d280421674a39be26ff0c74f39d5665595a6753a9e51354c8b69a15d219e,221c451f3a183e7d39a7bb7e6cb8243d5f857a558617ed8fdb6dd62aaf1e8de7,retrospective_axis2_derivation
INDEX__N1_C_RETRO__M6A2__swiss_roll_with_hole__f_mapper__sigma_0.03__rep13__d3d77c47749d53f9,M6A2__swiss_roll_with_hole__f_mapper__sigma_0.03__rep13__d3d77c47749d53f9,,HISTORICAL_AXIS1__M6A2__swiss_roll_with_hole__f_mapper__sigma_0.03__rep13__d3d77c47749d53f9,AXIS2__N1_C_RETRO__M6A2__swiss_roll_with_hole__f_mapper__sigma_0.03__rep13__d3d77c47749d53f9,swiss_roll_with_hole,f_mapper,0.03,13,3077d280421674a39be26ff0c74f39d5665595a6753a9e51354c8b69a15d219e,221c451f3a183e7d39a7bb7e6cb8243d5f857a558617ed8fdb6dd62aaf1e8de7,retrospective_axis2_derivation
INDEX__N1_C_RETRO__M6A2__swiss_roll_with_hole__conventional__sigma_0.03__rep14__44c7f086f8560d5f,M6A2__swiss_roll_with_hole__conventional__sigma_0.03__rep14__44c7f086f8560d5f,,HISTORICAL_AXIS1__M6A2__swiss_roll_with_hole__conventional__sigma_0.03__rep14__44c7f086f8560d5f,AXIS2__N1_C_RETRO__M6A2__swiss_roll_with_hole__conventional__sigma_0.03__rep14__44c7f086f8560d5f,swiss_roll_with_hole,conventional,0.03,14,3077d280421674a39be26ff0c74f39d5665595a6753a9e51354c8b69a15d219e,6c50173e53d4d53b99c06f9b9462dfff92294af1b68b55644c40abc1ad2dcbd7,retrospective_axis2_derivation
INDEX__N1_C_RETRO__M6A2__swiss_roll_with_hole__f_mapper__sigma_0.03__rep14__4059aa44d379ec8b,M6A2__swiss_roll_with_hole__f_mapper__sigma_0.03__rep14__4059aa44d379ec8b,,HISTORICAL_AXIS1__M6A2__swiss_roll_with_hole__f_mapper__sigma_0.03__rep14__4059aa44d379ec8b,AXIS2__N1_C_RETRO__M6A2__swiss_roll_with_hole__f_mapper__sigma_0.03__rep14__4059aa44d379ec8b,swiss_roll_with_hole,f_mapper,0.03,14,3077d280421674a39be26ff0c74f39d5665595a6753a9e51354c8b69a15d219e,6c50173e53d4d53b99c06f9b9462dfff92294af1b68b55644c40abc1ad2dcbd7,retrospective_axis2_derivation
INDEX__N1_C_RETRO__M6A2__swiss_roll_with_hole__conventional__sigma_0.03__rep15__8682512d9c07aa4e,M6A2__swiss_roll_with_hole__conventional__sigma_0.03__rep15__8682512d9c07aa4e,,HISTORICAL_AXIS1__M6A2__swiss_roll_with_hole__conventional__sigma_0.03__rep15__8682512d9c07aa4e,AXIS2__N1_C_RETRO__M6A2__swiss_roll_with_hole__conventional__sigma_0.03__rep15__8682512d9c07aa4e,swiss_roll_with_hole,conventional,0.03,15,3077d280421674a39be26ff0c74f39d5665595a6753a9e51354c8b69a15d219e,b6f069f97bf03d16a600457ebb0993c2c317570b3175c3bbb92330ba046696c0,retrospective_axis2_derivation
INDEX__N1_C_RETRO__M6A2__swiss_roll_with_hole__f_mapper__sigma_0.03__rep15__e0f9a01293a81599,M6A2__swiss_roll_with_hole__f_mapper__sigma_0.03__rep15__e0f9a01293a81599,,HISTORICAL_AXIS1__M6A2__swiss_roll_with_hole__f_mapper__sigma_0.03__rep15__e0f9a01293a81599,AXIS2__N1_C_RETRO__M6A2__swiss_roll_with_hole__f_mapper__sigma_0.03__rep15__e0f9a01293a81599,swiss_roll_with_hole,f_mapper,0.03,15,3077d280421674a39be26ff0c74f39d5665595a6753a9e51354c8b69a15d219e,b6f069f97bf03d16a600457ebb0993c2c317570b3175c3bbb92330ba046696c0,retrospective_axis2_derivation
INDEX__N1_C_RETRO__M6A2__swiss_roll_with_hole__conventional__sigma_0.03__rep16__b35b27a3e8621195,M6A2__swiss_roll_with_hole__conventional__sigma_0.03__rep16__b35b27a3e8621195,,HISTORICAL_AXIS1__M6A2__swiss_roll_with_hole__conventional__sigma_0.03__rep16__b35b27a3e8621195,AXIS2__N1_C_RETRO__M6A2__swiss_roll_with_hole__conventional__sigma_0.03__rep16__b35b27a3e8621195,swiss_roll_with_hole,conventional,0.03,16,3077d280421674a39be26ff0c74f39d5665595a6753a9e51354c8b69a15d219e,709ad9af9241a4132be12ebb5240e04e5ccc42430fbab56421d18458b8892027,retrospective_axis2_derivation
INDEX__N1_C_RETRO__M6A2__swiss_roll_with_hole__f_mapper__sigma_0.03__rep16__ee65123645288a99,M6A2__swiss_roll_with_hole__f_mapper__sigma_0.03__rep16__ee65123645288a99,,HISTORICAL_AXIS1__M6A2__swiss_roll_with_hole__f_mapper__sigma_0.03__rep16__ee65123645288a99,AXIS2__N1_C_RETRO__M6A2__swiss_roll_with_hole__f_mapper__sigma_0.03__rep16__ee65123645288a99,swiss_roll_with_hole,f_mapper,0.03,16,3077d280421674a39be26ff0c74f39d5665595a6753a9e51354c8b69a15d219e,709ad9af9241a4132be12ebb5240e04e5ccc42430fbab56421d18458b8892027,retrospective_axis2_derivation
INDEX__N1_C_RETRO__M6A2__swiss_roll_with_hole__conventional__sigma_0.03__rep17__3bcb7fc6aceec94d,M6A2__swiss_roll_with_hole__conventional__sigma_0.03__rep17__3bcb7fc6aceec94d,,HISTORICAL_AXIS1__M6A2__swiss_roll_with_hole__conventional__sigma_0.03__rep17__3bcb7fc6aceec94d,AXIS2__N1_C_RETRO__M6A2__swiss_roll_with_hole__conventional__sigma_0.03__rep17__3bcb7fc6aceec94d,swiss_roll_with_hole,conventional,0.03,17,3077d280421674a39be26ff0c74f39d5665595a6753a9e51354c8b69a15d219e,fe352fc580dcdda2ec3c90bf519bdff0ef576b56695413c9b20c90f82d9de4d1,retrospective_axis2_derivation
INDEX__N1_C_RETRO__M6A2__swiss_roll_with_hole__f_mapper__sigma_0.03__rep17__9de53fa2d6c32564,M6A2__swiss_roll_with_hole__f_mapper__sigma_0.03__rep17__9de53fa2d6c32564,,HISTORICAL_AXIS1__M6A2__swiss_roll_with_hole__f_mapper__sigma_0.03__rep17__9de53fa2d6c32564,AXIS2__N1_C_RETRO__M6A2__swiss_roll_with_hole__f_mapper__sigma_0.03__rep17__9de53fa2d6c32564,swiss_roll_with_hole,f_mapper,0.03,17,3077d280421674a39be26ff0c74f39d5665595a6753a9e51354c8b69a15d219e,fe352fc580dcdda2ec3c90bf519bdff0ef576b56695413c9b20c90f82d9de4d1,retrospective_axis2_derivation
INDEX__N1_C_RETRO__M6A2__swiss_roll_with_hole__conventional__sigma_0.03__rep18__fb74c17bf25caf61,M6A2__swiss_roll_with_hole__conventional__sigma_0.03__rep18__fb74c17bf25caf61,,HISTORICAL_AXIS1__M6A2__swiss_roll_with_hole__conventional__sigma_0.03__rep18__fb74c17bf25caf61,AXIS2__N1_C_RETRO__M6A2__swiss_roll_with_hole__conventional__sigma_0.03__rep18__fb74c17bf25caf61,swiss_roll_with_hole,conventional,0.03,18,3077d280421674a39be26ff0c74f39d5665595a6753a9e51354c8b69a15d219e,042fcdc071afa049daf436821b3ac3c5c7c9dc6d59f9a06f3bdecd15f8fd0462,retrospective_axis2_derivation
INDEX__N1_C_RETRO__M6A2__swiss_roll_with_hole__f_mapper__sigma_0.03__rep18__840e5ccddac903c3,M6A2__swiss_roll_with_hole__f_mapper__sigma_0.03__rep18__840e5ccddac903c3,,HISTORICAL_AXIS1__M6A2__swiss_roll_with_hole__f_mapper__sigma_0.03__rep18__840e5ccddac903c3,AXIS2__N1_C_RETRO__M6A2__swiss_roll_with_hole__f_mapper__sigma_0.03__rep18__840e5ccddac903c3,swiss_roll_with_hole,f_mapper,0.03,18,3077d280421674a39be26ff0c74f39d5665595a6753a9e51354c8b69a15d219e,042fcdc071afa049daf436821b3ac3c5c7c9dc6d59f9a06f3bdecd15f8fd0462,retrospective_axis2_derivation
INDEX__N1_C_RETRO__M6A2__swiss_roll_with_hole__conventional__sigma_0.03__rep19__ae96e05ee5c458f1,M6A2__swiss_roll_with_hole__conventional__sigma_0.03__rep19__ae96e05ee5c458f1,,HISTORICAL_AXIS1__M6A2__swiss_roll_with_hole__conventional__sigma_0.03__rep19__ae96e05ee5c458f1,AXIS2__N1_C_RETRO__M6A2__swiss_roll_with_hole__conventional__sigma_0.03__rep19__ae96e05ee5c458f1,swiss_roll_with_hole,conventional,0.03,19,3077d280421674a39be26ff0c74f39d5665595a6753a9e51354c8b69a15d219e,d1049a2e1c2b46ab258115ad93c1fa47c8a826e2e1f5faaf375b451a9e3acd7f,retrospective_axis2_derivation
INDEX__N1_C_RETRO__M6A2__swiss_roll_with_hole__f_mapper__sigma_0.03__rep19__79bc773ae939d951,M6A2__swiss_roll_with_hole__f_mapper__sigma_0.03__rep19__79bc773ae939d951,,HISTORICAL_AXIS1__M6A2__swiss_roll_with_hole__f_mapper__sigma_0.03__rep19__79bc773ae939d951,AXIS2__N1_C_RETRO__M6A2__swiss_roll_with_hole__f_mapper__sigma_0.03__rep19__79bc773ae939d951,swiss_roll_with_hole,f_mapper,0.03,19,3077d280421674a39be26ff0c74f39d5665595a6753a9e51354c8b69a15d219e,d1049a2e1c2b46ab258115ad93c1fa47c8a826e2e1f5faaf375b451a9e3acd7f,retrospective_axis2_derivation
INDEX__N1_C_RETRO__M6A2__swiss_roll_with_hole__conventional__sigma_0.03__rep20__356aafa79b1cbe69,M6A2__swiss_roll_with_hole__conventional__sigma_0.03__rep20__356aafa79b1cbe69,,HISTORICAL_AXIS1__M6A2__swiss_roll_with_hole__conventional__sigma_0.03__rep20__356aafa79b1cbe69,AXIS2__N1_C_RETRO__M6A2__swiss_roll_with_hole__conventional__sigma_0.03__rep20__356aafa79b1cbe69,swiss_roll_with_hole,conventional,0.03,20,3077d280421674a39be26ff0c74f39d5665595a6753a9e51354c8b69a15d219e,df0033695dedeb55c554a963f204b83abfe2604b5b07708ee1cda155957baa7a,retrospective_axis2_derivation
INDEX__N1_C_RETRO__M6A2__swiss_roll_with_hole__f_mapper__sigma_0.03__rep20__eb3d4018a590baee,M6A2__swiss_roll_with_hole__f_mapper__sigma_0.03__rep20__eb3d4018a590baee,,HISTORICAL_AXIS1__M6A2__swiss_roll_with_hole__f_mapper__sigma_0.03__rep20__eb3d4018a590baee,AXIS2__N1_C_RETRO__M6A2__swiss_roll_with_hole__f_mapper__sigma_0.03__rep20__eb3d4018a590baee,swiss_roll_with_hole,f_mapper,0.03,20,3077d280421674a39be26ff0c74f39d5665595a6753a9e51354c8b69a15d219e,df0033695dedeb55c554a963f204b83abfe2604b5b07708ee1cda155957baa7a,retrospective_axis2_derivation
INDEX__N1_C_RETRO__M6A2__swiss_roll_with_hole__conventional__sigma_0.03__rep21__205b2720fd34489a,M6A2__swiss_roll_with_hole__conventional__sigma_0.03__rep21__205b2720fd34489a,,HISTORICAL_AXIS1__M6A2__swiss_roll_with_hole__conventional__sigma_0.03__rep21__205b2720fd34489a,AXIS2__N1_C_RETRO__M6A2__swiss_roll_with_hole__conventional__sigma_0.03__rep21__205b2720fd34489a,swiss_roll_with_hole,conventional,0.03,21,3077d280421674a39be26ff0c74f39d5665595a6753a9e51354c8b69a15d219e,9a940d69d0d598f10dde3097250fa8a971d44a62507067bdf63190b186d88825,retrospective_axis2_derivation
INDEX__N1_C_RETRO__M6A2__swiss_roll_with_hole__f_mapper__sigma_0.03__rep21__4e2f454bced2ba77,M6A2__swiss_roll_with_hole__f_mapper__sigma_0.03__rep21__4e2f454bced2ba77,,HISTORICAL_AXIS1__M6A2__swiss_roll_with_hole__f_mapper__sigma_0.03__rep21__4e2f454bced2ba77,AXIS2__N1_C_RETRO__M6A2__swiss_roll_with_hole__f_mapper__sigma_0.03__rep21__4e2f454bced2ba77,swiss_roll_with_hole,f_mapper,0.03,21,3077d280421674a39be26ff0c74f39d5665595a6753a9e51354c8b69a15d219e,9a940d69d0d598f10dde3097250fa8a971d44a62507067bdf63190b186d88825,retrospective_axis2_derivation
INDEX__N1_C_RETRO__M6A2__swiss_roll_with_hole__conventional__sigma_0.03__rep22__fe4bfacf37dacbb8,M6A2__swiss_roll_with_hole__conventional__sigma_0.03__rep22__fe4bfacf37dacbb8,,HISTORICAL_AXIS1__M6A2__swiss_roll_with_hole__conventional__sigma_0.03__rep22__fe4bfacf37dacbb8,AXIS2__N1_C_RETRO__M6A2__swiss_roll_with_hole__conventional__sigma_0.03__rep22__fe4bfacf37dacbb8,swiss_roll_with_hole,conventional,0.03,22,3077d280421674a39be26ff0c74f39d5665595a6753a9e51354c8b69a15d219e,426bc199acc172ac8e712c41deeeaa95fa685c9e91f62d90103c8d3400042df3,retrospective_axis2_derivation
INDEX__N1_C_RETRO__M6A2__swiss_roll_with_hole__f_mapper__sigma_0.03__rep22__692be4c5f73a5fed,M6A2__swiss_roll_with_hole__f_mapper__sigma_0.03__rep22__692be4c5f73a5fed,,HISTORICAL_AXIS1__M6A2__swiss_roll_with_hole__f_mapper__sigma_0.03__rep22__692be4c5f73a5fed,AXIS2__N1_C_RETRO__M6A2__swiss_roll_with_hole__f_mapper__sigma_0.03__rep22__692be4c5f73a5fed,swiss_roll_with_hole,f_mapper,0.03,22,3077d280421674a39be26ff0c74f39d5665595a6753a9e51354c8b69a15d219e,426bc199acc172ac8e712c41deeeaa95fa685c9e91f62d90103c8d3400042df3,retrospective_axis2_derivation
INDEX__N1_C_RETRO__M6A2__swiss_roll_with_hole__conventional__sigma_0.03__rep23__168587e3ffc18984,M6A2__swiss_roll_with_hole__conventional__sigma_0.03__rep23__168587e3ffc18984,,HISTORICAL_AXIS1__M6A2__swiss_roll_with_hole__conventional__sigma_0.03__rep23__168587e3ffc18984,AXIS2__N1_C_RETRO__M6A2__swiss_roll_with_hole__conventional__sigma_0.03__rep23__168587e3ffc18984,swiss_roll_with_hole,conventional,0.03,23,3077d280421674a39be26ff0c74f39d5665595a6753a9e51354c8b69a15d219e,d6c3ef628fc1d5e1610e916744879e4d3e49e7112e57a8143964383dd0d8e8bd,retrospective_axis2_derivation
INDEX__N1_C_RETRO__M6A2__swiss_roll_with_hole__f_mapper__sigma_0.03__rep23__38d4f51951c0eff5,M6A2__swiss_roll_with_hole__f_mapper__sigma_0.03__rep23__38d4f51951c0eff5,,HISTORICAL_AXIS1__M6A2__swiss_roll_with_hole__f_mapper__sigma_0.03__rep23__38d4f51951c0eff5,AXIS2__N1_C_RETRO__M6A2__swiss_roll_with_hole__f_mapper__sigma_0.03__rep23__38d4f51951c0eff5,swiss_roll_with_hole,f_mapper,0.03,23,3077d280421674a39be26ff0c74f39d5665595a6753a9e51354c8b69a15d219e,d6c3ef628fc1d5e1610e916744879e4d3e49e7112e57a8143964383dd0d8e8bd,retrospective_axis2_derivation
INDEX__N1_C_RETRO__M6A2__swiss_roll_with_hole__conventional__sigma_0.03__rep24__4c131686da31290e,M6A2__swiss_roll_with_hole__conventional__sigma_0.03__rep24__4c131686da31290e,,HISTORICAL_AXIS1__M6A2__swiss_roll_with_hole__conventional__sigma_0.03__rep24__4c131686da31290e,AXIS2__N1_C_RETRO__M6A2__swiss_roll_with_hole__conventional__sigma_0.03__rep24__4c131686da31290e,swiss_roll_with_hole,conventional,0.03,24,3077d280421674a39be26ff0c74f39d5665595a6753a9e51354c8b69a15d219e,0f75378d008ed070fa99bba5a5e7edc729e557289174650e1a8225016293265a,retrospective_axis2_derivation
INDEX__N1_C_RETRO__M6A2__swiss_roll_with_hole__f_mapper__sigma_0.03__rep24__afb0fa247b85df0e,M6A2__swiss_roll_with_hole__f_mapper__sigma_0.03__rep24__afb0fa247b85df0e,,HISTORICAL_AXIS1__M6A2__swiss_roll_with_hole__f_mapper__sigma_0.03__rep24__afb0fa247b85df0e,AXIS2__N1_C_RETRO__M6A2__swiss_roll_with_hole__f_mapper__sigma_0.03__rep24__afb0fa247b85df0e,swiss_roll_with_hole,f_mapper,0.03,24,3077d280421674a39be26ff0c74f39d5665595a6753a9e51354c8b69a15d219e,0f75378d008ed070fa99bba5a5e7edc729e557289174650e1a8225016293265a,retrospective_axis2_derivation
INDEX__N1_C_RETRO__M6A2__swiss_roll_with_hole__conventional__sigma_0.03__rep25__dce22639979e79a7,M6A2__swiss_roll_with_hole__conventional__sigma_0.03__rep25__dce22639979e79a7,,HISTORICAL_AXIS1__M6A2__swiss_roll_with_hole__conventional__sigma_0.03__rep25__dce22639979e79a7,AXIS2__N1_C_RETRO__M6A2__swiss_roll_with_hole__conventional__sigma_0.03__rep25__dce22639979e79a7,swiss_roll_with_hole,conventional,0.03,25,3077d280421674a39be26ff0c74f39d5665595a6753a9e51354c8b69a15d219e,69f3eeffe42ecf2f4349f0c5483f5cefe6fd948ba75eb0ffd399a42ff2e22ba5,retrospective_axis2_derivation
INDEX__N1_C_RETRO__M6A2__swiss_roll_with_hole__f_mapper__sigma_0.03__rep25__e83ea99c54ce703a,M6A2__swiss_roll_with_hole__f_mapper__sigma_0.03__rep25__e83ea99c54ce703a,,HISTORICAL_AXIS1__M6A2__swiss_roll_with_hole__f_mapper__sigma_0.03__rep25__e83ea99c54ce703a,AXIS2__N1_C_RETRO__M6A2__swiss_roll_with_hole__f_mapper__sigma_0.03__rep25__e83ea99c54ce703a,swiss_roll_with_hole,f_mapper,0.03,25,3077d280421674a39be26ff0c74f39d5665595a6753a9e51354c8b69a15d219e,69f3eeffe42ecf2f4349f0c5483f5cefe6fd948ba75eb0ffd399a42ff2e22ba5,retrospective_axis2_derivation
INDEX__N1_C_RETRO__M6A2__swiss_roll_with_hole__conventional__sigma_0.03__rep26__259a69b17eadc6c2,M6A2__swiss_roll_with_hole__conventional__sigma_0.03__rep26__259a69b17eadc6c2,,HISTORICAL_AXIS1__M6A2__swiss_roll_with_hole__conventional__sigma_0.03__rep26__259a69b17eadc6c2,AXIS2__N1_C_RETRO__M6A2__swiss_roll_with_hole__conventional__sigma_0.03__rep26__259a69b17eadc6c2,swiss_roll_with_hole,conventional,0.03,26,3077d280421674a39be26ff0c74f39d5665595a6753a9e51354c8b69a15d219e,141eb020ed7e5d80ea128e9e47b5111154aaae94067c6bbb6ab80a3e763f3ead,retrospective_axis2_derivation
INDEX__N1_C_RETRO__M6A2__swiss_roll_with_hole__f_mapper__sigma_0.03__rep26__a0a8d3b1842d4142,M6A2__swiss_roll_with_hole__f_mapper__sigma_0.03__rep26__a0a8d3b1842d4142,,HISTORICAL_AXIS1__M6A2__swiss_roll_with_hole__f_mapper__sigma_0.03__rep26__a0a8d3b1842d4142,AXIS2__N1_C_RETRO__M6A2__swiss_roll_with_hole__f_mapper__sigma_0.03__rep26__a0a8d3b1842d4142,swiss_roll_with_hole,f_mapper,0.03,26,3077d280421674a39be26ff0c74f39d5665595a6753a9e51354c8b69a15d219e,141eb020ed7e5d80ea128e9e47b5111154aaae94067c6bbb6ab80a3e763f3ead,retrospective_axis2_derivation
INDEX__N1_C_RETRO__M6A2__swiss_roll_with_hole__conventional__sigma_0.03__rep27__681de457ee52c5c2,M6A2__swiss_roll_with_hole__conventional__sigma_0.03__rep27__681de457ee52c5c2,,HISTORICAL_AXIS1__M6A2__swiss_roll_with_hole__conventional__sigma_0.03__rep27__681de457ee52c5c2,AXIS2__N1_C_RETRO__M6A2__swiss_roll_with_hole__conventional__sigma_0.03__rep27__681de457ee52c5c2,swiss_roll_with_hole,conventional,0.03,27,3077d280421674a39be26ff0c74f39d5665595a6753a9e51354c8b69a15d219e,8bb6415d8c0ad989b522a09b4c30a4063f6543ca960728e1ec724ad34065e8d6,retrospective_axis2_derivation
INDEX__N1_C_RETRO__M6A2__swiss_roll_with_hole__f_mapper__sigma_0.03__rep27__e5e77cd41078163e,M6A2__swiss_roll_with_hole__f_mapper__sigma_0.03__rep27__e5e77cd41078163e,,HISTORICAL_AXIS1__M6A2__swiss_roll_with_hole__f_mapper__sigma_0.03__rep27__e5e77cd41078163e,AXIS2__N1_C_RETRO__M6A2__swiss_roll_with_hole__f_mapper__sigma_0.03__rep27__e5e77cd41078163e,swiss_roll_with_hole,f_mapper,0.03,27,3077d280421674a39be26ff0c74f39d5665595a6753a9e51354c8b69a15d219e,8bb6415d8c0ad989b522a09b4c30a4063f6543ca960728e1ec724ad34065e8d6,retrospective_axis2_derivation
INDEX__N1_C_RETRO__M6A2__swiss_roll_with_hole__conventional__sigma_0.03__rep28__7a61e7ceda6f9ba5,M6A2__swiss_roll_with_hole__conventional__sigma_0.03__rep28__7a61e7ceda6f9ba5,,HISTORICAL_AXIS1__M6A2__swiss_roll_with_hole__conventional__sigma_0.03__rep28__7a61e7ceda6f9ba5,AXIS2__N1_C_RETRO__M6A2__swiss_roll_with_hole__conventional__sigma_0.03__rep28__7a61e7ceda6f9ba5,swiss_roll_with_hole,conventional,0.03,28,3077d280421674a39be26ff0c74f39d5665595a6753a9e51354c8b69a15d219e,d4a1ecd9913fc4d82fa364db2cd4a8746c12caa82d1e889c66fdf3cd16f02122,retrospective_axis2_derivation
INDEX__N1_C_RETRO__M6A2__swiss_roll_with_hole__f_mapper__sigma_0.03__rep28__dc5416b461a10a16,M6A2__swiss_roll_with_hole__f_mapper__sigma_0.03__rep28__dc5416b461a10a16,,HISTORICAL_AXIS1__M6A2__swiss_roll_with_hole__f_mapper__sigma_0.03__rep28__dc5416b461a10a16,AXIS2__N1_C_RETRO__M6A2__swiss_roll_with_hole__f_mapper__sigma_0.03__rep28__dc5416b461a10a16,swiss_roll_with_hole,f_mapper,0.03,28,3077d280421674a39be26ff0c74f39d5665595a6753a9e51354c8b69a15d219e,d4a1ecd9913fc4d82fa364db2cd4a8746c12caa82d1e889c66fdf3cd16f02122,retrospective_axis2_derivation
INDEX__N1_C_RETRO__M6A2__swiss_roll_with_hole__conventional__sigma_0.03__rep29__0ae02cc1ba96d556,M6A2__swiss_roll_with_hole__conventional__sigma_0.03__rep29__0ae02cc1ba96d556,,HISTORICAL_AXIS1__M6A2__swiss_roll_with_hole__conventional__sigma_0.03__rep29__0ae02cc1ba96d556,AXIS2__N1_C_RETRO__M6A2__swiss_roll_with_hole__conventional__sigma_0.03__rep29__0ae02cc1ba96d556,swiss_roll_with_hole,conventional,0.03,29,3077d280421674a39be26ff0c74f39d5665595a6753a9e51354c8b69a15d219e,1b1f6ea6297464b522be9db15f814ab09d33afa3a23e0f5e7da727ec710b3787,retrospective_axis2_derivation
INDEX__N1_C_RETRO__M6A2__swiss_roll_with_hole__f_mapper__sigma_0.03__rep29__120e59e005a759e3,M6A2__swiss_roll_with_hole__f_mapper__sigma_0.03__rep29__120e59e005a759e3,,HISTORICAL_AXIS1__M6A2__swiss_roll_with_hole__f_mapper__sigma_0.03__rep29__120e59e005a759e3,AXIS2__N1_C_RETRO__M6A2__swiss_roll_with_hole__f_mapper__sigma_0.03__rep29__120e59e005a759e3,swiss_roll_with_hole,f_mapper,0.03,29,3077d280421674a39be26ff0c74f39d5665595a6753a9e51354c8b69a15d219e,1b1f6ea6297464b522be9db15f814ab09d33afa3a23e0f5e7da727ec710b3787,retrospective_axis2_derivation
INDEX__N1_C_RETRO__M6A2__swiss_roll_with_hole__conventional__sigma_0.03__rep30__c63de71d8f205564,M6A2__swiss_roll_with_hole__conventional__sigma_0.03__rep30__c63de71d8f205564,,HISTORICAL_AXIS1__M6A2__swiss_roll_with_hole__conventional__sigma_0.03__rep30__c63de71d8f205564,AXIS2__N1_C_RETRO__M6A2__swiss_roll_with_hole__conventional__sigma_0.03__rep30__c63de71d8f205564,swiss_roll_with_hole,conventional,0.03,30,3077d280421674a39be26ff0c74f39d5665595a6753a9e51354c8b69a15d219e,2c5ca6a5b9170af5c23331d9ea6e89b2deb3c7220ae6a424a94eeb50f48d1521,retrospective_axis2_derivation
INDEX__N1_C_RETRO__M6A2__swiss_roll_with_hole__f_mapper__sigma_0.03__rep30__57599a2269ba9454,M6A2__swiss_roll_with_hole__f_mapper__sigma_0.03__rep30__57599a2269ba9454,,HISTORICAL_AXIS1__M6A2__swiss_roll_with_hole__f_mapper__sigma_0.03__rep30__57599a2269ba9454,AXIS2__N1_C_RETRO__M6A2__swiss_roll_with_hole__f_mapper__sigma_0.03__rep30__57599a2269ba9454,swiss_roll_with_hole,f_mapper,0.03,30,3077d280421674a39be26ff0c74f39d5665595a6753a9e51354c8b69a15d219e,2c5ca6a5b9170af5c23331d9ea6e89b2deb3c7220ae6a424a94eeb50f48d1521,retrospective_axis2_derivation
INDEX__N1_C_RETRO__M6A2__swiss_roll_with_hole__conventional__sigma_0.05__rep1__fbb9da425f396cee,M6A2__swiss_roll_with_hole__conventional__sigma_0.05__rep1__fbb9da425f396cee,,HISTORICAL_AXIS1__M6A2__swiss_roll_with_hole__conventional__sigma_0.05__rep1__fbb9da425f396cee,AXIS2__N1_C_RETRO__M6A2__swiss_roll_with_hole__conventional__sigma_0.05__rep1__fbb9da425f396cee,swiss_roll_with_hole,conventional,0.05,1,3077d280421674a39be26ff0c74f39d5665595a6753a9e51354c8b69a15d219e,8e5ba5c051d368c16505bc075fb3dc00ca6a79c4363a3f2a84e4ff6c2e45883b,retrospective_axis2_derivation
INDEX__N1_C_RETRO__M6A2__swiss_roll_with_hole__f_mapper__sigma_0.05__rep1__6bfff4dce9a4cd8e,M6A2__swiss_roll_with_hole__f_mapper__sigma_0.05__rep1__6bfff4dce9a4cd8e,,HISTORICAL_AXIS1__M6A2__swiss_roll_with_hole__f_mapper__sigma_0.05__rep1__6bfff4dce9a4cd8e,AXIS2__N1_C_RETRO__M6A2__swiss_roll_with_hole__f_mapper__sigma_0.05__rep1__6bfff4dce9a4cd8e,swiss_roll_with_hole,f_mapper,0.05,1,3077d280421674a39be26ff0c74f39d5665595a6753a9e51354c8b69a15d219e,8e5ba5c051d368c16505bc075fb3dc00ca6a79c4363a3f2a84e4ff6c2e45883b,retrospective_axis2_derivation
INDEX__N1_C_RETRO__M6A2__swiss_roll_with_hole__conventional__sigma_0.05__rep2__c9600b5f572e38ee,M6A2__swiss_roll_with_hole__conventional__sigma_0.05__rep2__c9600b5f572e38ee,,HISTORICAL_AXIS1__M6A2__swiss_roll_with_hole__conventional__sigma_0.05__rep2__c9600b5f572e38ee,AXIS2__N1_C_RETRO__M6A2__swiss_roll_with_hole__conventional__sigma_0.05__rep2__c9600b5f572e38ee,swiss_roll_with_hole,conventional,0.05,2,3077d280421674a39be26ff0c74f39d5665595a6753a9e51354c8b69a15d219e,daa0dacaceb9684ea355b5a11dcc27a2aa56036f444581c037308f49909cc23f,retrospective_axis2_derivation
INDEX__N1_C_RETRO__M6A2__swiss_roll_with_hole__f_mapper__sigma_0.05__rep2__83e8d6bc40ea3fa6,M6A2__swiss_roll_with_hole__f_mapper__sigma_0.05__rep2__83e8d6bc40ea3fa6,,HISTORICAL_AXIS1__M6A2__swiss_roll_with_hole__f_mapper__sigma_0.05__rep2__83e8d6bc40ea3fa6,AXIS2__N1_C_RETRO__M6A2__swiss_roll_with_hole__f_mapper__sigma_0.05__rep2__83e8d6bc40ea3fa6,swiss_roll_with_hole,f_mapper,0.05,2,3077d280421674a39be26ff0c74f39d5665595a6753a9e51354c8b69a15d219e,daa0dacaceb9684ea355b5a11dcc27a2aa56036f444581c037308f49909cc23f,retrospective_axis2_derivation
INDEX__N1_C_RETRO__M6A2__swiss_roll_with_hole__conventional__sigma_0.05__rep3__05780819efb8507a,M6A2__swiss_roll_with_hole__conventional__sigma_0.05__rep3__05780819efb8507a,,HISTORICAL_AXIS1__M6A2__swiss_roll_with_hole__conventional__sigma_0.05__rep3__05780819efb8507a,AXIS2__N1_C_RETRO__M6A2__swiss_roll_with_hole__conventional__sigma_0.05__rep3__05780819efb8507a,swiss_roll_with_hole,conventional,0.05,3,3077d280421674a39be26ff0c74f39d5665595a6753a9e51354c8b69a15d219e,3ed4af5782871fae25377563b5ea63ad5e9d7a87c05925a5596588e6f4e04152,retrospective_axis2_derivation
INDEX__N1_C_RETRO__M6A2__swiss_roll_with_hole__f_mapper__sigma_0.05__rep3__fca4fb7de3438b7c,M6A2__swiss_roll_with_hole__f_mapper__sigma_0.05__rep3__fca4fb7de3438b7c,,HISTORICAL_AXIS1__M6A2__swiss_roll_with_hole__f_mapper__sigma_0.05__rep3__fca4fb7de3438b7c,AXIS2__N1_C_RETRO__M6A2__swiss_roll_with_hole__f_mapper__sigma_0.05__rep3__fca4fb7de3438b7c,swiss_roll_with_hole,f_mapper,0.05,3,3077d280421674a39be26ff0c74f39d5665595a6753a9e51354c8b69a15d219e,3ed4af5782871fae25377563b5ea63ad5e9d7a87c05925a5596588e6f4e04152,retrospective_axis2_derivation
INDEX__N1_C_RETRO__M6A2__swiss_roll_with_hole__conventional__sigma_0.05__rep4__8b35dd305ba514b4,M6A2__swiss_roll_with_hole__conventional__sigma_0.05__rep4__8b35dd305ba514b4,,HISTORICAL_AXIS1__M6A2__swiss_roll_with_hole__conventional__sigma_0.05__rep4__8b35dd305ba514b4,AXIS2__N1_C_RETRO__M6A2__swiss_roll_with_hole__conventional__sigma_0.05__rep4__8b35dd305ba514b4,swiss_roll_with_hole,conventional,0.05,4,3077d280421674a39be26ff0c74f39d5665595a6753a9e51354c8b69a15d219e,a73292a8e2df9178d52d6510b209cfa991a5484c25160b68a379c68d4267e79f,retrospective_axis2_derivation
INDEX__N1_C_RETRO__M6A2__swiss_roll_with_hole__f_mapper__sigma_0.05__rep4__0e54f85fe0ee139a,M6A2__swiss_roll_with_hole__f_mapper__sigma_0.05__rep4__0e54f85fe0ee139a,,HISTORICAL_AXIS1__M6A2__swiss_roll_with_hole__f_mapper__sigma_0.05__rep4__0e54f85fe0ee139a,AXIS2__N1_C_RETRO__M6A2__swiss_roll_with_hole__f_mapper__sigma_0.05__rep4__0e54f85fe0ee139a,swiss_roll_with_hole,f_mapper,0.05,4,3077d280421674a39be26ff0c74f39d5665595a6753a9e51354c8b69a15d219e,a73292a8e2df9178d52d6510b209cfa991a5484c25160b68a379c68d4267e79f,retrospective_axis2_derivation
INDEX__N1_C_RETRO__M6A2__swiss_roll_with_hole__conventional__sigma_0.05__rep5__b70b3a823f38accd,M6A2__swiss_roll_with_hole__conventional__sigma_0.05__rep5__b70b3a823f38accd,,HISTORICAL_AXIS1__M6A2__swiss_roll_with_hole__conventional__sigma_0.05__rep5__b70b3a823f38accd,AXIS2__N1_C_RETRO__M6A2__swiss_roll_with_hole__conventional__sigma_0.05__rep5__b70b3a823f38accd,swiss_roll_with_hole,conventional,0.05,5,3077d280421674a39be26ff0c74f39d5665595a6753a9e51354c8b69a15d219e,6a19a623f37834cd94d43db5308456ac066287858885130cf943c753de540b89,retrospective_axis2_derivation
INDEX__N1_C_RETRO__M6A2__swiss_roll_with_hole__f_mapper__sigma_0.05__rep5__5e7d1b864e72c682,M6A2__swiss_roll_with_hole__f_mapper__sigma_0.05__rep5__5e7d1b864e72c682,,HISTORICAL_AXIS1__M6A2__swiss_roll_with_hole__f_mapper__sigma_0.05__rep5__5e7d1b864e72c682,AXIS2__N1_C_RETRO__M6A2__swiss_roll_with_hole__f_mapper__sigma_0.05__rep5__5e7d1b864e72c682,swiss_roll_with_hole,f_mapper,0.05,5,3077d280421674a39be26ff0c74f39d5665595a6753a9e51354c8b69a15d219e,6a19a623f37834cd94d43db5308456ac066287858885130cf943c753de540b89,retrospective_axis2_derivation
INDEX__N1_C_RETRO__M6A2__swiss_roll_with_hole__conventional__sigma_0.05__rep6__c4955e24a1b376ad,M6A2__swiss_roll_with_hole__conventional__sigma_0.05__rep6__c4955e24a1b376ad,,HISTORICAL_AXIS1__M6A2__swiss_roll_with_hole__conventional__sigma_0.05__rep6__c4955e24a1b376ad,AXIS2__N1_C_RETRO__M6A2__swiss_roll_with_hole__conventional__sigma_0.05__rep6__c4955e24a1b376ad,swiss_roll_with_hole,conventional,0.05,6,3077d280421674a39be26ff0c74f39d5665595a6753a9e51354c8b69a15d219e,30a11c4c5a827052c7cecacf887a9013153e9062da728bfc483f944cc87efc48,retrospective_axis2_derivation
INDEX__N1_C_RETRO__M6A2__swiss_roll_with_hole__f_mapper__sigma_0.05__rep6__d18f78e9f37f9b6e,M6A2__swiss_roll_with_hole__f_mapper__sigma_0.05__rep6__d18f78e9f37f9b6e,,HISTORICAL_AXIS1__M6A2__swiss_roll_with_hole__f_mapper__sigma_0.05__rep6__d18f78e9f37f9b6e,AXIS2__N1_C_RETRO__M6A2__swiss_roll_with_hole__f_mapper__sigma_0.05__rep6__d18f78e9f37f9b6e,swiss_roll_with_hole,f_mapper,0.05,6,3077d280421674a39be26ff0c74f39d5665595a6753a9e51354c8b69a15d219e,30a11c4c5a827052c7cecacf887a9013153e9062da728bfc483f944cc87efc48,retrospective_axis2_derivation
INDEX__N1_C_RETRO__M6A2__swiss_roll_with_hole__conventional__sigma_0.05__rep7__b7bd5fc82f638562,M6A2__swiss_roll_with_hole__conventional__sigma_0.05__rep7__b7bd5fc82f638562,,HISTORICAL_AXIS1__M6A2__swiss_roll_with_hole__conventional__sigma_0.05__rep7__b7bd5fc82f638562,AXIS2__N1_C_RETRO__M6A2__swiss_roll_with_hole__conventional__sigma_0.05__rep7__b7bd5fc82f638562,swiss_roll_with_hole,conventional,0.05,7,3077d280421674a39be26ff0c74f39d5665595a6753a9e51354c8b69a15d219e,43589eab19cdaff999e103d2e45911d701940760c0190c0b4adcf79ca311fe49,retrospective_axis2_derivation
INDEX__N1_C_RETRO__M6A2__swiss_roll_with_hole__f_mapper__sigma_0.05__rep7__ba29b6e03b386b14,M6A2__swiss_roll_with_hole__f_mapper__sigma_0.05__rep7__ba29b6e03b386b14,,HISTORICAL_AXIS1__M6A2__swiss_roll_with_hole__f_mapper__sigma_0.05__rep7__ba29b6e03b386b14,AXIS2__N1_C_RETRO__M6A2__swiss_roll_with_hole__f_mapper__sigma_0.05__rep7__ba29b6e03b386b14,swiss_roll_with_hole,f_mapper,0.05,7,3077d280421674a39be26ff0c74f39d5665595a6753a9e51354c8b69a15d219e,43589eab19cdaff999e103d2e45911d701940760c0190c0b4adcf79ca311fe49,retrospective_axis2_derivation
INDEX__N1_C_RETRO__M6A2__swiss_roll_with_hole__conventional__sigma_0.05__rep8__77db14f852a57e2d,M6A2__swiss_roll_with_hole__conventional__sigma_0.05__rep8__77db14f852a57e2d,,HISTORICAL_AXIS1__M6A2__swiss_roll_with_hole__conventional__sigma_0.05__rep8__77db14f852a57e2d,AXIS2__N1_C_RETRO__M6A2__swiss_roll_with_hole__conventional__sigma_0.05__rep8__77db14f852a57e2d,swiss_roll_with_hole,conventional,0.05,8,3077d280421674a39be26ff0c74f39d5665595a6753a9e51354c8b69a15d219e,18def21f089e078ea8ab56c820fa3d7aa1b5712ce317519c260fe186a549249e,retrospective_axis2_derivation
INDEX__N1_C_RETRO__M6A2__swiss_roll_with_hole__f_mapper__sigma_0.05__rep8__4b025d79b9d021ed,M6A2__swiss_roll_with_hole__f_mapper__sigma_0.05__rep8__4b025d79b9d021ed,,HISTORICAL_AXIS1__M6A2__swiss_roll_with_hole__f_mapper__sigma_0.05__rep8__4b025d79b9d021ed,AXIS2__N1_C_RETRO__M6A2__swiss_roll_with_hole__f_mapper__sigma_0.05__rep8__4b025d79b9d021ed,swiss_roll_with_hole,f_mapper,0.05,8,3077d280421674a39be26ff0c74f39d5665595a6753a9e51354c8b69a15d219e,18def21f089e078ea8ab56c820fa3d7aa1b5712ce317519c260fe186a549249e,retrospective_axis2_derivation
INDEX__N1_C_RETRO__M6A2__swiss_roll_with_hole__conventional__sigma_0.05__rep9__307e172a12aa83fe,M6A2__swiss_roll_with_hole__conventional__sigma_0.05__rep9__307e172a12aa83fe,,HISTORICAL_AXIS1__M6A2__swiss_roll_with_hole__conventional__sigma_0.05__rep9__307e172a12aa83fe,AXIS2__N1_C_RETRO__M6A2__swiss_roll_with_hole__conventional__sigma_0.05__rep9__307e172a12aa83fe,swiss_roll_with_hole,conventional,0.05,9,3077d280421674a39be26ff0c74f39d5665595a6753a9e51354c8b69a15d219e,3172d01b18afe720fd3299428379919ed2c67c5dd4f67896c65e6a526ad9c39a,retrospective_axis2_derivation
INDEX__N1_C_RETRO__M6A2__swiss_roll_with_hole__f_mapper__sigma_0.05__rep9__5274af1bd34f19b9,M6A2__swiss_roll_with_hole__f_mapper__sigma_0.05__rep9__5274af1bd34f19b9,,HISTORICAL_AXIS1__M6A2__swiss_roll_with_hole__f_mapper__sigma_0.05__rep9__5274af1bd34f19b9,AXIS2__N1_C_RETRO__M6A2__swiss_roll_with_hole__f_mapper__sigma_0.05__rep9__5274af1bd34f19b9,swiss_roll_with_hole,f_mapper,0.05,9,3077d280421674a39be26ff0c74f39d5665595a6753a9e51354c8b69a15d219e,3172d01b18afe720fd3299428379919ed2c67c5dd4f67896c65e6a526ad9c39a,retrospective_axis2_derivation
INDEX__N1_C_RETRO__M6A2__swiss_roll_with_hole__conventional__sigma_0.05__rep10__bf0f8827d1077303,M6A2__swiss_roll_with_hole__conventional__sigma_0.05__rep10__bf0f8827d1077303,,HISTORICAL_AXIS1__M6A2__swiss_roll_with_hole__conventional__sigma_0.05__rep10__bf0f8827d1077303,AXIS2__N1_C_RETRO__M6A2__swiss_roll_with_hole__conventional__sigma_0.05__rep10__bf0f8827d1077303,swiss_roll_with_hole,conventional,0.05,10,3077d280421674a39be26ff0c74f39d5665595a6753a9e51354c8b69a15d219e,35719966d476733ba67e053e471ece3fd748e24d5199f15e981477dcd4c8d3f0,retrospective_axis2_derivation
INDEX__N1_C_RETRO__M6A2__swiss_roll_with_hole__f_mapper__sigma_0.05__rep10__729cdca28c707a06,M6A2__swiss_roll_with_hole__f_mapper__sigma_0.05__rep10__729cdca28c707a06,,HISTORICAL_AXIS1__M6A2__swiss_roll_with_hole__f_mapper__sigma_0.05__rep10__729cdca28c707a06,AXIS2__N1_C_RETRO__M6A2__swiss_roll_with_hole__f_mapper__sigma_0.05__rep10__729cdca28c707a06,swiss_roll_with_hole,f_mapper,0.05,10,3077d280421674a39be26ff0c74f39d5665595a6753a9e51354c8b69a15d219e,35719966d476733ba67e053e471ece3fd748e24d5199f15e981477dcd4c8d3f0,retrospective_axis2_derivation
INDEX__N1_C_RETRO__M6A2__swiss_roll_with_hole__conventional__sigma_0.05__rep11__fab8e50909716b23,M6A2__swiss_roll_with_hole__conventional__sigma_0.05__rep11__fab8e50909716b23,,HISTORICAL_AXIS1__M6A2__swiss_roll_with_hole__conventional__sigma_0.05__rep11__fab8e50909716b23,AXIS2__N1_C_RETRO__M6A2__swiss_roll_with_hole__conventional__sigma_0.05__rep11__fab8e50909716b23,swiss_roll_with_hole,conventional,0.05,11,3077d280421674a39be26ff0c74f39d5665595a6753a9e51354c8b69a15d219e,eba3e9124253eea74eac8602fb0f9e3ef2f672914fc257f8e0b49478f0f0c3cb,retrospective_axis2_derivation
INDEX__N1_C_RETRO__M6A2__swiss_roll_with_hole__f_mapper__sigma_0.05__rep11__d310080d94983097,M6A2__swiss_roll_with_hole__f_mapper__sigma_0.05__rep11__d310080d94983097,,HISTORICAL_AXIS1__M6A2__swiss_roll_with_hole__f_mapper__sigma_0.05__rep11__d310080d94983097,AXIS2__N1_C_RETRO__M6A2__swiss_roll_with_hole__f_mapper__sigma_0.05__rep11__d310080d94983097,swiss_roll_with_hole,f_mapper,0.05,11,3077d280421674a39be26ff0c74f39d5665595a6753a9e51354c8b69a15d219e,eba3e9124253eea74eac8602fb0f9e3ef2f672914fc257f8e0b49478f0f0c3cb,retrospective_axis2_derivation
INDEX__N1_C_RETRO__M6A2__swiss_roll_with_hole__conventional__sigma_0.05__rep12__ade2b1d6e7643a47,M6A2__swiss_roll_with_hole__conventional__sigma_0.05__rep12__ade2b1d6e7643a47,,HISTORICAL_AXIS1__M6A2__swiss_roll_with_hole__conventional__sigma_0.05__rep12__ade2b1d6e7643a47,AXIS2__N1_C_RETRO__M6A2__swiss_roll_with_hole__conventional__sigma_0.05__rep12__ade2b1d6e7643a47,swiss_roll_with_hole,conventional,0.05,12,3077d280421674a39be26ff0c74f39d5665595a6753a9e51354c8b69a15d219e,7327b58324f9346105e102218a71c05bdd58d5a3b84e44a3c83aacdd44e6bc93,retrospective_axis2_derivation
INDEX__N1_C_RETRO__M6A2__swiss_roll_with_hole__f_mapper__sigma_0.05__rep12__4faf61e9e7714a4d,M6A2__swiss_roll_with_hole__f_mapper__sigma_0.05__rep12__4faf61e9e7714a4d,,HISTORICAL_AXIS1__M6A2__swiss_roll_with_hole__f_mapper__sigma_0.05__rep12__4faf61e9e7714a4d,AXIS2__N1_C_RETRO__M6A2__swiss_roll_with_hole__f_mapper__sigma_0.05__rep12__4faf61e9e7714a4d,swiss_roll_with_hole,f_mapper,0.05,12,3077d280421674a39be26ff0c74f39d5665595a6753a9e51354c8b69a15d219e,7327b58324f9346105e102218a71c05bdd58d5a3b84e44a3c83aacdd44e6bc93,retrospective_axis2_derivation
INDEX__N1_C_RETRO__M6A2__swiss_roll_with_hole__conventional__sigma_0.05__rep13__cddb7d3cf5906365,M6A2__swiss_roll_with_hole__conventional__sigma_0.05__rep13__cddb7d3cf5906365,,HISTORICAL_AXIS1__M6A2__swiss_roll_with_hole__conventional__sigma_0.05__rep13__cddb7d3cf5906365,AXIS2__N1_C_RETRO__M6A2__swiss_roll_with_hole__conventional__sigma_0.05__rep13__cddb7d3cf5906365,swiss_roll_with_hole,conventional,0.05,13,3077d280421674a39be26ff0c74f39d5665595a6753a9e51354c8b69a15d219e,b110768280f0e5dd18d6dc68d87a1ad73b3867fee63320d9a007bb9c6a0d606f,retrospective_axis2_derivation
INDEX__N1_C_RETRO__M6A2__swiss_roll_with_hole__f_mapper__sigma_0.05__rep13__76bf383634b5b9df,M6A2__swiss_roll_with_hole__f_mapper__sigma_0.05__rep13__76bf383634b5b9df,,HISTORICAL_AXIS1__M6A2__swiss_roll_with_hole__f_mapper__sigma_0.05__rep13__76bf383634b5b9df,AXIS2__N1_C_RETRO__M6A2__swiss_roll_with_hole__f_mapper__sigma_0.05__rep13__76bf383634b5b9df,swiss_roll_with_hole,f_mapper,0.05,13,3077d280421674a39be26ff0c74f39d5665595a6753a9e51354c8b69a15d219e,b110768280f0e5dd18d6dc68d87a1ad73b3867fee63320d9a007bb9c6a0d606f,retrospective_axis2_derivation
INDEX__N1_C_RETRO__M6A2__swiss_roll_with_hole__conventional__sigma_0.05__rep14__f321eb4791e0de8d,M6A2__swiss_roll_with_hole__conventional__sigma_0.05__rep14__f321eb4791e0de8d,,HISTORICAL_AXIS1__M6A2__swiss_roll_with_hole__conventional__sigma_0.05__rep14__f321eb4791e0de8d,AXIS2__N1_C_RETRO__M6A2__swiss_roll_with_hole__conventional__sigma_0.05__rep14__f321eb4791e0de8d,swiss_roll_with_hole,conventional,0.05,14,3077d280421674a39be26ff0c74f39d5665595a6753a9e51354c8b69a15d219e,6f66b88e8ee06655abc8ac974383634f38d1d83ad9c0fd5a6647a40e44874865,retrospective_axis2_derivation
INDEX__N1_C_RETRO__M6A2__swiss_roll_with_hole__f_mapper__sigma_0.05__rep14__0bc9496a94dd04c7,M6A2__swiss_roll_with_hole__f_mapper__sigma_0.05__rep14__0bc9496a94dd04c7,,HISTORICAL_AXIS1__M6A2__swiss_roll_with_hole__f_mapper__sigma_0.05__rep14__0bc9496a94dd04c7,AXIS2__N1_C_RETRO__M6A2__swiss_roll_with_hole__f_mapper__sigma_0.05__rep14__0bc9496a94dd04c7,swiss_roll_with_hole,f_mapper,0.05,14,3077d280421674a39be26ff0c74f39d5665595a6753a9e51354c8b69a15d219e,6f66b88e8ee06655abc8ac974383634f38d1d83ad9c0fd5a6647a40e44874865,retrospective_axis2_derivation
INDEX__N1_C_RETRO__M6A2__swiss_roll_with_hole__conventional__sigma_0.05__rep15__5fb4cb78c1223fc4,M6A2__swiss_roll_with_hole__conventional__sigma_0.05__rep15__5fb4cb78c1223fc4,,HISTORICAL_AXIS1__M6A2__swiss_roll_with_hole__conventional__sigma_0.05__rep15__5fb4cb78c1223fc4,AXIS2__N1_C_RETRO__M6A2__swiss_roll_with_hole__conventional__sigma_0.05__rep15__5fb4cb78c1223fc4,swiss_roll_with_hole,conventional,0.05,15,3077d280421674a39be26ff0c74f39d5665595a6753a9e51354c8b69a15d219e,b3ededf80eaa7bd13c58b368c83cd21b0c921e8de1b0ba3e52fe470ed7fb59cf,retrospective_axis2_derivation
INDEX__N1_C_RETRO__M6A2__swiss_roll_with_hole__f_mapper__sigma_0.05__rep15__9e2583b8d18ee299,M6A2__swiss_roll_with_hole__f_mapper__sigma_0.05__rep15__9e2583b8d18ee299,,HISTORICAL_AXIS1__M6A2__swiss_roll_with_hole__f_mapper__sigma_0.05__rep15__9e2583b8d18ee299,AXIS2__N1_C_RETRO__M6A2__swiss_roll_with_hole__f_mapper__sigma_0.05__rep15__9e2583b8d18ee299,swiss_roll_with_hole,f_mapper,0.05,15,3077d280421674a39be26ff0c74f39d5665595a6753a9e51354c8b69a15d219e,b3ededf80eaa7bd13c58b368c83cd21b0c921e8de1b0ba3e52fe470ed7fb59cf,retrospective_axis2_derivation
INDEX__N1_C_RETRO__M6A2__swiss_roll_with_hole__conventional__sigma_0.05__rep16__da6b5c862ec6e44e,M6A2__swiss_roll_with_hole__conventional__sigma_0.05__rep16__da6b5c862ec6e44e,,HISTORICAL_AXIS1__M6A2__swiss_roll_with_hole__conventional__sigma_0.05__rep16__da6b5c862ec6e44e,AXIS2__N1_C_RETRO__M6A2__swiss_roll_with_hole__conventional__sigma_0.05__rep16__da6b5c862ec6e44e,swiss_roll_with_hole,conventional,0.05,16,3077d280421674a39be26ff0c74f39d5665595a6753a9e51354c8b69a15d219e,428a9da7015f59adbbc9ea4524d80bafb75c68d0a28a8d744deb4bca52b5d2c1,retrospective_axis2_derivation
INDEX__N1_C_RETRO__M6A2__swiss_roll_with_hole__f_mapper__sigma_0.05__rep16__73225c960d49c6f1,M6A2__swiss_roll_with_hole__f_mapper__sigma_0.05__rep16__73225c960d49c6f1,,HISTORICAL_AXIS1__M6A2__swiss_roll_with_hole__f_mapper__sigma_0.05__rep16__73225c960d49c6f1,AXIS2__N1_C_RETRO__M6A2__swiss_roll_with_hole__f_mapper__sigma_0.05__rep16__73225c960d49c6f1,swiss_roll_with_hole,f_mapper,0.05,16,3077d280421674a39be26ff0c74f39d5665595a6753a9e51354c8b69a15d219e,428a9da7015f59adbbc9ea4524d80bafb75c68d0a28a8d744deb4bca52b5d2c1,retrospective_axis2_derivation
INDEX__N1_C_RETRO__M6A2__swiss_roll_with_hole__conventional__sigma_0.05__rep17__29ea917bdffcf942,M6A2__swiss_roll_with_hole__conventional__sigma_0.05__rep17__29ea917bdffcf942,,HISTORICAL_AXIS1__M6A2__swiss_roll_with_hole__conventional__sigma_0.05__rep17__29ea917bdffcf942,AXIS2__N1_C_RETRO__M6A2__swiss_roll_with_hole__conventional__sigma_0.05__rep17__29ea917bdffcf942,swiss_roll_with_hole,conventional,0.05,17,3077d280421674a39be26ff0c74f39d5665595a6753a9e51354c8b69a15d219e,43b62b629a0cfa167354975b8102c15b731552c61624b6cb9fe96afccc9938fe,retrospective_axis2_derivation
INDEX__N1_C_RETRO__M6A2__swiss_roll_with_hole__f_mapper__sigma_0.05__rep17__0e1b4825efb499b3,M6A2__swiss_roll_with_hole__f_mapper__sigma_0.05__rep17__0e1b4825efb499b3,,HISTORICAL_AXIS1__M6A2__swiss_roll_with_hole__f_mapper__sigma_0.05__rep17__0e1b4825efb499b3,AXIS2__N1_C_RETRO__M6A2__swiss_roll_with_hole__f_mapper__sigma_0.05__rep17__0e1b4825efb499b3,swiss_roll_with_hole,f_mapper,0.05,17,3077d280421674a39be26ff0c74f39d5665595a6753a9e51354c8b69a15d219e,43b62b629a0cfa167354975b8102c15b731552c61624b6cb9fe96afccc9938fe,retrospective_axis2_derivation
INDEX__N1_C_RETRO__M6A2__swiss_roll_with_hole__conventional__sigma_0.05__rep18__46a7d5c4af0707a4,M6A2__swiss_roll_with_hole__conventional__sigma_0.05__rep18__46a7d5c4af0707a4,,HISTORICAL_AXIS1__M6A2__swiss_roll_with_hole__conventional__sigma_0.05__rep18__46a7d5c4af0707a4,AXIS2__N1_C_RETRO__M6A2__swiss_roll_with_hole__conventional__sigma_0.05__rep18__46a7d5c4af0707a4,swiss_roll_with_hole,conventional,0.05,18,3077d280421674a39be26ff0c74f39d5665595a6753a9e51354c8b69a15d219e,789847e708b601f9e2835e4ac8ec92dc11a1ee025dae5353b388dac0077d2672,retrospective_axis2_derivation
INDEX__N1_C_RETRO__M6A2__swiss_roll_with_hole__f_mapper__sigma_0.05__rep18__1fca655699e2598e,M6A2__swiss_roll_with_hole__f_mapper__sigma_0.05__rep18__1fca655699e2598e,,HISTORICAL_AXIS1__M6A2__swiss_roll_with_hole__f_mapper__sigma_0.05__rep18__1fca655699e2598e,AXIS2__N1_C_RETRO__M6A2__swiss_roll_with_hole__f_mapper__sigma_0.05__rep18__1fca655699e2598e,swiss_roll_with_hole,f_mapper,0.05,18,3077d280421674a39be26ff0c74f39d5665595a6753a9e51354c8b69a15d219e,789847e708b601f9e2835e4ac8ec92dc11a1ee025dae5353b388dac0077d2672,retrospective_axis2_derivation
INDEX__N1_C_RETRO__M6A2__swiss_roll_with_hole__conventional__sigma_0.05__rep19__30a0d6cad872a9e3,M6A2__swiss_roll_with_hole__conventional__sigma_0.05__rep19__30a0d6cad872a9e3,,HISTORICAL_AXIS1__M6A2__swiss_roll_with_hole__conventional__sigma_0.05__rep19__30a0d6cad872a9e3,AXIS2__N1_C_RETRO__M6A2__swiss_roll_with_hole__conventional__sigma_0.05__rep19__30a0d6cad872a9e3,swiss_roll_with_hole,conventional,0.05,19,3077d280421674a39be26ff0c74f39d5665595a6753a9e51354c8b69a15d219e,0a105b2dca5833d2a1f74ab74ceea8d4ff01d50cb1b3971990014db6891ecd8a,retrospective_axis2_derivation
INDEX__N1_C_RETRO__M6A2__swiss_roll_with_hole__f_mapper__sigma_0.05__rep19__b677a563b93dd910,M6A2__swiss_roll_with_hole__f_mapper__sigma_0.05__rep19__b677a563b93dd910,,HISTORICAL_AXIS1__M6A2__swiss_roll_with_hole__f_mapper__sigma_0.05__rep19__b677a563b93dd910,AXIS2__N1_C_RETRO__M6A2__swiss_roll_with_hole__f_mapper__sigma_0.05__rep19__b677a563b93dd910,swiss_roll_with_hole,f_mapper,0.05,19,3077d280421674a39be26ff0c74f39d5665595a6753a9e51354c8b69a15d219e,0a105b2dca5833d2a1f74ab74ceea8d4ff01d50cb1b3971990014db6891ecd8a,retrospective_axis2_derivation
INDEX__N1_C_RETRO__M6A2__swiss_roll_with_hole__conventional__sigma_0.05__rep20__940658b96c9fc7b3,M6A2__swiss_roll_with_hole__conventional__sigma_0.05__rep20__940658b96c9fc7b3,,HISTORICAL_AXIS1__M6A2__swiss_roll_with_hole__conventional__sigma_0.05__rep20__940658b96c9fc7b3,AXIS2__N1_C_RETRO__M6A2__swiss_roll_with_hole__conventional__sigma_0.05__rep20__940658b96c9fc7b3,swiss_roll_with_hole,conventional,0.05,20,3077d280421674a39be26ff0c74f39d5665595a6753a9e51354c8b69a15d219e,722a0f15916f8e640eb033f5401134e5196af556f5803f79d3bdb284a464b900,retrospective_axis2_derivation
INDEX__N1_C_RETRO__M6A2__swiss_roll_with_hole__f_mapper__sigma_0.05__rep20__b3ae5954e119fa9e,M6A2__swiss_roll_with_hole__f_mapper__sigma_0.05__rep20__b3ae5954e119fa9e,,HISTORICAL_AXIS1__M6A2__swiss_roll_with_hole__f_mapper__sigma_0.05__rep20__b3ae5954e119fa9e,AXIS2__N1_C_RETRO__M6A2__swiss_roll_with_hole__f_mapper__sigma_0.05__rep20__b3ae5954e119fa9e,swiss_roll_with_hole,f_mapper,0.05,20,3077d280421674a39be26ff0c74f39d5665595a6753a9e51354c8b69a15d219e,722a0f15916f8e640eb033f5401134e5196af556f5803f79d3bdb284a464b900,retrospective_axis2_derivation
INDEX__N1_C_RETRO__M6A2__swiss_roll_with_hole__conventional__sigma_0.05__rep21__f140c9b0874765f6,M6A2__swiss_roll_with_hole__conventional__sigma_0.05__rep21__f140c9b0874765f6,,HISTORICAL_AXIS1__M6A2__swiss_roll_with_hole__conventional__sigma_0.05__rep21__f140c9b0874765f6,AXIS2__N1_C_RETRO__M6A2__swiss_roll_with_hole__conventional__sigma_0.05__rep21__f140c9b0874765f6,swiss_roll_with_hole,conventional,0.05,21,3077d280421674a39be26ff0c74f39d5665595a6753a9e51354c8b69a15d219e,a8c2648c0f0dfe9c23769e6904a47a6089d6ec3033fe729fa22b8e17b0e9b7db,retrospective_axis2_derivation
INDEX__N1_C_RETRO__M6A2__swiss_roll_with_hole__f_mapper__sigma_0.05__rep21__ab6ab3744a72ad32,M6A2__swiss_roll_with_hole__f_mapper__sigma_0.05__rep21__ab6ab3744a72ad32,,HISTORICAL_AXIS1__M6A2__swiss_roll_with_hole__f_mapper__sigma_0.05__rep21__ab6ab3744a72ad32,AXIS2__N1_C_RETRO__M6A2__swiss_roll_with_hole__f_mapper__sigma_0.05__rep21__ab6ab3744a72ad32,swiss_roll_with_hole,f_mapper,0.05,21,3077d280421674a39be26ff0c74f39d5665595a6753a9e51354c8b69a15d219e,a8c2648c0f0dfe9c23769e6904a47a6089d6ec3033fe729fa22b8e17b0e9b7db,retrospective_axis2_derivation
INDEX__N1_C_RETRO__M6A2__swiss_roll_with_hole__conventional__sigma_0.05__rep22__0289c0e5c94437aa,M6A2__swiss_roll_with_hole__conventional__sigma_0.05__rep22__0289c0e5c94437aa,,HISTORICAL_AXIS1__M6A2__swiss_roll_with_hole__conventional__sigma_0.05__rep22__0289c0e5c94437aa,AXIS2__N1_C_RETRO__M6A2__swiss_roll_with_hole__conventional__sigma_0.05__rep22__0289c0e5c94437aa,swiss_roll_with_hole,conventional,0.05,22,3077d280421674a39be26ff0c74f39d5665595a6753a9e51354c8b69a15d219e,7af9331edcb8811740034bd1bca9c71fc5d0e074d9ea182224a0ce63763d3399,retrospective_axis2_derivation
INDEX__N1_C_RETRO__M6A2__swiss_roll_with_hole__f_mapper__sigma_0.05__rep22__18072bb7a4606e98,M6A2__swiss_roll_with_hole__f_mapper__sigma_0.05__rep22__18072bb7a4606e98,,HISTORICAL_AXIS1__M6A2__swiss_roll_with_hole__f_mapper__sigma_0.05__rep22__18072bb7a4606e98,AXIS2__N1_C_RETRO__M6A2__swiss_roll_with_hole__f_mapper__sigma_0.05__rep22__18072bb7a4606e98,swiss_roll_with_hole,f_mapper,0.05,22,3077d280421674a39be26ff0c74f39d5665595a6753a9e51354c8b69a15d219e,7af9331edcb8811740034bd1bca9c71fc5d0e074d9ea182224a0ce63763d3399,retrospective_axis2_derivation
INDEX__N1_C_RETRO__M6A2__swiss_roll_with_hole__conventional__sigma_0.05__rep23__35264a3be3f28396,M6A2__swiss_roll_with_hole__conventional__sigma_0.05__rep23__35264a3be3f28396,,HISTORICAL_AXIS1__M6A2__swiss_roll_with_hole__conventional__sigma_0.05__rep23__35264a3be3f28396,AXIS2__N1_C_RETRO__M6A2__swiss_roll_with_hole__conventional__sigma_0.05__rep23__35264a3be3f28396,swiss_roll_with_hole,conventional,0.05,23,3077d280421674a39be26ff0c74f39d5665595a6753a9e51354c8b69a15d219e,145a9734871a3ea1d9f42aebe3f177791daa54724c1004023c00b34a6f96aacf,retrospective_axis2_derivation
INDEX__N1_C_RETRO__M6A2__swiss_roll_with_hole__f_mapper__sigma_0.05__rep23__8ca05981553aaf96,M6A2__swiss_roll_with_hole__f_mapper__sigma_0.05__rep23__8ca05981553aaf96,,HISTORICAL_AXIS1__M6A2__swiss_roll_with_hole__f_mapper__sigma_0.05__rep23__8ca05981553aaf96,AXIS2__N1_C_RETRO__M6A2__swiss_roll_with_hole__f_mapper__sigma_0.05__rep23__8ca05981553aaf96,swiss_roll_with_hole,f_mapper,0.05,23,3077d280421674a39be26ff0c74f39d5665595a6753a9e51354c8b69a15d219e,145a9734871a3ea1d9f42aebe3f177791daa54724c1004023c00b34a6f96aacf,retrospective_axis2_derivation
INDEX__N1_C_RETRO__M6A2__swiss_roll_with_hole__conventional__sigma_0.05__rep24__28d186c56af3bdc1,M6A2__swiss_roll_with_hole__conventional__sigma_0.05__rep24__28d186c56af3bdc1,,HISTORICAL_AXIS1__M6A2__swiss_roll_with_hole__conventional__sigma_0.05__rep24__28d186c56af3bdc1,AXIS2__N1_C_RETRO__M6A2__swiss_roll_with_hole__conventional__sigma_0.05__rep24__28d186c56af3bdc1,swiss_roll_with_hole,conventional,0.05,24,3077d280421674a39be26ff0c74f39d5665595a6753a9e51354c8b69a15d219e,8f579da3c46ab789048eff1103557c7638e4c3bc5de14f6fa74cb9adb707ce76,retrospective_axis2_derivation
INDEX__N1_C_RETRO__M6A2__swiss_roll_with_hole__f_mapper__sigma_0.05__rep24__79df89bdbeb32bcd,M6A2__swiss_roll_with_hole__f_mapper__sigma_0.05__rep24__79df89bdbeb32bcd,,HISTORICAL_AXIS1__M6A2__swiss_roll_with_hole__f_mapper__sigma_0.05__rep24__79df89bdbeb32bcd,AXIS2__N1_C_RETRO__M6A2__swiss_roll_with_hole__f_mapper__sigma_0.05__rep24__79df89bdbeb32bcd,swiss_roll_with_hole,f_mapper,0.05,24,3077d280421674a39be26ff0c74f39d5665595a6753a9e51354c8b69a15d219e,8f579da3c46ab789048eff1103557c7638e4c3bc5de14f6fa74cb9adb707ce76,retrospective_axis2_derivation
INDEX__N1_C_RETRO__M6A2__swiss_roll_with_hole__conventional__sigma_0.05__rep25__50c8c6622d831a7a,M6A2__swiss_roll_with_hole__conventional__sigma_0.05__rep25__50c8c6622d831a7a,,HISTORICAL_AXIS1__M6A2__swiss_roll_with_hole__conventional__sigma_0.05__rep25__50c8c6622d831a7a,AXIS2__N1_C_RETRO__M6A2__swiss_roll_with_hole__conventional__sigma_0.05__rep25__50c8c6622d831a7a,swiss_roll_with_hole,conventional,0.05,25,3077d280421674a39be26ff0c74f39d5665595a6753a9e51354c8b69a15d219e,c2db39649165123b88c43a3e38dfe925afd0d643946fecd6ece0730009cc708d,retrospective_axis2_derivation
INDEX__N1_C_RETRO__M6A2__swiss_roll_with_hole__f_mapper__sigma_0.05__rep25__4c56a45aa551974f,M6A2__swiss_roll_with_hole__f_mapper__sigma_0.05__rep25__4c56a45aa551974f,,HISTORICAL_AXIS1__M6A2__swiss_roll_with_hole__f_mapper__sigma_0.05__rep25__4c56a45aa551974f,AXIS2__N1_C_RETRO__M6A2__swiss_roll_with_hole__f_mapper__sigma_0.05__rep25__4c56a45aa551974f,swiss_roll_with_hole,f_mapper,0.05,25,3077d280421674a39be26ff0c74f39d5665595a6753a9e51354c8b69a15d219e,c2db39649165123b88c43a3e38dfe925afd0d643946fecd6ece0730009cc708d,retrospective_axis2_derivation
INDEX__N1_C_RETRO__M6A2__swiss_roll_with_hole__conventional__sigma_0.05__rep26__80ba81fd5a62a1b3,M6A2__swiss_roll_with_hole__conventional__sigma_0.05__rep26__80ba81fd5a62a1b3,,HISTORICAL_AXIS1__M6A2__swiss_roll_with_hole__conventional__sigma_0.05__rep26__80ba81fd5a62a1b3,AXIS2__N1_C_RETRO__M6A2__swiss_roll_with_hole__conventional__sigma_0.05__rep26__80ba81fd5a62a1b3,swiss_roll_with_hole,conventional,0.05,26,3077d280421674a39be26ff0c74f39d5665595a6753a9e51354c8b69a15d219e,d4c38f370a769d98286f5778daebfc7000cdd3495befd2e4b4bb135139fa6f8f,retrospective_axis2_derivation
INDEX__N1_C_RETRO__M6A2__swiss_roll_with_hole__f_mapper__sigma_0.05__rep26__009e071fec7602d9,M6A2__swiss_roll_with_hole__f_mapper__sigma_0.05__rep26__009e071fec7602d9,,HISTORICAL_AXIS1__M6A2__swiss_roll_with_hole__f_mapper__sigma_0.05__rep26__009e071fec7602d9,AXIS2__N1_C_RETRO__M6A2__swiss_roll_with_hole__f_mapper__sigma_0.05__rep26__009e071fec7602d9,swiss_roll_with_hole,f_mapper,0.05,26,3077d280421674a39be26ff0c74f39d5665595a6753a9e51354c8b69a15d219e,d4c38f370a769d98286f5778daebfc7000cdd3495befd2e4b4bb135139fa6f8f,retrospective_axis2_derivation
INDEX__N1_C_RETRO__M6A2__swiss_roll_with_hole__conventional__sigma_0.05__rep27__59cf2f5684f91bd9,M6A2__swiss_roll_with_hole__conventional__sigma_0.05__rep27__59cf2f5684f91bd9,,HISTORICAL_AXIS1__M6A2__swiss_roll_with_hole__conventional__sigma_0.05__rep27__59cf2f5684f91bd9,AXIS2__N1_C_RETRO__M6A2__swiss_roll_with_hole__conventional__sigma_0.05__rep27__59cf2f5684f91bd9,swiss_roll_with_hole,conventional,0.05,27,3077d280421674a39be26ff0c74f39d5665595a6753a9e51354c8b69a15d219e,bc258d3c91c12107b0a72526b49a3a24e8b97fabfaca3c1132c52e3978dbb0da,retrospective_axis2_derivation
INDEX__N1_C_RETRO__M6A2__swiss_roll_with_hole__f_mapper__sigma_0.05__rep27__ff5f7e091c6523a0,M6A2__swiss_roll_with_hole__f_mapper__sigma_0.05__rep27__ff5f7e091c6523a0,,HISTORICAL_AXIS1__M6A2__swiss_roll_with_hole__f_mapper__sigma_0.05__rep27__ff5f7e091c6523a0,AXIS2__N1_C_RETRO__M6A2__swiss_roll_with_hole__f_mapper__sigma_0.05__rep27__ff5f7e091c6523a0,swiss_roll_with_hole,f_mapper,0.05,27,3077d280421674a39be26ff0c74f39d5665595a6753a9e51354c8b69a15d219e,bc258d3c91c12107b0a72526b49a3a24e8b97fabfaca3c1132c52e3978dbb0da,retrospective_axis2_derivation
INDEX__N1_C_RETRO__M6A2__swiss_roll_with_hole__conventional__sigma_0.05__rep28__46325681f13087ea,M6A2__swiss_roll_with_hole__conventional__sigma_0.05__rep28__46325681f13087ea,,HISTORICAL_AXIS1__M6A2__swiss_roll_with_hole__conventional__sigma_0.05__rep28__46325681f13087ea,AXIS2__N1_C_RETRO__M6A2__swiss_roll_with_hole__conventional__sigma_0.05__rep28__46325681f13087ea,swiss_roll_with_hole,conventional,0.05,28,3077d280421674a39be26ff0c74f39d5665595a6753a9e51354c8b69a15d219e,ec7dcfc3cd9ec396f7ff2201c7d6ae79e29401d535a382cf70e67dadac8d18cc,retrospective_axis2_derivation
INDEX__N1_C_RETRO__M6A2__swiss_roll_with_hole__f_mapper__sigma_0.05__rep28__7dde9443159fbbd1,M6A2__swiss_roll_with_hole__f_mapper__sigma_0.05__rep28__7dde9443159fbbd1,,HISTORICAL_AXIS1__M6A2__swiss_roll_with_hole__f_mapper__sigma_0.05__rep28__7dde9443159fbbd1,AXIS2__N1_C_RETRO__M6A2__swiss_roll_with_hole__f_mapper__sigma_0.05__rep28__7dde9443159fbbd1,swiss_roll_with_hole,f_mapper,0.05,28,3077d280421674a39be26ff0c74f39d5665595a6753a9e51354c8b69a15d219e,ec7dcfc3cd9ec396f7ff2201c7d6ae79e29401d535a382cf70e67dadac8d18cc,retrospective_axis2_derivation
INDEX__N1_C_RETRO__M6A2__swiss_roll_with_hole__conventional__sigma_0.05__rep29__bebb2cabeb342e8c,M6A2__swiss_roll_with_hole__conventional__sigma_0.05__rep29__bebb2cabeb342e8c,,HISTORICAL_AXIS1__M6A2__swiss_roll_with_hole__conventional__sigma_0.05__rep29__bebb2cabeb342e8c,AXIS2__N1_C_RETRO__M6A2__swiss_roll_with_hole__conventional__sigma_0.05__rep29__bebb2cabeb342e8c,swiss_roll_with_hole,conventional,0.05,29,3077d280421674a39be26ff0c74f39d5665595a6753a9e51354c8b69a15d219e,66d0e15d872c536a097533ba4734cb117e8701dfd0e7249a13eacc898a572538,retrospective_axis2_derivation
INDEX__N1_C_RETRO__M6A2__swiss_roll_with_hole__f_mapper__sigma_0.05__rep29__1b8162a77e8e574d,M6A2__swiss_roll_with_hole__f_mapper__sigma_0.05__rep29__1b8162a77e8e574d,,HISTORICAL_AXIS1__M6A2__swiss_roll_with_hole__f_mapper__sigma_0.05__rep29__1b8162a77e8e574d,AXIS2__N1_C_RETRO__M6A2__swiss_roll_with_hole__f_mapper__sigma_0.05__rep29__1b8162a77e8e574d,swiss_roll_with_hole,f_mapper,0.05,29,3077d280421674a39be26ff0c74f39d5665595a6753a9e51354c8b69a15d219e,66d0e15d872c536a097533ba4734cb117e8701dfd0e7249a13eacc898a572538,retrospective_axis2_derivation
INDEX__N1_C_RETRO__M6A2__swiss_roll_with_hole__conventional__sigma_0.05__rep30__850a5d57bbe544f4,M6A2__swiss_roll_with_hole__conventional__sigma_0.05__rep30__850a5d57bbe544f4,,HISTORICAL_AXIS1__M6A2__swiss_roll_with_hole__conventional__sigma_0.05__rep30__850a5d57bbe544f4,AXIS2__N1_C_RETRO__M6A2__swiss_roll_with_hole__conventional__sigma_0.05__rep30__850a5d57bbe544f4,swiss_roll_with_hole,conventional,0.05,30,3077d280421674a39be26ff0c74f39d5665595a6753a9e51354c8b69a15d219e,c323d1ad6fb89623f619d08d4754b6856c58a8180b2d0b27e308caa9bf363df7,retrospective_axis2_derivation
INDEX__N1_C_RETRO__M6A2__swiss_roll_with_hole__f_mapper__sigma_0.05__rep30__d687b977a13bdee1,M6A2__swiss_roll_with_hole__f_mapper__sigma_0.05__rep30__d687b977a13bdee1,,HISTORICAL_AXIS1__M6A2__swiss_roll_with_hole__f_mapper__sigma_0.05__rep30__d687b977a13bdee1,AXIS2__N1_C_RETRO__M6A2__swiss_roll_with_hole__f_mapper__sigma_0.05__rep30__d687b977a13bdee1,swiss_roll_with_hole,f_mapper,0.05,30,3077d280421674a39be26ff0c74f39d5665595a6753a9e51354c8b69a15d219e,c323d1ad6fb89623f619d08d4754b6856c58a8180b2d0b27e308caa9bf363df7,retrospective_axis2_derivation
INDEX__N1_C_RETRO__M6A2__swiss_roll_with_hole__conventional__sigma_0.08__rep1__ae95f4ae75a08ffe,M6A2__swiss_roll_with_hole__conventional__sigma_0.08__rep1__ae95f4ae75a08ffe,,HISTORICAL_AXIS1__M6A2__swiss_roll_with_hole__conventional__sigma_0.08__rep1__ae95f4ae75a08ffe,AXIS2__N1_C_RETRO__M6A2__swiss_roll_with_hole__conventional__sigma_0.08__rep1__ae95f4ae75a08ffe,swiss_roll_with_hole,conventional,0.08,1,3077d280421674a39be26ff0c74f39d5665595a6753a9e51354c8b69a15d219e,320a88a83e35de1d0c23946244c2acdc2396dfe73571fad479a20a2651ae5b49,retrospective_axis2_derivation
INDEX__N1_C_RETRO__M6A2__swiss_roll_with_hole__f_mapper__sigma_0.08__rep1__cf30d1e3c923d4d5,M6A2__swiss_roll_with_hole__f_mapper__sigma_0.08__rep1__cf30d1e3c923d4d5,,HISTORICAL_AXIS1__M6A2__swiss_roll_with_hole__f_mapper__sigma_0.08__rep1__cf30d1e3c923d4d5,AXIS2__N1_C_RETRO__M6A2__swiss_roll_with_hole__f_mapper__sigma_0.08__rep1__cf30d1e3c923d4d5,swiss_roll_with_hole,f_mapper,0.08,1,3077d280421674a39be26ff0c74f39d5665595a6753a9e51354c8b69a15d219e,320a88a83e35de1d0c23946244c2acdc2396dfe73571fad479a20a2651ae5b49,retrospective_axis2_derivation
INDEX__N1_C_RETRO__M6A2__swiss_roll_with_hole__conventional__sigma_0.08__rep2__0db080d9de2dbfb1,M6A2__swiss_roll_with_hole__conventional__sigma_0.08__rep2__0db080d9de2dbfb1,,HISTORICAL_AXIS1__M6A2__swiss_roll_with_hole__conventional__sigma_0.08__rep2__0db080d9de2dbfb1,AXIS2__N1_C_RETRO__M6A2__swiss_roll_with_hole__conventional__sigma_0.08__rep2__0db080d9de2dbfb1,swiss_roll_with_hole,conventional,0.08,2,3077d280421674a39be26ff0c74f39d5665595a6753a9e51354c8b69a15d219e,92e6eac0e8e61295dc336af52e354ebc767fc77141755798e024d1c8a55acbd8,retrospective_axis2_derivation
INDEX__N1_C_RETRO__M6A2__swiss_roll_with_hole__f_mapper__sigma_0.08__rep2__a9c6bb57eb9e2abf,M6A2__swiss_roll_with_hole__f_mapper__sigma_0.08__rep2__a9c6bb57eb9e2abf,,HISTORICAL_AXIS1__M6A2__swiss_roll_with_hole__f_mapper__sigma_0.08__rep2__a9c6bb57eb9e2abf,AXIS2__N1_C_RETRO__M6A2__swiss_roll_with_hole__f_mapper__sigma_0.08__rep2__a9c6bb57eb9e2abf,swiss_roll_with_hole,f_mapper,0.08,2,3077d280421674a39be26ff0c74f39d5665595a6753a9e51354c8b69a15d219e,92e6eac0e8e61295dc336af52e354ebc767fc77141755798e024d1c8a55acbd8,retrospective_axis2_derivation
INDEX__N1_C_RETRO__M6A2__swiss_roll_with_hole__conventional__sigma_0.08__rep3__4ddc076cfb69dfaa,M6A2__swiss_roll_with_hole__conventional__sigma_0.08__rep3__4ddc076cfb69dfaa,,HISTORICAL_AXIS1__M6A2__swiss_roll_with_hole__conventional__sigma_0.08__rep3__4ddc076cfb69dfaa,AXIS2__N1_C_RETRO__M6A2__swiss_roll_with_hole__conventional__sigma_0.08__rep3__4ddc076cfb69dfaa,swiss_roll_with_hole,conventional,0.08,3,3077d280421674a39be26ff0c74f39d5665595a6753a9e51354c8b69a15d219e,1fefb19f6ef90c6e8c5985a455e9c849bcce960304122d0e105645a1b351af47,retrospective_axis2_derivation
INDEX__N1_C_RETRO__M6A2__swiss_roll_with_hole__f_mapper__sigma_0.08__rep3__057be61a4f20ac1c,M6A2__swiss_roll_with_hole__f_mapper__sigma_0.08__rep3__057be61a4f20ac1c,,HISTORICAL_AXIS1__M6A2__swiss_roll_with_hole__f_mapper__sigma_0.08__rep3__057be61a4f20ac1c,AXIS2__N1_C_RETRO__M6A2__swiss_roll_with_hole__f_mapper__sigma_0.08__rep3__057be61a4f20ac1c,swiss_roll_with_hole,f_mapper,0.08,3,3077d280421674a39be26ff0c74f39d5665595a6753a9e51354c8b69a15d219e,1fefb19f6ef90c6e8c5985a455e9c849bcce960304122d0e105645a1b351af47,retrospective_axis2_derivation
INDEX__N1_C_RETRO__M6A2__swiss_roll_with_hole__conventional__sigma_0.08__rep4__a72d4fc622ba584e,M6A2__swiss_roll_with_hole__conventional__sigma_0.08__rep4__a72d4fc622ba584e,,HISTORICAL_AXIS1__M6A2__swiss_roll_with_hole__conventional__sigma_0.08__rep4__a72d4fc622ba584e,AXIS2__N1_C_RETRO__M6A2__swiss_roll_with_hole__conventional__sigma_0.08__rep4__a72d4fc622ba584e,swiss_roll_with_hole,conventional,0.08,4,3077d280421674a39be26ff0c74f39d5665595a6753a9e51354c8b69a15d219e,356ad80d0c5ac069eab38e960032726cdf7ad4dd03b66bdd34375e9d74f25d3f,retrospective_axis2_derivation
INDEX__N1_C_RETRO__M6A2__swiss_roll_with_hole__f_mapper__sigma_0.08__rep4__92af4a3bf94168fe,M6A2__swiss_roll_with_hole__f_mapper__sigma_0.08__rep4__92af4a3bf94168fe,,HISTORICAL_AXIS1__M6A2__swiss_roll_with_hole__f_mapper__sigma_0.08__rep4__92af4a3bf94168fe,AXIS2__N1_C_RETRO__M6A2__swiss_roll_with_hole__f_mapper__sigma_0.08__rep4__92af4a3bf94168fe,swiss_roll_with_hole,f_mapper,0.08,4,3077d280421674a39be26ff0c74f39d5665595a6753a9e51354c8b69a15d219e,356ad80d0c5ac069eab38e960032726cdf7ad4dd03b66bdd34375e9d74f25d3f,retrospective_axis2_derivation
INDEX__N1_C_RETRO__M6A2__swiss_roll_with_hole__conventional__sigma_0.08__rep5__07196e8c14d63029,M6A2__swiss_roll_with_hole__conventional__sigma_0.08__rep5__07196e8c14d63029,,HISTORICAL_AXIS1__M6A2__swiss_roll_with_hole__conventional__sigma_0.08__rep5__07196e8c14d63029,AXIS2__N1_C_RETRO__M6A2__swiss_roll_with_hole__conventional__sigma_0.08__rep5__07196e8c14d63029,swiss_roll_with_hole,conventional,0.08,5,3077d280421674a39be26ff0c74f39d5665595a6753a9e51354c8b69a15d219e,09f5c81c6b1d720a51e92fd5514821510806a8964d4808e7745fb7af9b747ccb,retrospective_axis2_derivation
INDEX__N1_C_RETRO__M6A2__swiss_roll_with_hole__f_mapper__sigma_0.08__rep5__7a630041a26ed4a1,M6A2__swiss_roll_with_hole__f_mapper__sigma_0.08__rep5__7a630041a26ed4a1,,HISTORICAL_AXIS1__M6A2__swiss_roll_with_hole__f_mapper__sigma_0.08__rep5__7a630041a26ed4a1,AXIS2__N1_C_RETRO__M6A2__swiss_roll_with_hole__f_mapper__sigma_0.08__rep5__7a630041a26ed4a1,swiss_roll_with_hole,f_mapper,0.08,5,3077d280421674a39be26ff0c74f39d5665595a6753a9e51354c8b69a15d219e,09f5c81c6b1d720a51e92fd5514821510806a8964d4808e7745fb7af9b747ccb,retrospective_axis2_derivation
INDEX__N1_C_RETRO__M6A2__swiss_roll_with_hole__conventional__sigma_0.08__rep6__bd74792a5e978696,M6A2__swiss_roll_with_hole__conventional__sigma_0.08__rep6__bd74792a5e978696,,HISTORICAL_AXIS1__M6A2__swiss_roll_with_hole__conventional__sigma_0.08__rep6__bd74792a5e978696,AXIS2__N1_C_RETRO__M6A2__swiss_roll_with_hole__conventional__sigma_0.08__rep6__bd74792a5e978696,swiss_roll_with_hole,conventional,0.08,6,3077d280421674a39be26ff0c74f39d5665595a6753a9e51354c8b69a15d219e,9306fd2ebab9d555106789085eae56b3edb6aac49d52c01cd4a5ebd74200ba72,retrospective_axis2_derivation
INDEX__N1_C_RETRO__M6A2__swiss_roll_with_hole__f_mapper__sigma_0.08__rep6__ec2974003b84f618,M6A2__swiss_roll_with_hole__f_mapper__sigma_0.08__rep6__ec2974003b84f618,,HISTORICAL_AXIS1__M6A2__swiss_roll_with_hole__f_mapper__sigma_0.08__rep6__ec2974003b84f618,AXIS2__N1_C_RETRO__M6A2__swiss_roll_with_hole__f_mapper__sigma_0.08__rep6__ec2974003b84f618,swiss_roll_with_hole,f_mapper,0.08,6,3077d280421674a39be26ff0c74f39d5665595a6753a9e51354c8b69a15d219e,9306fd2ebab9d555106789085eae56b3edb6aac49d52c01cd4a5ebd74200ba72,retrospective_axis2_derivation
INDEX__N1_C_RETRO__M6A2__swiss_roll_with_hole__conventional__sigma_0.08__rep7__aeeb62232172b452,M6A2__swiss_roll_with_hole__conventional__sigma_0.08__rep7__aeeb62232172b452,,HISTORICAL_AXIS1__M6A2__swiss_roll_with_hole__conventional__sigma_0.08__rep7__aeeb62232172b452,AXIS2__N1_C_RETRO__M6A2__swiss_roll_with_hole__conventional__sigma_0.08__rep7__aeeb62232172b452,swiss_roll_with_hole,conventional,0.08,7,3077d280421674a39be26ff0c74f39d5665595a6753a9e51354c8b69a15d219e,bc5ff4bd36a487c6a5266c4a0a5f8309246df08b2ed49c5827ef86a0215bf297,retrospective_axis2_derivation
INDEX__N1_C_RETRO__M6A2__swiss_roll_with_hole__f_mapper__sigma_0.08__rep7__9a69364dd8d1cab7,M6A2__swiss_roll_with_hole__f_mapper__sigma_0.08__rep7__9a69364dd8d1cab7,,HISTORICAL_AXIS1__M6A2__swiss_roll_with_hole__f_mapper__sigma_0.08__rep7__9a69364dd8d1cab7,AXIS2__N1_C_RETRO__M6A2__swiss_roll_with_hole__f_mapper__sigma_0.08__rep7__9a69364dd8d1cab7,swiss_roll_with_hole,f_mapper,0.08,7,3077d280421674a39be26ff0c74f39d5665595a6753a9e51354c8b69a15d219e,bc5ff4bd36a487c6a5266c4a0a5f8309246df08b2ed49c5827ef86a0215bf297,retrospective_axis2_derivation
INDEX__N1_C_RETRO__M6A2__swiss_roll_with_hole__conventional__sigma_0.08__rep8__d1a8da0509709451,M6A2__swiss_roll_with_hole__conventional__sigma_0.08__rep8__d1a8da0509709451,,HISTORICAL_AXIS1__M6A2__swiss_roll_with_hole__conventional__sigma_0.08__rep8__d1a8da0509709451,AXIS2__N1_C_RETRO__M6A2__swiss_roll_with_hole__conventional__sigma_0.08__rep8__d1a8da0509709451,swiss_roll_with_hole,conventional,0.08,8,3077d280421674a39be26ff0c74f39d5665595a6753a9e51354c8b69a15d219e,bf82bcd20bf9e2623b8c75303482831e787d0e8c3ca103b83ddaee5391c0e3d3,retrospective_axis2_derivation
INDEX__N1_C_RETRO__M6A2__swiss_roll_with_hole__f_mapper__sigma_0.08__rep8__148d47b57cf1aad8,M6A2__swiss_roll_with_hole__f_mapper__sigma_0.08__rep8__148d47b57cf1aad8,,HISTORICAL_AXIS1__M6A2__swiss_roll_with_hole__f_mapper__sigma_0.08__rep8__148d47b57cf1aad8,AXIS2__N1_C_RETRO__M6A2__swiss_roll_with_hole__f_mapper__sigma_0.08__rep8__148d47b57cf1aad8,swiss_roll_with_hole,f_mapper,0.08,8,3077d280421674a39be26ff0c74f39d5665595a6753a9e51354c8b69a15d219e,bf82bcd20bf9e2623b8c75303482831e787d0e8c3ca103b83ddaee5391c0e3d3,retrospective_axis2_derivation
INDEX__N1_C_RETRO__M6A2__swiss_roll_with_hole__conventional__sigma_0.08__rep9__beef390a064c802f,M6A2__swiss_roll_with_hole__conventional__sigma_0.08__rep9__beef390a064c802f,,HISTORICAL_AXIS1__M6A2__swiss_roll_with_hole__conventional__sigma_0.08__rep9__beef390a064c802f,AXIS2__N1_C_RETRO__M6A2__swiss_roll_with_hole__conventional__sigma_0.08__rep9__beef390a064c802f,swiss_roll_with_hole,conventional,0.08,9,3077d280421674a39be26ff0c74f39d5665595a6753a9e51354c8b69a15d219e,eb29d98c6ac0cc3ca86150fedc7e9f4c41a3a5975edb4d6351760b2ed88becc5,retrospective_axis2_derivation
INDEX__N1_C_RETRO__M6A2__swiss_roll_with_hole__f_mapper__sigma_0.08__rep9__15af88b49b4314dd,M6A2__swiss_roll_with_hole__f_mapper__sigma_0.08__rep9__15af88b49b4314dd,,HISTORICAL_AXIS1__M6A2__swiss_roll_with_hole__f_mapper__sigma_0.08__rep9__15af88b49b4314dd,AXIS2__N1_C_RETRO__M6A2__swiss_roll_with_hole__f_mapper__sigma_0.08__rep9__15af88b49b4314dd,swiss_roll_with_hole,f_mapper,0.08,9,3077d280421674a39be26ff0c74f39d5665595a6753a9e51354c8b69a15d219e,eb29d98c6ac0cc3ca86150fedc7e9f4c41a3a5975edb4d6351760b2ed88becc5,retrospective_axis2_derivation
INDEX__N1_C_RETRO__M6A2__swiss_roll_with_hole__conventional__sigma_0.08__rep10__12feddcefd7d25e3,M6A2__swiss_roll_with_hole__conventional__sigma_0.08__rep10__12feddcefd7d25e3,,HISTORICAL_AXIS1__M6A2__swiss_roll_with_hole__conventional__sigma_0.08__rep10__12feddcefd7d25e3,AXIS2__N1_C_RETRO__M6A2__swiss_roll_with_hole__conventional__sigma_0.08__rep10__12feddcefd7d25e3,swiss_roll_with_hole,conventional,0.08,10,3077d280421674a39be26ff0c74f39d5665595a6753a9e51354c8b69a15d219e,e35dc9ddf71cf91c63248dc9314411942c6d56701ec3d4bad17b4f65197bcf55,retrospective_axis2_derivation
INDEX__N1_C_RETRO__M6A2__swiss_roll_with_hole__f_mapper__sigma_0.08__rep10__70dfde08c7b0ca77,M6A2__swiss_roll_with_hole__f_mapper__sigma_0.08__rep10__70dfde08c7b0ca77,,HISTORICAL_AXIS1__M6A2__swiss_roll_with_hole__f_mapper__sigma_0.08__rep10__70dfde08c7b0ca77,AXIS2__N1_C_RETRO__M6A2__swiss_roll_with_hole__f_mapper__sigma_0.08__rep10__70dfde08c7b0ca77,swiss_roll_with_hole,f_mapper,0.08,10,3077d280421674a39be26ff0c74f39d5665595a6753a9e51354c8b69a15d219e,e35dc9ddf71cf91c63248dc9314411942c6d56701ec3d4bad17b4f65197bcf55,retrospective_axis2_derivation
INDEX__N1_C_RETRO__M6A2__swiss_roll_with_hole__conventional__sigma_0.08__rep11__a84638ba2316eb29,M6A2__swiss_roll_with_hole__conventional__sigma_0.08__rep11__a84638ba2316eb29,,HISTORICAL_AXIS1__M6A2__swiss_roll_with_hole__conventional__sigma_0.08__rep11__a84638ba2316eb29,AXIS2__N1_C_RETRO__M6A2__swiss_roll_with_hole__conventional__sigma_0.08__rep11__a84638ba2316eb29,swiss_roll_with_hole,conventional,0.08,11,3077d280421674a39be26ff0c74f39d5665595a6753a9e51354c8b69a15d219e,aafd219b7e09a1d2e56a0328606311e3c1d2cf982a0bfe1b0869dc6e385ac016,retrospective_axis2_derivation
INDEX__N1_C_RETRO__M6A2__swiss_roll_with_hole__f_mapper__sigma_0.08__rep11__2a49e2127c378d97,M6A2__swiss_roll_with_hole__f_mapper__sigma_0.08__rep11__2a49e2127c378d97,,HISTORICAL_AXIS1__M6A2__swiss_roll_with_hole__f_mapper__sigma_0.08__rep11__2a49e2127c378d97,AXIS2__N1_C_RETRO__M6A2__swiss_roll_with_hole__f_mapper__sigma_0.08__rep11__2a49e2127c378d97,swiss_roll_with_hole,f_mapper,0.08,11,3077d280421674a39be26ff0c74f39d5665595a6753a9e51354c8b69a15d219e,aafd219b7e09a1d2e56a0328606311e3c1d2cf982a0bfe1b0869dc6e385ac016,retrospective_axis2_derivation
INDEX__N1_C_RETRO__M6A2__swiss_roll_with_hole__conventional__sigma_0.08__rep12__17faec61b1058bad,M6A2__swiss_roll_with_hole__conventional__sigma_0.08__rep12__17faec61b1058bad,,HISTORICAL_AXIS1__M6A2__swiss_roll_with_hole__conventional__sigma_0.08__rep12__17faec61b1058bad,AXIS2__N1_C_RETRO__M6A2__swiss_roll_with_hole__conventional__sigma_0.08__rep12__17faec61b1058bad,swiss_roll_with_hole,conventional,0.08,12,3077d280421674a39be26ff0c74f39d5665595a6753a9e51354c8b69a15d219e,68e31e1afcceeb6c55c16e8fa50a7ef47951ba87ace95f8d13db0bc23684813e,retrospective_axis2_derivation
INDEX__N1_C_RETRO__M6A2__swiss_roll_with_hole__f_mapper__sigma_0.08__rep12__47dbfe29d7c8f281,M6A2__swiss_roll_with_hole__f_mapper__sigma_0.08__rep12__47dbfe29d7c8f281,,HISTORICAL_AXIS1__M6A2__swiss_roll_with_hole__f_mapper__sigma_0.08__rep12__47dbfe29d7c8f281,AXIS2__N1_C_RETRO__M6A2__swiss_roll_with_hole__f_mapper__sigma_0.08__rep12__47dbfe29d7c8f281,swiss_roll_with_hole,f_mapper,0.08,12,3077d280421674a39be26ff0c74f39d5665595a6753a9e51354c8b69a15d219e,68e31e1afcceeb6c55c16e8fa50a7ef47951ba87ace95f8d13db0bc23684813e,retrospective_axis2_derivation
INDEX__N1_C_RETRO__M6A2__swiss_roll_with_hole__conventional__sigma_0.08__rep13__8f43001274c96b88,M6A2__swiss_roll_with_hole__conventional__sigma_0.08__rep13__8f43001274c96b88,,HISTORICAL_AXIS1__M6A2__swiss_roll_with_hole__conventional__sigma_0.08__rep13__8f43001274c96b88,AXIS2__N1_C_RETRO__M6A2__swiss_roll_with_hole__conventional__sigma_0.08__rep13__8f43001274c96b88,swiss_roll_with_hole,conventional,0.08,13,3077d280421674a39be26ff0c74f39d5665595a6753a9e51354c8b69a15d219e,a5cbbb8d466177263d277c92361d9c3af1cfa0f08d795f2e6739b80eb16cbe50,retrospective_axis2_derivation
INDEX__N1_C_RETRO__M6A2__swiss_roll_with_hole__f_mapper__sigma_0.08__rep13__e535e33d1cb8a81e,M6A2__swiss_roll_with_hole__f_mapper__sigma_0.08__rep13__e535e33d1cb8a81e,,HISTORICAL_AXIS1__M6A2__swiss_roll_with_hole__f_mapper__sigma_0.08__rep13__e535e33d1cb8a81e,AXIS2__N1_C_RETRO__M6A2__swiss_roll_with_hole__f_mapper__sigma_0.08__rep13__e535e33d1cb8a81e,swiss_roll_with_hole,f_mapper,0.08,13,3077d280421674a39be26ff0c74f39d5665595a6753a9e51354c8b69a15d219e,a5cbbb8d466177263d277c92361d9c3af1cfa0f08d795f2e6739b80eb16cbe50,retrospective_axis2_derivation
INDEX__N1_C_RETRO__M6A2__swiss_roll_with_hole__conventional__sigma_0.08__rep14__0f343af335a51234,M6A2__swiss_roll_with_hole__conventional__sigma_0.08__rep14__0f343af335a51234,,HISTORICAL_AXIS1__M6A2__swiss_roll_with_hole__conventional__sigma_0.08__rep14__0f343af335a51234,AXIS2__N1_C_RETRO__M6A2__swiss_roll_with_hole__conventional__sigma_0.08__rep14__0f343af335a51234,swiss_roll_with_hole,conventional,0.08,14,3077d280421674a39be26ff0c74f39d5665595a6753a9e51354c8b69a15d219e,6654cae1c40e2a8f04b03bac745afe2b85207376e7c163d5fbcf6cf7a9c9d8f6,retrospective_axis2_derivation
INDEX__N1_C_RETRO__M6A2__swiss_roll_with_hole__f_mapper__sigma_0.08__rep14__b1a974cb1261b77e,M6A2__swiss_roll_with_hole__f_mapper__sigma_0.08__rep14__b1a974cb1261b77e,,HISTORICAL_AXIS1__M6A2__swiss_roll_with_hole__f_mapper__sigma_0.08__rep14__b1a974cb1261b77e,AXIS2__N1_C_RETRO__M6A2__swiss_roll_with_hole__f_mapper__sigma_0.08__rep14__b1a974cb1261b77e,swiss_roll_with_hole,f_mapper,0.08,14,3077d280421674a39be26ff0c74f39d5665595a6753a9e51354c8b69a15d219e,6654cae1c40e2a8f04b03bac745afe2b85207376e7c163d5fbcf6cf7a9c9d8f6,retrospective_axis2_derivation
INDEX__N1_C_RETRO__M6A2__swiss_roll_with_hole__conventional__sigma_0.08__rep15__1e526cae01706851,M6A2__swiss_roll_with_hole__conventional__sigma_0.08__rep15__1e526cae01706851,,HISTORICAL_AXIS1__M6A2__swiss_roll_with_hole__conventional__sigma_0.08__rep15__1e526cae01706851,AXIS2__N1_C_RETRO__M6A2__swiss_roll_with_hole__conventional__sigma_0.08__rep15__1e526cae01706851,swiss_roll_with_hole,conventional,0.08,15,3077d280421674a39be26ff0c74f39d5665595a6753a9e51354c8b69a15d219e,3f39ca41cd6baf81d584533d16bebd3c6fbda190092e221d925a62eabebc6377,retrospective_axis2_derivation
INDEX__N1_C_RETRO__M6A2__swiss_roll_with_hole__f_mapper__sigma_0.08__rep15__ae59d491a5522055,M6A2__swiss_roll_with_hole__f_mapper__sigma_0.08__rep15__ae59d491a5522055,,HISTORICAL_AXIS1__M6A2__swiss_roll_with_hole__f_mapper__sigma_0.08__rep15__ae59d491a5522055,AXIS2__N1_C_RETRO__M6A2__swiss_roll_with_hole__f_mapper__sigma_0.08__rep15__ae59d491a5522055,swiss_roll_with_hole,f_mapper,0.08,15,3077d280421674a39be26ff0c74f39d5665595a6753a9e51354c8b69a15d219e,3f39ca41cd6baf81d584533d16bebd3c6fbda190092e221d925a62eabebc6377,retrospective_axis2_derivation
INDEX__N1_C_RETRO__M6A2__swiss_roll_with_hole__conventional__sigma_0.08__rep16__ba3c882ab2dd1b0f,M6A2__swiss_roll_with_hole__conventional__sigma_0.08__rep16__ba3c882ab2dd1b0f,,HISTORICAL_AXIS1__M6A2__swiss_roll_with_hole__conventional__sigma_0.08__rep16__ba3c882ab2dd1b0f,AXIS2__N1_C_RETRO__M6A2__swiss_roll_with_hole__conventional__sigma_0.08__rep16__ba3c882ab2dd1b0f,swiss_roll_with_hole,conventional,0.08,16,3077d280421674a39be26ff0c74f39d5665595a6753a9e51354c8b69a15d219e,417289f865728630f3bad7f99df648f40ecc4d103e1ddf450c0bd29d96176be1,retrospective_axis2_derivation
INDEX__N1_C_RETRO__M6A2__swiss_roll_with_hole__f_mapper__sigma_0.08__rep16__976e0e4671a3ac4c,M6A2__swiss_roll_with_hole__f_mapper__sigma_0.08__rep16__976e0e4671a3ac4c,,HISTORICAL_AXIS1__M6A2__swiss_roll_with_hole__f_mapper__sigma_0.08__rep16__976e0e4671a3ac4c,AXIS2__N1_C_RETRO__M6A2__swiss_roll_with_hole__f_mapper__sigma_0.08__rep16__976e0e4671a3ac4c,swiss_roll_with_hole,f_mapper,0.08,16,3077d280421674a39be26ff0c74f39d5665595a6753a9e51354c8b69a15d219e,417289f865728630f3bad7f99df648f40ecc4d103e1ddf450c0bd29d96176be1,retrospective_axis2_derivation
INDEX__N1_C_RETRO__M6A2__swiss_roll_with_hole__conventional__sigma_0.08__rep17__bab0a4f5adfebd88,M6A2__swiss_roll_with_hole__conventional__sigma_0.08__rep17__bab0a4f5adfebd88,,HISTORICAL_AXIS1__M6A2__swiss_roll_with_hole__conventional__sigma_0.08__rep17__bab0a4f5adfebd88,AXIS2__N1_C_RETRO__M6A2__swiss_roll_with_hole__conventional__sigma_0.08__rep17__bab0a4f5adfebd88,swiss_roll_with_hole,conventional,0.08,17,3077d280421674a39be26ff0c74f39d5665595a6753a9e51354c8b69a15d219e,268dc4f7378c753216d0a24561382d47bbaf607272775b54e3b39e3f29ce066a,retrospective_axis2_derivation
INDEX__N1_C_RETRO__M6A2__swiss_roll_with_hole__f_mapper__sigma_0.08__rep17__e4a48506c2a30603,M6A2__swiss_roll_with_hole__f_mapper__sigma_0.08__rep17__e4a48506c2a30603,,HISTORICAL_AXIS1__M6A2__swiss_roll_with_hole__f_mapper__sigma_0.08__rep17__e4a48506c2a30603,AXIS2__N1_C_RETRO__M6A2__swiss_roll_with_hole__f_mapper__sigma_0.08__rep17__e4a48506c2a30603,swiss_roll_with_hole,f_mapper,0.08,17,3077d280421674a39be26ff0c74f39d5665595a6753a9e51354c8b69a15d219e,268dc4f7378c753216d0a24561382d47bbaf607272775b54e3b39e3f29ce066a,retrospective_axis2_derivation
INDEX__N1_C_RETRO__M6A2__swiss_roll_with_hole__conventional__sigma_0.08__rep18__fd88b9a9392fddab,M6A2__swiss_roll_with_hole__conventional__sigma_0.08__rep18__fd88b9a9392fddab,,HISTORICAL_AXIS1__M6A2__swiss_roll_with_hole__conventional__sigma_0.08__rep18__fd88b9a9392fddab,AXIS2__N1_C_RETRO__M6A2__swiss_roll_with_hole__conventional__sigma_0.08__rep18__fd88b9a9392fddab,swiss_roll_with_hole,conventional,0.08,18,3077d280421674a39be26ff0c74f39d5665595a6753a9e51354c8b69a15d219e,735fa17ee2c9b96381ab20e493b59c78e895cde0e98c4fd72e40618b7cb5e110,retrospective_axis2_derivation
INDEX__N1_C_RETRO__M6A2__swiss_roll_with_hole__f_mapper__sigma_0.08__rep18__14ec3892eeecdec4,M6A2__swiss_roll_with_hole__f_mapper__sigma_0.08__rep18__14ec3892eeecdec4,,HISTORICAL_AXIS1__M6A2__swiss_roll_with_hole__f_mapper__sigma_0.08__rep18__14ec3892eeecdec4,AXIS2__N1_C_RETRO__M6A2__swiss_roll_with_hole__f_mapper__sigma_0.08__rep18__14ec3892eeecdec4,swiss_roll_with_hole,f_mapper,0.08,18,3077d280421674a39be26ff0c74f39d5665595a6753a9e51354c8b69a15d219e,735fa17ee2c9b96381ab20e493b59c78e895cde0e98c4fd72e40618b7cb5e110,retrospective_axis2_derivation
INDEX__N1_C_RETRO__M6A2__swiss_roll_with_hole__conventional__sigma_0.08__rep19__39dcf2dc2116f718,M6A2__swiss_roll_with_hole__conventional__sigma_0.08__rep19__39dcf2dc2116f718,,HISTORICAL_AXIS1__M6A2__swiss_roll_with_hole__conventional__sigma_0.08__rep19__39dcf2dc2116f718,AXIS2__N1_C_RETRO__M6A2__swiss_roll_with_hole__conventional__sigma_0.08__rep19__39dcf2dc2116f718,swiss_roll_with_hole,conventional,0.08,19,3077d280421674a39be26ff0c74f39d5665595a6753a9e51354c8b69a15d219e,9c0870c219ea09385333e1006fe8c82fd003ff6df12f84d1e08098471cc98fc1,retrospective_axis2_derivation
INDEX__N1_C_RETRO__M6A2__swiss_roll_with_hole__f_mapper__sigma_0.08__rep19__f9b7712d1ef5535e,M6A2__swiss_roll_with_hole__f_mapper__sigma_0.08__rep19__f9b7712d1ef5535e,,HISTORICAL_AXIS1__M6A2__swiss_roll_with_hole__f_mapper__sigma_0.08__rep19__f9b7712d1ef5535e,AXIS2__N1_C_RETRO__M6A2__swiss_roll_with_hole__f_mapper__sigma_0.08__rep19__f9b7712d1ef5535e,swiss_roll_with_hole,f_mapper,0.08,19,3077d280421674a39be26ff0c74f39d5665595a6753a9e51354c8b69a15d219e,9c0870c219ea09385333e1006fe8c82fd003ff6df12f84d1e08098471cc98fc1,retrospective_axis2_derivation
INDEX__N1_C_RETRO__M6A2__swiss_roll_with_hole__conventional__sigma_0.08__rep20__1a539e4ee72b6e0a,M6A2__swiss_roll_with_hole__conventional__sigma_0.08__rep20__1a539e4ee72b6e0a,,HISTORICAL_AXIS1__M6A2__swiss_roll_with_hole__conventional__sigma_0.08__rep20__1a539e4ee72b6e0a,AXIS2__N1_C_RETRO__M6A2__swiss_roll_with_hole__conventional__sigma_0.08__rep20__1a539e4ee72b6e0a,swiss_roll_with_hole,conventional,0.08,20,3077d280421674a39be26ff0c74f39d5665595a6753a9e51354c8b69a15d219e,5dca71a23361a95b3829f90d595a8301892b26eaab1040bd88c73a577c09adcd,retrospective_axis2_derivation
INDEX__N1_C_RETRO__M6A2__swiss_roll_with_hole__f_mapper__sigma_0.08__rep20__fa3295c4e9002a1c,M6A2__swiss_roll_with_hole__f_mapper__sigma_0.08__rep20__fa3295c4e9002a1c,,HISTORICAL_AXIS1__M6A2__swiss_roll_with_hole__f_mapper__sigma_0.08__rep20__fa3295c4e9002a1c,AXIS2__N1_C_RETRO__M6A2__swiss_roll_with_hole__f_mapper__sigma_0.08__rep20__fa3295c4e9002a1c,swiss_roll_with_hole,f_mapper,0.08,20,3077d280421674a39be26ff0c74f39d5665595a6753a9e51354c8b69a15d219e,5dca71a23361a95b3829f90d595a8301892b26eaab1040bd88c73a577c09adcd,retrospective_axis2_derivation
INDEX__N1_C_RETRO__M6A2__swiss_roll_with_hole__conventional__sigma_0.08__rep21__5ebcdccf9fbff035,M6A2__swiss_roll_with_hole__conventional__sigma_0.08__rep21__5ebcdccf9fbff035,,HISTORICAL_AXIS1__M6A2__swiss_roll_with_hole__conventional__sigma_0.08__rep21__5ebcdccf9fbff035,AXIS2__N1_C_RETRO__M6A2__swiss_roll_with_hole__conventional__sigma_0.08__rep21__5ebcdccf9fbff035,swiss_roll_with_hole,conventional,0.08,21,3077d280421674a39be26ff0c74f39d5665595a6753a9e51354c8b69a15d219e,e35c2930629b101413691fc29c359f567c11ac0144a3329bd02c12d6420126bc,retrospective_axis2_derivation
INDEX__N1_C_RETRO__M6A2__swiss_roll_with_hole__f_mapper__sigma_0.08__rep21__a4f76410b9d88b07,M6A2__swiss_roll_with_hole__f_mapper__sigma_0.08__rep21__a4f76410b9d88b07,,HISTORICAL_AXIS1__M6A2__swiss_roll_with_hole__f_mapper__sigma_0.08__rep21__a4f76410b9d88b07,AXIS2__N1_C_RETRO__M6A2__swiss_roll_with_hole__f_mapper__sigma_0.08__rep21__a4f76410b9d88b07,swiss_roll_with_hole,f_mapper,0.08,21,3077d280421674a39be26ff0c74f39d5665595a6753a9e51354c8b69a15d219e,e35c2930629b101413691fc29c359f567c11ac0144a3329bd02c12d6420126bc,retrospective_axis2_derivation
INDEX__N1_C_RETRO__M6A2__swiss_roll_with_hole__conventional__sigma_0.08__rep22__c340efe205b76274,M6A2__swiss_roll_with_hole__conventional__sigma_0.08__rep22__c340efe205b76274,,HISTORICAL_AXIS1__M6A2__swiss_roll_with_hole__conventional__sigma_0.08__rep22__c340efe205b76274,AXIS2__N1_C_RETRO__M6A2__swiss_roll_with_hole__conventional__sigma_0.08__rep22__c340efe205b76274,swiss_roll_with_hole,conventional,0.08,22,3077d280421674a39be26ff0c74f39d5665595a6753a9e51354c8b69a15d219e,4453f8692422a10bbc1154f29e938a7d291405d6d88b96d2eeee4095d22d50ee,retrospective_axis2_derivation
INDEX__N1_C_RETRO__M6A2__swiss_roll_with_hole__f_mapper__sigma_0.08__rep22__9d4e7ef58d41deb7,M6A2__swiss_roll_with_hole__f_mapper__sigma_0.08__rep22__9d4e7ef58d41deb7,,HISTORICAL_AXIS1__M6A2__swiss_roll_with_hole__f_mapper__sigma_0.08__rep22__9d4e7ef58d41deb7,AXIS2__N1_C_RETRO__M6A2__swiss_roll_with_hole__f_mapper__sigma_0.08__rep22__9d4e7ef58d41deb7,swiss_roll_with_hole,f_mapper,0.08,22,3077d280421674a39be26ff0c74f39d5665595a6753a9e51354c8b69a15d219e,4453f8692422a10bbc1154f29e938a7d291405d6d88b96d2eeee4095d22d50ee,retrospective_axis2_derivation
INDEX__N1_C_RETRO__M6A2__swiss_roll_with_hole__conventional__sigma_0.08__rep23__37ac28fa551a0a11,M6A2__swiss_roll_with_hole__conventional__sigma_0.08__rep23__37ac28fa551a0a11,,HISTORICAL_AXIS1__M6A2__swiss_roll_with_hole__conventional__sigma_0.08__rep23__37ac28fa551a0a11,AXIS2__N1_C_RETRO__M6A2__swiss_roll_with_hole__conventional__sigma_0.08__rep23__37ac28fa551a0a11,swiss_roll_with_hole,conventional,0.08,23,3077d280421674a39be26ff0c74f39d5665595a6753a9e51354c8b69a15d219e,d8bc038bbf027fc91819b71cbc4ae245d073a3d2da6143509f1c059df133c49e,retrospective_axis2_derivation
INDEX__N1_C_RETRO__M6A2__swiss_roll_with_hole__f_mapper__sigma_0.08__rep23__32d2b4510fcaa8b2,M6A2__swiss_roll_with_hole__f_mapper__sigma_0.08__rep23__32d2b4510fcaa8b2,,HISTORICAL_AXIS1__M6A2__swiss_roll_with_hole__f_mapper__sigma_0.08__rep23__32d2b4510fcaa8b2,AXIS2__N1_C_RETRO__M6A2__swiss_roll_with_hole__f_mapper__sigma_0.08__rep23__32d2b4510fcaa8b2,swiss_roll_with_hole,f_mapper,0.08,23,3077d280421674a39be26ff0c74f39d5665595a6753a9e51354c8b69a15d219e,d8bc038bbf027fc91819b71cbc4ae245d073a3d2da6143509f1c059df133c49e,retrospective_axis2_derivation
INDEX__N1_C_RETRO__M6A2__swiss_roll_with_hole__conventional__sigma_0.08__rep24__78ec5abf3552a4c2,M6A2__swiss_roll_with_hole__conventional__sigma_0.08__rep24__78ec5abf3552a4c2,,HISTORICAL_AXIS1__M6A2__swiss_roll_with_hole__conventional__sigma_0.08__rep24__78ec5abf3552a4c2,AXIS2__N1_C_RETRO__M6A2__swiss_roll_with_hole__conventional__sigma_0.08__rep24__78ec5abf3552a4c2,swiss_roll_with_hole,conventional,0.08,24,3077d280421674a39be26ff0c74f39d5665595a6753a9e51354c8b69a15d219e,09b2d2bc97a4d5b758f096245213212b981e20e4016b75c8f8027428b0b2041c,retrospective_axis2_derivation
INDEX__N1_C_RETRO__M6A2__swiss_roll_with_hole__f_mapper__sigma_0.08__rep24__df8284553cd7597c,M6A2__swiss_roll_with_hole__f_mapper__sigma_0.08__rep24__df8284553cd7597c,,HISTORICAL_AXIS1__M6A2__swiss_roll_with_hole__f_mapper__sigma_0.08__rep24__df8284553cd7597c,AXIS2__N1_C_RETRO__M6A2__swiss_roll_with_hole__f_mapper__sigma_0.08__rep24__df8284553cd7597c,swiss_roll_with_hole,f_mapper,0.08,24,3077d280421674a39be26ff0c74f39d5665595a6753a9e51354c8b69a15d219e,09b2d2bc97a4d5b758f096245213212b981e20e4016b75c8f8027428b0b2041c,retrospective_axis2_derivation
INDEX__N1_C_RETRO__M6A2__swiss_roll_with_hole__conventional__sigma_0.08__rep25__93664a90b9e98175,M6A2__swiss_roll_with_hole__conventional__sigma_0.08__rep25__93664a90b9e98175,,HISTORICAL_AXIS1__M6A2__swiss_roll_with_hole__conventional__sigma_0.08__rep25__93664a90b9e98175,AXIS2__N1_C_RETRO__M6A2__swiss_roll_with_hole__conventional__sigma_0.08__rep25__93664a90b9e98175,swiss_roll_with_hole,conventional,0.08,25,3077d280421674a39be26ff0c74f39d5665595a6753a9e51354c8b69a15d219e,7c6bf3b068df5399b7fd0584f56a0df50ad728f4331e9df6b12fc84e1c40ce76,retrospective_axis2_derivation
INDEX__N1_C_RETRO__M6A2__swiss_roll_with_hole__f_mapper__sigma_0.08__rep25__e1bbd4d3b5419c8f,M6A2__swiss_roll_with_hole__f_mapper__sigma_0.08__rep25__e1bbd4d3b5419c8f,,HISTORICAL_AXIS1__M6A2__swiss_roll_with_hole__f_mapper__sigma_0.08__rep25__e1bbd4d3b5419c8f,AXIS2__N1_C_RETRO__M6A2__swiss_roll_with_hole__f_mapper__sigma_0.08__rep25__e1bbd4d3b5419c8f,swiss_roll_with_hole,f_mapper,0.08,25,3077d280421674a39be26ff0c74f39d5665595a6753a9e51354c8b69a15d219e,7c6bf3b068df5399b7fd0584f56a0df50ad728f4331e9df6b12fc84e1c40ce76,retrospective_axis2_derivation
INDEX__N1_C_RETRO__M6A2__swiss_roll_with_hole__conventional__sigma_0.08__rep26__95704577ba05f1e8,M6A2__swiss_roll_with_hole__conventional__sigma_0.08__rep26__95704577ba05f1e8,,HISTORICAL_AXIS1__M6A2__swiss_roll_with_hole__conventional__sigma_0.08__rep26__95704577ba05f1e8,AXIS2__N1_C_RETRO__M6A2__swiss_roll_with_hole__conventional__sigma_0.08__rep26__95704577ba05f1e8,swiss_roll_with_hole,conventional,0.08,26,3077d280421674a39be26ff0c74f39d5665595a6753a9e51354c8b69a15d219e,b27cccfb4f8d60a3de1cdfac6c27ff4b0382acf13c0170a7a8b2181046563431,retrospective_axis2_derivation
INDEX__N1_C_RETRO__M6A2__swiss_roll_with_hole__f_mapper__sigma_0.08__rep26__fa7a8ec70b64c469,M6A2__swiss_roll_with_hole__f_mapper__sigma_0.08__rep26__fa7a8ec70b64c469,,HISTORICAL_AXIS1__M6A2__swiss_roll_with_hole__f_mapper__sigma_0.08__rep26__fa7a8ec70b64c469,AXIS2__N1_C_RETRO__M6A2__swiss_roll_with_hole__f_mapper__sigma_0.08__rep26__fa7a8ec70b64c469,swiss_roll_with_hole,f_mapper,0.08,26,3077d280421674a39be26ff0c74f39d5665595a6753a9e51354c8b69a15d219e,b27cccfb4f8d60a3de1cdfac6c27ff4b0382acf13c0170a7a8b2181046563431,retrospective_axis2_derivation
INDEX__N1_C_RETRO__M6A2__swiss_roll_with_hole__conventional__sigma_0.08__rep27__8b55170e665c79c9,M6A2__swiss_roll_with_hole__conventional__sigma_0.08__rep27__8b55170e665c79c9,,HISTORICAL_AXIS1__M6A2__swiss_roll_with_hole__conventional__sigma_0.08__rep27__8b55170e665c79c9,AXIS2__N1_C_RETRO__M6A2__swiss_roll_with_hole__conventional__sigma_0.08__rep27__8b55170e665c79c9,swiss_roll_with_hole,conventional,0.08,27,3077d280421674a39be26ff0c74f39d5665595a6753a9e51354c8b69a15d219e,431f7a0c95b0b9487081f2e43fb64c93eb990fc6970b2f75d6a997a31db2fc9e,retrospective_axis2_derivation
INDEX__N1_C_RETRO__M6A2__swiss_roll_with_hole__f_mapper__sigma_0.08__rep27__72a332ad29107928,M6A2__swiss_roll_with_hole__f_mapper__sigma_0.08__rep27__72a332ad29107928,,HISTORICAL_AXIS1__M6A2__swiss_roll_with_hole__f_mapper__sigma_0.08__rep27__72a332ad29107928,AXIS2__N1_C_RETRO__M6A2__swiss_roll_with_hole__f_mapper__sigma_0.08__rep27__72a332ad29107928,swiss_roll_with_hole,f_mapper,0.08,27,3077d280421674a39be26ff0c74f39d5665595a6753a9e51354c8b69a15d219e,431f7a0c95b0b9487081f2e43fb64c93eb990fc6970b2f75d6a997a31db2fc9e,retrospective_axis2_derivation
INDEX__N1_C_RETRO__M6A2__swiss_roll_with_hole__conventional__sigma_0.08__rep28__444ad99ff3fbf39f,M6A2__swiss_roll_with_hole__conventional__sigma_0.08__rep28__444ad99ff3fbf39f,,HISTORICAL_AXIS1__M6A2__swiss_roll_with_hole__conventional__sigma_0.08__rep28__444ad99ff3fbf39f,AXIS2__N1_C_RETRO__M6A2__swiss_roll_with_hole__conventional__sigma_0.08__rep28__444ad99ff3fbf39f,swiss_roll_with_hole,conventional,0.08,28,3077d280421674a39be26ff0c74f39d5665595a6753a9e51354c8b69a15d219e,f05ebed8e0987d80ced27633dc229a032e5925dcddf38c206b72a33f7213d810,retrospective_axis2_derivation
INDEX__N1_C_RETRO__M6A2__swiss_roll_with_hole__f_mapper__sigma_0.08__rep28__86609f5c8a00a87b,M6A2__swiss_roll_with_hole__f_mapper__sigma_0.08__rep28__86609f5c8a00a87b,,HISTORICAL_AXIS1__M6A2__swiss_roll_with_hole__f_mapper__sigma_0.08__rep28__86609f5c8a00a87b,AXIS2__N1_C_RETRO__M6A2__swiss_roll_with_hole__f_mapper__sigma_0.08__rep28__86609f5c8a00a87b,swiss_roll_with_hole,f_mapper,0.08,28,3077d280421674a39be26ff0c74f39d5665595a6753a9e51354c8b69a15d219e,f05ebed8e0987d80ced27633dc229a032e5925dcddf38c206b72a33f7213d810,retrospective_axis2_derivation
INDEX__N1_C_RETRO__M6A2__swiss_roll_with_hole__conventional__sigma_0.08__rep29__3ef346d69eb7867a,M6A2__swiss_roll_with_hole__conventional__sigma_0.08__rep29__3ef346d69eb7867a,,HISTORICAL_AXIS1__M6A2__swiss_roll_with_hole__conventional__sigma_0.08__rep29__3ef346d69eb7867a,AXIS2__N1_C_RETRO__M6A2__swiss_roll_with_hole__conventional__sigma_0.08__rep29__3ef346d69eb7867a,swiss_roll_with_hole,conventional,0.08,29,3077d280421674a39be26ff0c74f39d5665595a6753a9e51354c8b69a15d219e,97ec8dde8792cdc44a48fa7824862c5cf9f70419f2ae57a78d15831a5cd947c6,retrospective_axis2_derivation
INDEX__N1_C_RETRO__M6A2__swiss_roll_with_hole__f_mapper__sigma_0.08__rep29__727ab30145a1840b,M6A2__swiss_roll_with_hole__f_mapper__sigma_0.08__rep29__727ab30145a1840b,,HISTORICAL_AXIS1__M6A2__swiss_roll_with_hole__f_mapper__sigma_0.08__rep29__727ab30145a1840b,AXIS2__N1_C_RETRO__M6A2__swiss_roll_with_hole__f_mapper__sigma_0.08__rep29__727ab30145a1840b,swiss_roll_with_hole,f_mapper,0.08,29,3077d280421674a39be26ff0c74f39d5665595a6753a9e51354c8b69a15d219e,97ec8dde8792cdc44a48fa7824862c5cf9f70419f2ae57a78d15831a5cd947c6,retrospective_axis2_derivation
INDEX__N1_C_RETRO__M6A2__swiss_roll_with_hole__conventional__sigma_0.08__rep30__b99d1411bd5eed32,M6A2__swiss_roll_with_hole__conventional__sigma_0.08__rep30__b99d1411bd5eed32,,HISTORICAL_AXIS1__M6A2__swiss_roll_with_hole__conventional__sigma_0.08__rep30__b99d1411bd5eed32,AXIS2__N1_C_RETRO__M6A2__swiss_roll_with_hole__conventional__sigma_0.08__rep30__b99d1411bd5eed32,swiss_roll_with_hole,conventional,0.08,30,3077d280421674a39be26ff0c74f39d5665595a6753a9e51354c8b69a15d219e,830119a33bd8406794be056d1c01bc8f39298360d8f49cd46000d987eef1c8f5,retrospective_axis2_derivation
INDEX__N1_C_RETRO__M6A2__swiss_roll_with_hole__f_mapper__sigma_0.08__rep30__7cb56023d07c08c1,M6A2__swiss_roll_with_hole__f_mapper__sigma_0.08__rep30__7cb56023d07c08c1,,HISTORICAL_AXIS1__M6A2__swiss_roll_with_hole__f_mapper__sigma_0.08__rep30__7cb56023d07c08c1,AXIS2__N1_C_RETRO__M6A2__swiss_roll_with_hole__f_mapper__sigma_0.08__rep30__7cb56023d07c08c1,swiss_roll_with_hole,f_mapper,0.08,30,3077d280421674a39be26ff0c74f39d5665595a6753a9e51354c8b69a15d219e,830119a33bd8406794be056d1c01bc8f39298360d8f49cd46000d987eef1c8f5,retrospective_axis2_derivation
INDEX__N1_C_RETRO__M6A2__swiss_roll_with_hole__conventional__sigma_0.10__rep1__c4c9d27599a7b855,M6A2__swiss_roll_with_hole__conventional__sigma_0.10__rep1__c4c9d27599a7b855,,HISTORICAL_AXIS1__M6A2__swiss_roll_with_hole__conventional__sigma_0.10__rep1__c4c9d27599a7b855,AXIS2__N1_C_RETRO__M6A2__swiss_roll_with_hole__conventional__sigma_0.10__rep1__c4c9d27599a7b855,swiss_roll_with_hole,conventional,0.1,1,3077d280421674a39be26ff0c74f39d5665595a6753a9e51354c8b69a15d219e,3317ea35434245a37e9f994f03e79ff73926c1248093869a83369dcb2d00dcd8,retrospective_axis2_derivation
INDEX__N1_C_RETRO__M6A2__swiss_roll_with_hole__f_mapper__sigma_0.10__rep1__6314feb250cb65b5,M6A2__swiss_roll_with_hole__f_mapper__sigma_0.10__rep1__6314feb250cb65b5,,HISTORICAL_AXIS1__M6A2__swiss_roll_with_hole__f_mapper__sigma_0.10__rep1__6314feb250cb65b5,AXIS2__N1_C_RETRO__M6A2__swiss_roll_with_hole__f_mapper__sigma_0.10__rep1__6314feb250cb65b5,swiss_roll_with_hole,f_mapper,0.1,1,3077d280421674a39be26ff0c74f39d5665595a6753a9e51354c8b69a15d219e,3317ea35434245a37e9f994f03e79ff73926c1248093869a83369dcb2d00dcd8,retrospective_axis2_derivation
INDEX__N1_C_RETRO__M6A2__swiss_roll_with_hole__conventional__sigma_0.10__rep2__6652364d4e613f0e,M6A2__swiss_roll_with_hole__conventional__sigma_0.10__rep2__6652364d4e613f0e,,HISTORICAL_AXIS1__M6A2__swiss_roll_with_hole__conventional__sigma_0.10__rep2__6652364d4e613f0e,AXIS2__N1_C_RETRO__M6A2__swiss_roll_with_hole__conventional__sigma_0.10__rep2__6652364d4e613f0e,swiss_roll_with_hole,conventional,0.1,2,3077d280421674a39be26ff0c74f39d5665595a6753a9e51354c8b69a15d219e,7c8600ff78143d110ef40f9438cb105025ecf5f60bd35447112f1fda69248854,retrospective_axis2_derivation
INDEX__N1_C_RETRO__M6A2__swiss_roll_with_hole__f_mapper__sigma_0.10__rep2__4997f345a603880e,M6A2__swiss_roll_with_hole__f_mapper__sigma_0.10__rep2__4997f345a603880e,,HISTORICAL_AXIS1__M6A2__swiss_roll_with_hole__f_mapper__sigma_0.10__rep2__4997f345a603880e,AXIS2__N1_C_RETRO__M6A2__swiss_roll_with_hole__f_mapper__sigma_0.10__rep2__4997f345a603880e,swiss_roll_with_hole,f_mapper,0.1,2,3077d280421674a39be26ff0c74f39d5665595a6753a9e51354c8b69a15d219e,7c8600ff78143d110ef40f9438cb105025ecf5f60bd35447112f1fda69248854,retrospective_axis2_derivation
INDEX__N1_C_RETRO__M6A2__swiss_roll_with_hole__conventional__sigma_0.10__rep3__771b09fc98b76639,M6A2__swiss_roll_with_hole__conventional__sigma_0.10__rep3__771b09fc98b76639,,HISTORICAL_AXIS1__M6A2__swiss_roll_with_hole__conventional__sigma_0.10__rep3__771b09fc98b76639,AXIS2__N1_C_RETRO__M6A2__swiss_roll_with_hole__conventional__sigma_0.10__rep3__771b09fc98b76639,swiss_roll_with_hole,conventional,0.1,3,3077d280421674a39be26ff0c74f39d5665595a6753a9e51354c8b69a15d219e,49f177508fc18ba416440907465d7b99290f46a51374746f7401c8b7d7099f6c,retrospective_axis2_derivation
INDEX__N1_C_RETRO__M6A2__swiss_roll_with_hole__f_mapper__sigma_0.10__rep3__7fbe26c77bfe5d40,M6A2__swiss_roll_with_hole__f_mapper__sigma_0.10__rep3__7fbe26c77bfe5d40,,HISTORICAL_AXIS1__M6A2__swiss_roll_with_hole__f_mapper__sigma_0.10__rep3__7fbe26c77bfe5d40,AXIS2__N1_C_RETRO__M6A2__swiss_roll_with_hole__f_mapper__sigma_0.10__rep3__7fbe26c77bfe5d40,swiss_roll_with_hole,f_mapper,0.1,3,3077d280421674a39be26ff0c74f39d5665595a6753a9e51354c8b69a15d219e,49f177508fc18ba416440907465d7b99290f46a51374746f7401c8b7d7099f6c,retrospective_axis2_derivation
INDEX__N1_C_RETRO__M6A2__swiss_roll_with_hole__conventional__sigma_0.10__rep4__4d7c6aa6de800836,M6A2__swiss_roll_with_hole__conventional__sigma_0.10__rep4__4d7c6aa6de800836,,HISTORICAL_AXIS1__M6A2__swiss_roll_with_hole__conventional__sigma_0.10__rep4__4d7c6aa6de800836,AXIS2__N1_C_RETRO__M6A2__swiss_roll_with_hole__conventional__sigma_0.10__rep4__4d7c6aa6de800836,swiss_roll_with_hole,conventional,0.1,4,3077d280421674a39be26ff0c74f39d5665595a6753a9e51354c8b69a15d219e,f06ae9a01e1aa5a269b2fb8115f09f06ef627721968acd5019dc2facedec2f84,retrospective_axis2_derivation
INDEX__N1_C_RETRO__M6A2__swiss_roll_with_hole__f_mapper__sigma_0.10__rep4__da4f3952d68a61e0,M6A2__swiss_roll_with_hole__f_mapper__sigma_0.10__rep4__da4f3952d68a61e0,,HISTORICAL_AXIS1__M6A2__swiss_roll_with_hole__f_mapper__sigma_0.10__rep4__da4f3952d68a61e0,AXIS2__N1_C_RETRO__M6A2__swiss_roll_with_hole__f_mapper__sigma_0.10__rep4__da4f3952d68a61e0,swiss_roll_with_hole,f_mapper,0.1,4,3077d280421674a39be26ff0c74f39d5665595a6753a9e51354c8b69a15d219e,f06ae9a01e1aa5a269b2fb8115f09f06ef627721968acd5019dc2facedec2f84,retrospective_axis2_derivation
INDEX__N1_C_RETRO__M6A2__swiss_roll_with_hole__conventional__sigma_0.10__rep5__a3cd07991854de99,M6A2__swiss_roll_with_hole__conventional__sigma_0.10__rep5__a3cd07991854de99,,HISTORICAL_AXIS1__M6A2__swiss_roll_with_hole__conventional__sigma_0.10__rep5__a3cd07991854de99,AXIS2__N1_C_RETRO__M6A2__swiss_roll_with_hole__conventional__sigma_0.10__rep5__a3cd07991854de99,swiss_roll_with_hole,conventional,0.1,5,3077d280421674a39be26ff0c74f39d5665595a6753a9e51354c8b69a15d219e,86ddfd017226bd3893c4fa5e8ed502e84167cfbb2fc9c1f073bda4f02f502d1d,retrospective_axis2_derivation
INDEX__N1_C_RETRO__M6A2__swiss_roll_with_hole__f_mapper__sigma_0.10__rep5__354b51de8cff90c1,M6A2__swiss_roll_with_hole__f_mapper__sigma_0.10__rep5__354b51de8cff90c1,,HISTORICAL_AXIS1__M6A2__swiss_roll_with_hole__f_mapper__sigma_0.10__rep5__354b51de8cff90c1,AXIS2__N1_C_RETRO__M6A2__swiss_roll_with_hole__f_mapper__sigma_0.10__rep5__354b51de8cff90c1,swiss_roll_with_hole,f_mapper,0.1,5,3077d280421674a39be26ff0c74f39d5665595a6753a9e51354c8b69a15d219e,86ddfd017226bd3893c4fa5e8ed502e84167cfbb2fc9c1f073bda4f02f502d1d,retrospective_axis2_derivation
INDEX__N1_C_RETRO__M6A2__swiss_roll_with_hole__conventional__sigma_0.10__rep6__f10ec11085013a5d,M6A2__swiss_roll_with_hole__conventional__sigma_0.10__rep6__f10ec11085013a5d,,HISTORICAL_AXIS1__M6A2__swiss_roll_with_hole__conventional__sigma_0.10__rep6__f10ec11085013a5d,AXIS2__N1_C_RETRO__M6A2__swiss_roll_with_hole__conventional__sigma_0.10__rep6__f10ec11085013a5d,swiss_roll_with_hole,conventional,0.1,6,3077d280421674a39be26ff0c74f39d5665595a6753a9e51354c8b69a15d219e,e5d1fea692ba2f0fbfe51ed1458c29e40d55910cd8cbb67f8c0990ca5adeba6d,retrospective_axis2_derivation
INDEX__N1_C_RETRO__M6A2__swiss_roll_with_hole__f_mapper__sigma_0.10__rep6__74043831a7e8f54e,M6A2__swiss_roll_with_hole__f_mapper__sigma_0.10__rep6__74043831a7e8f54e,,HISTORICAL_AXIS1__M6A2__swiss_roll_with_hole__f_mapper__sigma_0.10__rep6__74043831a7e8f54e,AXIS2__N1_C_RETRO__M6A2__swiss_roll_with_hole__f_mapper__sigma_0.10__rep6__74043831a7e8f54e,swiss_roll_with_hole,f_mapper,0.1,6,3077d280421674a39be26ff0c74f39d5665595a6753a9e51354c8b69a15d219e,e5d1fea692ba2f0fbfe51ed1458c29e40d55910cd8cbb67f8c0990ca5adeba6d,retrospective_axis2_derivation
INDEX__N1_C_RETRO__M6A2__swiss_roll_with_hole__conventional__sigma_0.10__rep7__43c4d8dc7dfda4ef,M6A2__swiss_roll_with_hole__conventional__sigma_0.10__rep7__43c4d8dc7dfda4ef,,HISTORICAL_AXIS1__M6A2__swiss_roll_with_hole__conventional__sigma_0.10__rep7__43c4d8dc7dfda4ef,AXIS2__N1_C_RETRO__M6A2__swiss_roll_with_hole__conventional__sigma_0.10__rep7__43c4d8dc7dfda4ef,swiss_roll_with_hole,conventional,0.1,7,3077d280421674a39be26ff0c74f39d5665595a6753a9e51354c8b69a15d219e,0e54d0db6f048c7db090f1d0707cfe5c1f3975b2d33dd815504e1f35c13dc37b,retrospective_axis2_derivation
INDEX__N1_C_RETRO__M6A2__swiss_roll_with_hole__f_mapper__sigma_0.10__rep7__a1db47943755e656,M6A2__swiss_roll_with_hole__f_mapper__sigma_0.10__rep7__a1db47943755e656,,HISTORICAL_AXIS1__M6A2__swiss_roll_with_hole__f_mapper__sigma_0.10__rep7__a1db47943755e656,AXIS2__N1_C_RETRO__M6A2__swiss_roll_with_hole__f_mapper__sigma_0.10__rep7__a1db47943755e656,swiss_roll_with_hole,f_mapper,0.1,7,3077d280421674a39be26ff0c74f39d5665595a6753a9e51354c8b69a15d219e,0e54d0db6f048c7db090f1d0707cfe5c1f3975b2d33dd815504e1f35c13dc37b,retrospective_axis2_derivation
INDEX__N1_C_RETRO__M6A2__swiss_roll_with_hole__conventional__sigma_0.10__rep8__d4d96ebc5eb3d1a0,M6A2__swiss_roll_with_hole__conventional__sigma_0.10__rep8__d4d96ebc5eb3d1a0,,HISTORICAL_AXIS1__M6A2__swiss_roll_with_hole__conventional__sigma_0.10__rep8__d4d96ebc5eb3d1a0,AXIS2__N1_C_RETRO__M6A2__swiss_roll_with_hole__conventional__sigma_0.10__rep8__d4d96ebc5eb3d1a0,swiss_roll_with_hole,conventional,0.1,8,3077d280421674a39be26ff0c74f39d5665595a6753a9e51354c8b69a15d219e,13b7a28562e504653a9d84bc17078d3cc134e4f899d51788c4c52938fc14b342,retrospective_axis2_derivation
INDEX__N1_C_RETRO__M6A2__swiss_roll_with_hole__f_mapper__sigma_0.10__rep8__2183d3a2eee657a6,M6A2__swiss_roll_with_hole__f_mapper__sigma_0.10__rep8__2183d3a2eee657a6,,HISTORICAL_AXIS1__M6A2__swiss_roll_with_hole__f_mapper__sigma_0.10__rep8__2183d3a2eee657a6,AXIS2__N1_C_RETRO__M6A2__swiss_roll_with_hole__f_mapper__sigma_0.10__rep8__2183d3a2eee657a6,swiss_roll_with_hole,f_mapper,0.1,8,3077d280421674a39be26ff0c74f39d5665595a6753a9e51354c8b69a15d219e,13b7a28562e504653a9d84bc17078d3cc134e4f899d51788c4c52938fc14b342,retrospective_axis2_derivation
INDEX__N1_C_RETRO__M6A2__swiss_roll_with_hole__conventional__sigma_0.10__rep9__8027e65b3b9f3a0b,M6A2__swiss_roll_with_hole__conventional__sigma_0.10__rep9__8027e65b3b9f3a0b,,HISTORICAL_AXIS1__M6A2__swiss_roll_with_hole__conventional__sigma_0.10__rep9__8027e65b3b9f3a0b,AXIS2__N1_C_RETRO__M6A2__swiss_roll_with_hole__conventional__sigma_0.10__rep9__8027e65b3b9f3a0b,swiss_roll_with_hole,conventional,0.1,9,3077d280421674a39be26ff0c74f39d5665595a6753a9e51354c8b69a15d219e,a445ca9471117b7f2c3901e569fa35676e4df75620e550ef57cfee8af1139712,retrospective_axis2_derivation
INDEX__N1_C_RETRO__M6A2__swiss_roll_with_hole__f_mapper__sigma_0.10__rep9__317bb02482296861,M6A2__swiss_roll_with_hole__f_mapper__sigma_0.10__rep9__317bb02482296861,,HISTORICAL_AXIS1__M6A2__swiss_roll_with_hole__f_mapper__sigma_0.10__rep9__317bb02482296861,AXIS2__N1_C_RETRO__M6A2__swiss_roll_with_hole__f_mapper__sigma_0.10__rep9__317bb02482296861,swiss_roll_with_hole,f_mapper,0.1,9,3077d280421674a39be26ff0c74f39d5665595a6753a9e51354c8b69a15d219e,a445ca9471117b7f2c3901e569fa35676e4df75620e550ef57cfee8af1139712,retrospective_axis2_derivation
INDEX__N1_C_RETRO__M6A2__swiss_roll_with_hole__conventional__sigma_0.10__rep10__14dea71245a5d30f,M6A2__swiss_roll_with_hole__conventional__sigma_0.10__rep10__14dea71245a5d30f,,HISTORICAL_AXIS1__M6A2__swiss_roll_with_hole__conventional__sigma_0.10__rep10__14dea71245a5d30f,AXIS2__N1_C_RETRO__M6A2__swiss_roll_with_hole__conventional__sigma_0.10__rep10__14dea71245a5d30f,swiss_roll_with_hole,conventional,0.1,10,3077d280421674a39be26ff0c74f39d5665595a6753a9e51354c8b69a15d219e,cfb44f82cbb2570ae43570724222891dc052f64afdf84d3e23952c101572787d,retrospective_axis2_derivation
INDEX__N1_C_RETRO__M6A2__swiss_roll_with_hole__f_mapper__sigma_0.10__rep10__1b18077a1c6c94aa,M6A2__swiss_roll_with_hole__f_mapper__sigma_0.10__rep10__1b18077a1c6c94aa,,HISTORICAL_AXIS1__M6A2__swiss_roll_with_hole__f_mapper__sigma_0.10__rep10__1b18077a1c6c94aa,AXIS2__N1_C_RETRO__M6A2__swiss_roll_with_hole__f_mapper__sigma_0.10__rep10__1b18077a1c6c94aa,swiss_roll_with_hole,f_mapper,0.1,10,3077d280421674a39be26ff0c74f39d5665595a6753a9e51354c8b69a15d219e,cfb44f82cbb2570ae43570724222891dc052f64afdf84d3e23952c101572787d,retrospective_axis2_derivation
INDEX__N1_C_RETRO__M6A2__swiss_roll_with_hole__conventional__sigma_0.10__rep11__f5791ced90163f15,M6A2__swiss_roll_with_hole__conventional__sigma_0.10__rep11__f5791ced90163f15,,HISTORICAL_AXIS1__M6A2__swiss_roll_with_hole__conventional__sigma_0.10__rep11__f5791ced90163f15,AXIS2__N1_C_RETRO__M6A2__swiss_roll_with_hole__conventional__sigma_0.10__rep11__f5791ced90163f15,swiss_roll_with_hole,conventional,0.1,11,3077d280421674a39be26ff0c74f39d5665595a6753a9e51354c8b69a15d219e,fe4eb0fb0276d2dc123ab8133d8902c32640f8e8f6475d02f3f17823d1529ea2,retrospective_axis2_derivation
INDEX__N1_C_RETRO__M6A2__swiss_roll_with_hole__f_mapper__sigma_0.10__rep11__8e5d18b4abef3f76,M6A2__swiss_roll_with_hole__f_mapper__sigma_0.10__rep11__8e5d18b4abef3f76,,HISTORICAL_AXIS1__M6A2__swiss_roll_with_hole__f_mapper__sigma_0.10__rep11__8e5d18b4abef3f76,AXIS2__N1_C_RETRO__M6A2__swiss_roll_with_hole__f_mapper__sigma_0.10__rep11__8e5d18b4abef3f76,swiss_roll_with_hole,f_mapper,0.1,11,3077d280421674a39be26ff0c74f39d5665595a6753a9e51354c8b69a15d219e,fe4eb0fb0276d2dc123ab8133d8902c32640f8e8f6475d02f3f17823d1529ea2,retrospective_axis2_derivation
INDEX__N1_C_RETRO__M6A2__swiss_roll_with_hole__conventional__sigma_0.10__rep12__1159243422b72c9b,M6A2__swiss_roll_with_hole__conventional__sigma_0.10__rep12__1159243422b72c9b,,HISTORICAL_AXIS1__M6A2__swiss_roll_with_hole__conventional__sigma_0.10__rep12__1159243422b72c9b,AXIS2__N1_C_RETRO__M6A2__swiss_roll_with_hole__conventional__sigma_0.10__rep12__1159243422b72c9b,swiss_roll_with_hole,conventional,0.1,12,3077d280421674a39be26ff0c74f39d5665595a6753a9e51354c8b69a15d219e,2215297dd1770c0d9ce9e43c3a757e431c34c081438ee0417e582ae2a9ac4c9f,retrospective_axis2_derivation
INDEX__N1_C_RETRO__M6A2__swiss_roll_with_hole__f_mapper__sigma_0.10__rep12__bc87a3a405564f1c,M6A2__swiss_roll_with_hole__f_mapper__sigma_0.10__rep12__bc87a3a405564f1c,,HISTORICAL_AXIS1__M6A2__swiss_roll_with_hole__f_mapper__sigma_0.10__rep12__bc87a3a405564f1c,AXIS2__N1_C_RETRO__M6A2__swiss_roll_with_hole__f_mapper__sigma_0.10__rep12__bc87a3a405564f1c,swiss_roll_with_hole,f_mapper,0.1,12,3077d280421674a39be26ff0c74f39d5665595a6753a9e51354c8b69a15d219e,2215297dd1770c0d9ce9e43c3a757e431c34c081438ee0417e582ae2a9ac4c9f,retrospective_axis2_derivation
INDEX__N1_C_RETRO__M6A2__swiss_roll_with_hole__conventional__sigma_0.10__rep13__61b3725bc20b4cb6,M6A2__swiss_roll_with_hole__conventional__sigma_0.10__rep13__61b3725bc20b4cb6,,HISTORICAL_AXIS1__M6A2__swiss_roll_with_hole__conventional__sigma_0.10__rep13__61b3725bc20b4cb6,AXIS2__N1_C_RETRO__M6A2__swiss_roll_with_hole__conventional__sigma_0.10__rep13__61b3725bc20b4cb6,swiss_roll_with_hole,conventional,0.1,13,3077d280421674a39be26ff0c74f39d5665595a6753a9e51354c8b69a15d219e,ec36163fcc2a1851b163319cb515275d3384d4de18b1fa40913dc3390bfb69b6,retrospective_axis2_derivation
INDEX__N1_C_RETRO__M6A2__swiss_roll_with_hole__f_mapper__sigma_0.10__rep13__0bd52c131ec88ad4,M6A2__swiss_roll_with_hole__f_mapper__sigma_0.10__rep13__0bd52c131ec88ad4,,HISTORICAL_AXIS1__M6A2__swiss_roll_with_hole__f_mapper__sigma_0.10__rep13__0bd52c131ec88ad4,AXIS2__N1_C_RETRO__M6A2__swiss_roll_with_hole__f_mapper__sigma_0.10__rep13__0bd52c131ec88ad4,swiss_roll_with_hole,f_mapper,0.1,13,3077d280421674a39be26ff0c74f39d5665595a6753a9e51354c8b69a15d219e,ec36163fcc2a1851b163319cb515275d3384d4de18b1fa40913dc3390bfb69b6,retrospective_axis2_derivation
INDEX__N1_C_RETRO__M6A2__swiss_roll_with_hole__conventional__sigma_0.10__rep14__c3c2e17089385fa6,M6A2__swiss_roll_with_hole__conventional__sigma_0.10__rep14__c3c2e17089385fa6,,HISTORICAL_AXIS1__M6A2__swiss_roll_with_hole__conventional__sigma_0.10__rep14__c3c2e17089385fa6,AXIS2__N1_C_RETRO__M6A2__swiss_roll_with_hole__conventional__sigma_0.10__rep14__c3c2e17089385fa6,swiss_roll_with_hole,conventional,0.1,14,3077d280421674a39be26ff0c74f39d5665595a6753a9e51354c8b69a15d219e,8ae1fde7c48558748c3ef4cb9fdd087937f283f82ba99e0d9b76df38c26ac7ee,retrospective_axis2_derivation
INDEX__N1_C_RETRO__M6A2__swiss_roll_with_hole__f_mapper__sigma_0.10__rep14__bdc79809025feec2,M6A2__swiss_roll_with_hole__f_mapper__sigma_0.10__rep14__bdc79809025feec2,,HISTORICAL_AXIS1__M6A2__swiss_roll_with_hole__f_mapper__sigma_0.10__rep14__bdc79809025feec2,AXIS2__N1_C_RETRO__M6A2__swiss_roll_with_hole__f_mapper__sigma_0.10__rep14__bdc79809025feec2,swiss_roll_with_hole,f_mapper,0.1,14,3077d280421674a39be26ff0c74f39d5665595a6753a9e51354c8b69a15d219e,8ae1fde7c48558748c3ef4cb9fdd087937f283f82ba99e0d9b76df38c26ac7ee,retrospective_axis2_derivation
INDEX__N1_C_RETRO__M6A2__swiss_roll_with_hole__conventional__sigma_0.10__rep15__3be6f78b646df5d8,M6A2__swiss_roll_with_hole__conventional__sigma_0.10__rep15__3be6f78b646df5d8,,HISTORICAL_AXIS1__M6A2__swiss_roll_with_hole__conventional__sigma_0.10__rep15__3be6f78b646df5d8,AXIS2__N1_C_RETRO__M6A2__swiss_roll_with_hole__conventional__sigma_0.10__rep15__3be6f78b646df5d8,swiss_roll_with_hole,conventional,0.1,15,3077d280421674a39be26ff0c74f39d5665595a6753a9e51354c8b69a15d219e,675cf4125db03601e63ee972329d21dd85d1fa66e8f053ec786e7da97d47f788,retrospective_axis2_derivation
INDEX__N1_C_RETRO__M6A2__swiss_roll_with_hole__f_mapper__sigma_0.10__rep15__6ee60da5fcbb2b68,M6A2__swiss_roll_with_hole__f_mapper__sigma_0.10__rep15__6ee60da5fcbb2b68,,HISTORICAL_AXIS1__M6A2__swiss_roll_with_hole__f_mapper__sigma_0.10__rep15__6ee60da5fcbb2b68,AXIS2__N1_C_RETRO__M6A2__swiss_roll_with_hole__f_mapper__sigma_0.10__rep15__6ee60da5fcbb2b68,swiss_roll_with_hole,f_mapper,0.1,15,3077d280421674a39be26ff0c74f39d5665595a6753a9e51354c8b69a15d219e,675cf4125db03601e63ee972329d21dd85d1fa66e8f053ec786e7da97d47f788,retrospective_axis2_derivation
INDEX__N1_C_RETRO__M6A2__swiss_roll_with_hole__conventional__sigma_0.10__rep16__06413b8fcce4599b,M6A2__swiss_roll_with_hole__conventional__sigma_0.10__rep16__06413b8fcce4599b,,HISTORICAL_AXIS1__M6A2__swiss_roll_with_hole__conventional__sigma_0.10__rep16__06413b8fcce4599b,AXIS2__N1_C_RETRO__M6A2__swiss_roll_with_hole__conventional__sigma_0.10__rep16__06413b8fcce4599b,swiss_roll_with_hole,conventional,0.1,16,3077d280421674a39be26ff0c74f39d5665595a6753a9e51354c8b69a15d219e,c472f29827a77a5f51682f08d977b5c9359af18f61c9815b7b4bc7bcf9500f75,retrospective_axis2_derivation
INDEX__N1_C_RETRO__M6A2__swiss_roll_with_hole__f_mapper__sigma_0.10__rep16__e28d16eb2017f7e9,M6A2__swiss_roll_with_hole__f_mapper__sigma_0.10__rep16__e28d16eb2017f7e9,,HISTORICAL_AXIS1__M6A2__swiss_roll_with_hole__f_mapper__sigma_0.10__rep16__e28d16eb2017f7e9,AXIS2__N1_C_RETRO__M6A2__swiss_roll_with_hole__f_mapper__sigma_0.10__rep16__e28d16eb2017f7e9,swiss_roll_with_hole,f_mapper,0.1,16,3077d280421674a39be26ff0c74f39d5665595a6753a9e51354c8b69a15d219e,c472f29827a77a5f51682f08d977b5c9359af18f61c9815b7b4bc7bcf9500f75,retrospective_axis2_derivation
INDEX__N1_C_RETRO__M6A2__swiss_roll_with_hole__conventional__sigma_0.10__rep17__b0e4186bd55cf930,M6A2__swiss_roll_with_hole__conventional__sigma_0.10__rep17__b0e4186bd55cf930,,HISTORICAL_AXIS1__M6A2__swiss_roll_with_hole__conventional__sigma_0.10__rep17__b0e4186bd55cf930,AXIS2__N1_C_RETRO__M6A2__swiss_roll_with_hole__conventional__sigma_0.10__rep17__b0e4186bd55cf930,swiss_roll_with_hole,conventional,0.1,17,3077d280421674a39be26ff0c74f39d5665595a6753a9e51354c8b69a15d219e,595bd298d2818a3791d2d3df2a1286f0b10f0398a647920b4869ea9e294c83dc,retrospective_axis2_derivation
INDEX__N1_C_RETRO__M6A2__swiss_roll_with_hole__f_mapper__sigma_0.10__rep17__e73903fcfc9b4191,M6A2__swiss_roll_with_hole__f_mapper__sigma_0.10__rep17__e73903fcfc9b4191,,HISTORICAL_AXIS1__M6A2__swiss_roll_with_hole__f_mapper__sigma_0.10__rep17__e73903fcfc9b4191,AXIS2__N1_C_RETRO__M6A2__swiss_roll_with_hole__f_mapper__sigma_0.10__rep17__e73903fcfc9b4191,swiss_roll_with_hole,f_mapper,0.1,17,3077d280421674a39be26ff0c74f39d5665595a6753a9e51354c8b69a15d219e,595bd298d2818a3791d2d3df2a1286f0b10f0398a647920b4869ea9e294c83dc,retrospective_axis2_derivation
INDEX__N1_C_RETRO__M6A2__swiss_roll_with_hole__conventional__sigma_0.10__rep18__b3b5423457f2ce8c,M6A2__swiss_roll_with_hole__conventional__sigma_0.10__rep18__b3b5423457f2ce8c,,HISTORICAL_AXIS1__M6A2__swiss_roll_with_hole__conventional__sigma_0.10__rep18__b3b5423457f2ce8c,AXIS2__N1_C_RETRO__M6A2__swiss_roll_with_hole__conventional__sigma_0.10__rep18__b3b5423457f2ce8c,swiss_roll_with_hole,conventional,0.1,18,3077d280421674a39be26ff0c74f39d5665595a6753a9e51354c8b69a15d219e,06b3d1b097f58445649aa364691681b4f66be22c5379c049e62c16e99ffe58f9,retrospective_axis2_derivation
INDEX__N1_C_RETRO__M6A2__swiss_roll_with_hole__f_mapper__sigma_0.10__rep18__83e1808566f188a6,M6A2__swiss_roll_with_hole__f_mapper__sigma_0.10__rep18__83e1808566f188a6,,HISTORICAL_AXIS1__M6A2__swiss_roll_with_hole__f_mapper__sigma_0.10__rep18__83e1808566f188a6,AXIS2__N1_C_RETRO__M6A2__swiss_roll_with_hole__f_mapper__sigma_0.10__rep18__83e1808566f188a6,swiss_roll_with_hole,f_mapper,0.1,18,3077d280421674a39be26ff0c74f39d5665595a6753a9e51354c8b69a15d219e,06b3d1b097f58445649aa364691681b4f66be22c5379c049e62c16e99ffe58f9,retrospective_axis2_derivation
INDEX__N1_C_RETRO__M6A2__swiss_roll_with_hole__conventional__sigma_0.10__rep19__873a8178ed331f7d,M6A2__swiss_roll_with_hole__conventional__sigma_0.10__rep19__873a8178ed331f7d,,HISTORICAL_AXIS1__M6A2__swiss_roll_with_hole__conventional__sigma_0.10__rep19__873a8178ed331f7d,AXIS2__N1_C_RETRO__M6A2__swiss_roll_with_hole__conventional__sigma_0.10__rep19__873a8178ed331f7d,swiss_roll_with_hole,conventional,0.1,19,3077d280421674a39be26ff0c74f39d5665595a6753a9e51354c8b69a15d219e,3f298157b3b7e28c6df7f32eab498092ab7d1eac1c64cffffee47ddef0301e8b,retrospective_axis2_derivation
INDEX__N1_C_RETRO__M6A2__swiss_roll_with_hole__f_mapper__sigma_0.10__rep19__4e207a47516eb8a3,M6A2__swiss_roll_with_hole__f_mapper__sigma_0.10__rep19__4e207a47516eb8a3,,HISTORICAL_AXIS1__M6A2__swiss_roll_with_hole__f_mapper__sigma_0.10__rep19__4e207a47516eb8a3,AXIS2__N1_C_RETRO__M6A2__swiss_roll_with_hole__f_mapper__sigma_0.10__rep19__4e207a47516eb8a3,swiss_roll_with_hole,f_mapper,0.1,19,3077d280421674a39be26ff0c74f39d5665595a6753a9e51354c8b69a15d219e,3f298157b3b7e28c6df7f32eab498092ab7d1eac1c64cffffee47ddef0301e8b,retrospective_axis2_derivation
INDEX__N1_C_RETRO__M6A2__swiss_roll_with_hole__conventional__sigma_0.10__rep20__d5579ed823670767,M6A2__swiss_roll_with_hole__conventional__sigma_0.10__rep20__d5579ed823670767,,HISTORICAL_AXIS1__M6A2__swiss_roll_with_hole__conventional__sigma_0.10__rep20__d5579ed823670767,AXIS2__N1_C_RETRO__M6A2__swiss_roll_with_hole__conventional__sigma_0.10__rep20__d5579ed823670767,swiss_roll_with_hole,conventional,0.1,20,3077d280421674a39be26ff0c74f39d5665595a6753a9e51354c8b69a15d219e,d51ad82b6cdc35e1fe24ef2223cac79782e6f548a8c518c7f08e38ca78cb98c5,retrospective_axis2_derivation
INDEX__N1_C_RETRO__M6A2__swiss_roll_with_hole__f_mapper__sigma_0.10__rep20__9233c25b30f8de35,M6A2__swiss_roll_with_hole__f_mapper__sigma_0.10__rep20__9233c25b30f8de35,,HISTORICAL_AXIS1__M6A2__swiss_roll_with_hole__f_mapper__sigma_0.10__rep20__9233c25b30f8de35,AXIS2__N1_C_RETRO__M6A2__swiss_roll_with_hole__f_mapper__sigma_0.10__rep20__9233c25b30f8de35,swiss_roll_with_hole,f_mapper,0.1,20,3077d280421674a39be26ff0c74f39d5665595a6753a9e51354c8b69a15d219e,d51ad82b6cdc35e1fe24ef2223cac79782e6f548a8c518c7f08e38ca78cb98c5,retrospective_axis2_derivation
INDEX__N1_C_RETRO__M6A2__swiss_roll_with_hole__conventional__sigma_0.10__rep21__2a3ee6d072e52f52,M6A2__swiss_roll_with_hole__conventional__sigma_0.10__rep21__2a3ee6d072e52f52,,HISTORICAL_AXIS1__M6A2__swiss_roll_with_hole__conventional__sigma_0.10__rep21__2a3ee6d072e52f52,AXIS2__N1_C_RETRO__M6A2__swiss_roll_with_hole__conventional__sigma_0.10__rep21__2a3ee6d072e52f52,swiss_roll_with_hole,conventional,0.1,21,3077d280421674a39be26ff0c74f39d5665595a6753a9e51354c8b69a15d219e,83140371333287eec6a9e2dc081bd95be2c621e19767df87fbe24de494432553,retrospective_axis2_derivation
INDEX__N1_C_RETRO__M6A2__swiss_roll_with_hole__f_mapper__sigma_0.10__rep21__9eac376ecd3d6056,M6A2__swiss_roll_with_hole__f_mapper__sigma_0.10__rep21__9eac376ecd3d6056,,HISTORICAL_AXIS1__M6A2__swiss_roll_with_hole__f_mapper__sigma_0.10__rep21__9eac376ecd3d6056,AXIS2__N1_C_RETRO__M6A2__swiss_roll_with_hole__f_mapper__sigma_0.10__rep21__9eac376ecd3d6056,swiss_roll_with_hole,f_mapper,0.1,21,3077d280421674a39be26ff0c74f39d5665595a6753a9e51354c8b69a15d219e,83140371333287eec6a9e2dc081bd95be2c621e19767df87fbe24de494432553,retrospective_axis2_derivation
INDEX__N1_C_RETRO__M6A2__swiss_roll_with_hole__conventional__sigma_0.10__rep22__79aff947e9787183,M6A2__swiss_roll_with_hole__conventional__sigma_0.10__rep22__79aff947e9787183,,HISTORICAL_AXIS1__M6A2__swiss_roll_with_hole__conventional__sigma_0.10__rep22__79aff947e9787183,AXIS2__N1_C_RETRO__M6A2__swiss_roll_with_hole__conventional__sigma_0.10__rep22__79aff947e9787183,swiss_roll_with_hole,conventional,0.1,22,3077d280421674a39be26ff0c74f39d5665595a6753a9e51354c8b69a15d219e,314d8d4c3a756b74cd6c50c1ac9e6d426445fa336aed1ef8bf548b17c5c01f7d,retrospective_axis2_derivation
INDEX__N1_C_RETRO__M6A2__swiss_roll_with_hole__f_mapper__sigma_0.10__rep22__de27e5e6b07cc6f9,M6A2__swiss_roll_with_hole__f_mapper__sigma_0.10__rep22__de27e5e6b07cc6f9,,HISTORICAL_AXIS1__M6A2__swiss_roll_with_hole__f_mapper__sigma_0.10__rep22__de27e5e6b07cc6f9,AXIS2__N1_C_RETRO__M6A2__swiss_roll_with_hole__f_mapper__sigma_0.10__rep22__de27e5e6b07cc6f9,swiss_roll_with_hole,f_mapper,0.1,22,3077d280421674a39be26ff0c74f39d5665595a6753a9e51354c8b69a15d219e,314d8d4c3a756b74cd6c50c1ac9e6d426445fa336aed1ef8bf548b17c5c01f7d,retrospective_axis2_derivation
INDEX__N1_C_RETRO__M6A2__swiss_roll_with_hole__conventional__sigma_0.10__rep23__a64e1439df36699a,M6A2__swiss_roll_with_hole__conventional__sigma_0.10__rep23__a64e1439df36699a,,HISTORICAL_AXIS1__M6A2__swiss_roll_with_hole__conventional__sigma_0.10__rep23__a64e1439df36699a,AXIS2__N1_C_RETRO__M6A2__swiss_roll_with_hole__conventional__sigma_0.10__rep23__a64e1439df36699a,swiss_roll_with_hole,conventional,0.1,23,3077d280421674a39be26ff0c74f39d5665595a6753a9e51354c8b69a15d219e,2ad21bb1147e320761529c2aacd4b6cc70ab0518c6cc15d31c6cb934fd3d387d,retrospective_axis2_derivation
INDEX__N1_C_RETRO__M6A2__swiss_roll_with_hole__f_mapper__sigma_0.10__rep23__48e5dcffa3fc0ede,M6A2__swiss_roll_with_hole__f_mapper__sigma_0.10__rep23__48e5dcffa3fc0ede,,HISTORICAL_AXIS1__M6A2__swiss_roll_with_hole__f_mapper__sigma_0.10__rep23__48e5dcffa3fc0ede,AXIS2__N1_C_RETRO__M6A2__swiss_roll_with_hole__f_mapper__sigma_0.10__rep23__48e5dcffa3fc0ede,swiss_roll_with_hole,f_mapper,0.1,23,3077d280421674a39be26ff0c74f39d5665595a6753a9e51354c8b69a15d219e,2ad21bb1147e320761529c2aacd4b6cc70ab0518c6cc15d31c6cb934fd3d387d,retrospective_axis2_derivation
INDEX__N1_C_RETRO__M6A2__swiss_roll_with_hole__conventional__sigma_0.10__rep24__540eb4a7fbd9fa84,M6A2__swiss_roll_with_hole__conventional__sigma_0.10__rep24__540eb4a7fbd9fa84,,HISTORICAL_AXIS1__M6A2__swiss_roll_with_hole__conventional__sigma_0.10__rep24__540eb4a7fbd9fa84,AXIS2__N1_C_RETRO__M6A2__swiss_roll_with_hole__conventional__sigma_0.10__rep24__540eb4a7fbd9fa84,swiss_roll_with_hole,conventional,0.1,24,3077d280421674a39be26ff0c74f39d5665595a6753a9e51354c8b69a15d219e,8aa446812986d56113742f8db715fa17ac6fdd4ab1f2698948a63dd8819f437a,retrospective_axis2_derivation
INDEX__N1_C_RETRO__M6A2__swiss_roll_with_hole__f_mapper__sigma_0.10__rep24__5bf4a458f046b9d5,M6A2__swiss_roll_with_hole__f_mapper__sigma_0.10__rep24__5bf4a458f046b9d5,,HISTORICAL_AXIS1__M6A2__swiss_roll_with_hole__f_mapper__sigma_0.10__rep24__5bf4a458f046b9d5,AXIS2__N1_C_RETRO__M6A2__swiss_roll_with_hole__f_mapper__sigma_0.10__rep24__5bf4a458f046b9d5,swiss_roll_with_hole,f_mapper,0.1,24,3077d280421674a39be26ff0c74f39d5665595a6753a9e51354c8b69a15d219e,8aa446812986d56113742f8db715fa17ac6fdd4ab1f2698948a63dd8819f437a,retrospective_axis2_derivation
INDEX__N1_C_RETRO__M6A2__swiss_roll_with_hole__conventional__sigma_0.10__rep25__e884664232afb8f4,M6A2__swiss_roll_with_hole__conventional__sigma_0.10__rep25__e884664232afb8f4,,HISTORICAL_AXIS1__M6A2__swiss_roll_with_hole__conventional__sigma_0.10__rep25__e884664232afb8f4,AXIS2__N1_C_RETRO__M6A2__swiss_roll_with_hole__conventional__sigma_0.10__rep25__e884664232afb8f4,swiss_roll_with_hole,conventional,0.1,25,3077d280421674a39be26ff0c74f39d5665595a6753a9e51354c8b69a15d219e,64e83c8198d779f21ba71f555f60d085adc388d8e038668af2ccdcf54af36f32,retrospective_axis2_derivation
INDEX__N1_C_RETRO__M6A2__swiss_roll_with_hole__f_mapper__sigma_0.10__rep25__1126f4bac2c7a57f,M6A2__swiss_roll_with_hole__f_mapper__sigma_0.10__rep25__1126f4bac2c7a57f,,HISTORICAL_AXIS1__M6A2__swiss_roll_with_hole__f_mapper__sigma_0.10__rep25__1126f4bac2c7a57f,AXIS2__N1_C_RETRO__M6A2__swiss_roll_with_hole__f_mapper__sigma_0.10__rep25__1126f4bac2c7a57f,swiss_roll_with_hole,f_mapper,0.1,25,3077d280421674a39be26ff0c74f39d5665595a6753a9e51354c8b69a15d219e,64e83c8198d779f21ba71f555f60d085adc388d8e038668af2ccdcf54af36f32,retrospective_axis2_derivation
INDEX__N1_C_RETRO__M6A2__swiss_roll_with_hole__conventional__sigma_0.10__rep26__f587b84182f959b9,M6A2__swiss_roll_with_hole__conventional__sigma_0.10__rep26__f587b84182f959b9,,HISTORICAL_AXIS1__M6A2__swiss_roll_with_hole__conventional__sigma_0.10__rep26__f587b84182f959b9,AXIS2__N1_C_RETRO__M6A2__swiss_roll_with_hole__conventional__sigma_0.10__rep26__f587b84182f959b9,swiss_roll_with_hole,conventional,0.1,26,3077d280421674a39be26ff0c74f39d5665595a6753a9e51354c8b69a15d219e,2a1a07630271b4153c96cfb1dcab9b1c09384b79237feec80e1d5d4d5fde0ada,retrospective_axis2_derivation
INDEX__N1_C_RETRO__M6A2__swiss_roll_with_hole__f_mapper__sigma_0.10__rep26__5917b0fa56316dae,M6A2__swiss_roll_with_hole__f_mapper__sigma_0.10__rep26__5917b0fa56316dae,,HISTORICAL_AXIS1__M6A2__swiss_roll_with_hole__f_mapper__sigma_0.10__rep26__5917b0fa56316dae,AXIS2__N1_C_RETRO__M6A2__swiss_roll_with_hole__f_mapper__sigma_0.10__rep26__5917b0fa56316dae,swiss_roll_with_hole,f_mapper,0.1,26,3077d280421674a39be26ff0c74f39d5665595a6753a9e51354c8b69a15d219e,2a1a07630271b4153c96cfb1dcab9b1c09384b79237feec80e1d5d4d5fde0ada,retrospective_axis2_derivation
INDEX__N1_C_RETRO__M6A2__swiss_roll_with_hole__conventional__sigma_0.10__rep27__4546c83a86194e14,M6A2__swiss_roll_with_hole__conventional__sigma_0.10__rep27__4546c83a86194e14,,HISTORICAL_AXIS1__M6A2__swiss_roll_with_hole__conventional__sigma_0.10__rep27__4546c83a86194e14,AXIS2__N1_C_RETRO__M6A2__swiss_roll_with_hole__conventional__sigma_0.10__rep27__4546c83a86194e14,swiss_roll_with_hole,conventional,0.1,27,3077d280421674a39be26ff0c74f39d5665595a6753a9e51354c8b69a15d219e,3bc5c030c07cebb68b827a10ad79cf898296715e52e379ce07f3082c28017b3f,retrospective_axis2_derivation
INDEX__N1_C_RETRO__M6A2__swiss_roll_with_hole__f_mapper__sigma_0.10__rep27__3f38b4db2cf67fd1,M6A2__swiss_roll_with_hole__f_mapper__sigma_0.10__rep27__3f38b4db2cf67fd1,,HISTORICAL_AXIS1__M6A2__swiss_roll_with_hole__f_mapper__sigma_0.10__rep27__3f38b4db2cf67fd1,AXIS2__N1_C_RETRO__M6A2__swiss_roll_with_hole__f_mapper__sigma_0.10__rep27__3f38b4db2cf67fd1,swiss_roll_with_hole,f_mapper,0.1,27,3077d280421674a39be26ff0c74f39d5665595a6753a9e51354c8b69a15d219e,3bc5c030c07cebb68b827a10ad79cf898296715e52e379ce07f3082c28017b3f,retrospective_axis2_derivation
INDEX__N1_C_RETRO__M6A2__swiss_roll_with_hole__conventional__sigma_0.10__rep28__f40655ef91218ceb,M6A2__swiss_roll_with_hole__conventional__sigma_0.10__rep28__f40655ef91218ceb,,HISTORICAL_AXIS1__M6A2__swiss_roll_with_hole__conventional__sigma_0.10__rep28__f40655ef91218ceb,AXIS2__N1_C_RETRO__M6A2__swiss_roll_with_hole__conventional__sigma_0.10__rep28__f40655ef91218ceb,swiss_roll_with_hole,conventional,0.1,28,3077d280421674a39be26ff0c74f39d5665595a6753a9e51354c8b69a15d219e,3d5632b0640aac7255b29c3c98b8d844ae1c9f4a282c5f6b51f0ea1a93a66403,retrospective_axis2_derivation
INDEX__N1_C_RETRO__M6A2__swiss_roll_with_hole__f_mapper__sigma_0.10__rep28__dc43183034bf342f,M6A2__swiss_roll_with_hole__f_mapper__sigma_0.10__rep28__dc43183034bf342f,,HISTORICAL_AXIS1__M6A2__swiss_roll_with_hole__f_mapper__sigma_0.10__rep28__dc43183034bf342f,AXIS2__N1_C_RETRO__M6A2__swiss_roll_with_hole__f_mapper__sigma_0.10__rep28__dc43183034bf342f,swiss_roll_with_hole,f_mapper,0.1,28,3077d280421674a39be26ff0c74f39d5665595a6753a9e51354c8b69a15d219e,3d5632b0640aac7255b29c3c98b8d844ae1c9f4a282c5f6b51f0ea1a93a66403,retrospective_axis2_derivation
INDEX__N1_C_RETRO__M6A2__swiss_roll_with_hole__conventional__sigma_0.10__rep29__18b4a56b259a5f08,M6A2__swiss_roll_with_hole__conventional__sigma_0.10__rep29__18b4a56b259a5f08,,HISTORICAL_AXIS1__M6A2__swiss_roll_with_hole__conventional__sigma_0.10__rep29__18b4a56b259a5f08,AXIS2__N1_C_RETRO__M6A2__swiss_roll_with_hole__conventional__sigma_0.10__rep29__18b4a56b259a5f08,swiss_roll_with_hole,conventional,0.1,29,3077d280421674a39be26ff0c74f39d5665595a6753a9e51354c8b69a15d219e,231d1031a0eedaf49cdf7987036a0104ef26988ee97e4d7b6640490259e8a9f6,retrospective_axis2_derivation
INDEX__N1_C_RETRO__M6A2__swiss_roll_with_hole__f_mapper__sigma_0.10__rep29__77cb9bafbb144cbc,M6A2__swiss_roll_with_hole__f_mapper__sigma_0.10__rep29__77cb9bafbb144cbc,,HISTORICAL_AXIS1__M6A2__swiss_roll_with_hole__f_mapper__sigma_0.10__rep29__77cb9bafbb144cbc,AXIS2__N1_C_RETRO__M6A2__swiss_roll_with_hole__f_mapper__sigma_0.10__rep29__77cb9bafbb144cbc,swiss_roll_with_hole,f_mapper,0.1,29,3077d280421674a39be26ff0c74f39d5665595a6753a9e51354c8b69a15d219e,231d1031a0eedaf49cdf7987036a0104ef26988ee97e4d7b6640490259e8a9f6,retrospective_axis2_derivation
INDEX__N1_C_RETRO__M6A2__swiss_roll_with_hole__conventional__sigma_0.10__rep30__ecf0f0f780aed517,M6A2__swiss_roll_with_hole__conventional__sigma_0.10__rep30__ecf0f0f780aed517,,HISTORICAL_AXIS1__M6A2__swiss_roll_with_hole__conventional__sigma_0.10__rep30__ecf0f0f780aed517,AXIS2__N1_C_RETRO__M6A2__swiss_roll_with_hole__conventional__sigma_0.10__rep30__ecf0f0f780aed517,swiss_roll_with_hole,conventional,0.1,30,3077d280421674a39be26ff0c74f39d5665595a6753a9e51354c8b69a15d219e,b00e31460679d6d08110f5fb9cf9eb20ddfb87018eea47f0e9c28dbfdb212274,retrospective_axis2_derivation
INDEX__N1_C_RETRO__M6A2__swiss_roll_with_hole__f_mapper__sigma_0.10__rep30__83ee7f52f69f46ef,M6A2__swiss_roll_with_hole__f_mapper__sigma_0.10__rep30__83ee7f52f69f46ef,,HISTORICAL_AXIS1__M6A2__swiss_roll_with_hole__f_mapper__sigma_0.10__rep30__83ee7f52f69f46ef,AXIS2__N1_C_RETRO__M6A2__swiss_roll_with_hole__f_mapper__sigma_0.10__rep30__83ee7f52f69f46ef,swiss_roll_with_hole,f_mapper,0.1,30,3077d280421674a39be26ff0c74f39d5665595a6753a9e51354c8b69a15d219e,b00e31460679d6d08110f5fb9cf9eb20ddfb87018eea47f0e9c28dbfdb212274,retrospective_axis2_derivation
INDEX__N1_C_DIGITS__conventional__sigma_0.00__rep00,,95bfc1283e54167b5bec7bc0bb95223dbda75d1deebc75d3e7a70321ee2dddfa,AXIS1__N1_C_DIGITS__conventional__sigma_0.00__rep00,AXIS2__N1_C_DIGITS__conventional__sigma_0.00__rep00,digits_1797x64_scaled16,conventional,0.0,0,23a53393488b04f92efc45ebc92767e2dcfdf206ba37a928f497d261e42267d2,23a53393488b04f92efc45ebc92767e2dcfdf206ba37a928f497d261e42267d2,prospective_matched_axis1_axis2
INDEX__N1_C_DIGITS__f_mapper__sigma_0.00__rep00,,deea60d2bb1da4bf159488bddc8d545e57a86fe3d5519531a83cd5ce2bc44bf5,AXIS1__N1_C_DIGITS__f_mapper__sigma_0.00__rep00,AXIS2__N1_C_DIGITS__f_mapper__sigma_0.00__rep00,digits_1797x64_scaled16,f_mapper,0.0,0,23a53393488b04f92efc45ebc92767e2dcfdf206ba37a928f497d261e42267d2,23a53393488b04f92efc45ebc92767e2dcfdf206ba37a928f497d261e42267d2,prospective_matched_axis1_axis2
INDEX__N1_C_DIGITS__conventional__sigma_0.01__rep01,,ab48b3cb0f868e2e96209899c76f901b390140d736840618778e313ac2d1ca29,AXIS1__N1_C_DIGITS__conventional__sigma_0.01__rep01,AXIS2__N1_C_DIGITS__conventional__sigma_0.01__rep01,digits_1797x64_scaled16,conventional,0.01,1,23a53393488b04f92efc45ebc92767e2dcfdf206ba37a928f497d261e42267d2,096d92bb0126e13a16ae60a3d1f3f29a96713ca0eec89a880b4e95bfd0370e6b,prospective_matched_axis1_axis2
INDEX__N1_C_DIGITS__f_mapper__sigma_0.01__rep01,,0eb5767c2e60c5f0335bd6500d4d1fe73414ccbe465751d9e774cf791fa22c5c,AXIS1__N1_C_DIGITS__f_mapper__sigma_0.01__rep01,AXIS2__N1_C_DIGITS__f_mapper__sigma_0.01__rep01,digits_1797x64_scaled16,f_mapper,0.01,1,23a53393488b04f92efc45ebc92767e2dcfdf206ba37a928f497d261e42267d2,096d92bb0126e13a16ae60a3d1f3f29a96713ca0eec89a880b4e95bfd0370e6b,prospective_matched_axis1_axis2
INDEX__N1_C_DIGITS__conventional__sigma_0.01__rep02,,92fa20a29c6b1a666b493ce3138227e2191e37d7a4034d6f439066252176d5ce,AXIS1__N1_C_DIGITS__conventional__sigma_0.01__rep02,AXIS2__N1_C_DIGITS__conventional__sigma_0.01__rep02,digits_1797x64_scaled16,conventional,0.01,2,23a53393488b04f92efc45ebc92767e2dcfdf206ba37a928f497d261e42267d2,30a2c34f2b888db7f1e1d62ee061c75bdb68a253ee880f7bd5e6804e096b9b35,prospective_matched_axis1_axis2
INDEX__N1_C_DIGITS__f_mapper__sigma_0.01__rep02,,6aeab5fbef049365546abd516bc768f5adba7c249eb2a4e410238fe339d2941c,AXIS1__N1_C_DIGITS__f_mapper__sigma_0.01__rep02,AXIS2__N1_C_DIGITS__f_mapper__sigma_0.01__rep02,digits_1797x64_scaled16,f_mapper,0.01,2,23a53393488b04f92efc45ebc92767e2dcfdf206ba37a928f497d261e42267d2,30a2c34f2b888db7f1e1d62ee061c75bdb68a253ee880f7bd5e6804e096b9b35,prospective_matched_axis1_axis2
INDEX__N1_C_DIGITS__conventional__sigma_0.01__rep03,,20f9278432080a13db5c96fe71562eb3edbc30eefd315f285a0a0f0bd3883e76,AXIS1__N1_C_DIGITS__conventional__sigma_0.01__rep03,AXIS2__N1_C_DIGITS__conventional__sigma_0.01__rep03,digits_1797x64_scaled16,conventional,0.01,3,23a53393488b04f92efc45ebc92767e2dcfdf206ba37a928f497d261e42267d2,f1e8aa1ba1b555b03ab2dc7b63b6a2c55587e69c78fbc1cd0031b6e61dbf3c51,prospective_matched_axis1_axis2
INDEX__N1_C_DIGITS__f_mapper__sigma_0.01__rep03,,016f5ba9d681053c61baf1cf79e609cb116e2a93db1fa7fcc011ba456b274c50,AXIS1__N1_C_DIGITS__f_mapper__sigma_0.01__rep03,AXIS2__N1_C_DIGITS__f_mapper__sigma_0.01__rep03,digits_1797x64_scaled16,f_mapper,0.01,3,23a53393488b04f92efc45ebc92767e2dcfdf206ba37a928f497d261e42267d2,f1e8aa1ba1b555b03ab2dc7b63b6a2c55587e69c78fbc1cd0031b6e61dbf3c51,prospective_matched_axis1_axis2
INDEX__N1_C_DIGITS__conventional__sigma_0.01__rep04,,9b1ddf8cc131b699e3e13009ddf536a1183c010b04d7ca5473a352b1a334f569,AXIS1__N1_C_DIGITS__conventional__sigma_0.01__rep04,AXIS2__N1_C_DIGITS__conventional__sigma_0.01__rep04,digits_1797x64_scaled16,conventional,0.01,4,23a53393488b04f92efc45ebc92767e2dcfdf206ba37a928f497d261e42267d2,7bff1832109d7a41bcf50a95d306b6724d543eccca491cc6da253665f268f130,prospective_matched_axis1_axis2
INDEX__N1_C_DIGITS__f_mapper__sigma_0.01__rep04,,88422cb9d27ad475f247e7b6b78f87ad89798122e272023874cfb684cf726694,AXIS1__N1_C_DIGITS__f_mapper__sigma_0.01__rep04,AXIS2__N1_C_DIGITS__f_mapper__sigma_0.01__rep04,digits_1797x64_scaled16,f_mapper,0.01,4,23a53393488b04f92efc45ebc92767e2dcfdf206ba37a928f497d261e42267d2,7bff1832109d7a41bcf50a95d306b6724d543eccca491cc6da253665f268f130,prospective_matched_axis1_axis2
INDEX__N1_C_DIGITS__conventional__sigma_0.01__rep05,,27e40215e0b02205cb0f9b869d75156ea7ec3ebcd128f3063d6d7b98f7807c69,AXIS1__N1_C_DIGITS__conventional__sigma_0.01__rep05,AXIS2__N1_C_DIGITS__conventional__sigma_0.01__rep05,digits_1797x64_scaled16,conventional,0.01,5,23a53393488b04f92efc45ebc92767e2dcfdf206ba37a928f497d261e42267d2,3ee9189aeafd2daf384b591c685b71a5a45be94ba8d424d581331008f5e853b6,prospective_matched_axis1_axis2
INDEX__N1_C_DIGITS__f_mapper__sigma_0.01__rep05,,77a2b795097876bf25ea0384fc69f33c03108827c53025cfe526e0cbc8f6bc0a,AXIS1__N1_C_DIGITS__f_mapper__sigma_0.01__rep05,AXIS2__N1_C_DIGITS__f_mapper__sigma_0.01__rep05,digits_1797x64_scaled16,f_mapper,0.01,5,23a53393488b04f92efc45ebc92767e2dcfdf206ba37a928f497d261e42267d2,3ee9189aeafd2daf384b591c685b71a5a45be94ba8d424d581331008f5e853b6,prospective_matched_axis1_axis2
INDEX__N1_C_DIGITS__conventional__sigma_0.01__rep06,,68ad15ea461c2308873becb0513f58ac1fa3deccf2eec9e209775a8e4d48cc55,AXIS1__N1_C_DIGITS__conventional__sigma_0.01__rep06,AXIS2__N1_C_DIGITS__conventional__sigma_0.01__rep06,digits_1797x64_scaled16,conventional,0.01,6,23a53393488b04f92efc45ebc92767e2dcfdf206ba37a928f497d261e42267d2,e9dfb7e8cf2d19924989bdde5dadec798a1bee29a050d56d4531a748459fe094,prospective_matched_axis1_axis2
INDEX__N1_C_DIGITS__f_mapper__sigma_0.01__rep06,,ecd25a00c561d6c1fb5192c8b48bc379dcf70a9c07fbe55361f988c22749f05b,AXIS1__N1_C_DIGITS__f_mapper__sigma_0.01__rep06,AXIS2__N1_C_DIGITS__f_mapper__sigma_0.01__rep06,digits_1797x64_scaled16,f_mapper,0.01,6,23a53393488b04f92efc45ebc92767e2dcfdf206ba37a928f497d261e42267d2,e9dfb7e8cf2d19924989bdde5dadec798a1bee29a050d56d4531a748459fe094,prospective_matched_axis1_axis2
INDEX__N1_C_DIGITS__conventional__sigma_0.01__rep07,,b85faf1be0519d19991651633f3447e0e8381db736a05e7b8b4bcad7a230755d,AXIS1__N1_C_DIGITS__conventional__sigma_0.01__rep07,AXIS2__N1_C_DIGITS__conventional__sigma_0.01__rep07,digits_1797x64_scaled16,conventional,0.01,7,23a53393488b04f92efc45ebc92767e2dcfdf206ba37a928f497d261e42267d2,b4824487d4460b1ab23901d9c7cea53ed24e079d9dcd8a7aa1e483196a4a88e1,prospective_matched_axis1_axis2
INDEX__N1_C_DIGITS__f_mapper__sigma_0.01__rep07,,f3e2b7e34f181a862cde9589c6c8c495495795a4458faf863714c412dda05342,AXIS1__N1_C_DIGITS__f_mapper__sigma_0.01__rep07,AXIS2__N1_C_DIGITS__f_mapper__sigma_0.01__rep07,digits_1797x64_scaled16,f_mapper,0.01,7,23a53393488b04f92efc45ebc92767e2dcfdf206ba37a928f497d261e42267d2,b4824487d4460b1ab23901d9c7cea53ed24e079d9dcd8a7aa1e483196a4a88e1,prospective_matched_axis1_axis2
INDEX__N1_C_DIGITS__conventional__sigma_0.01__rep08,,dcc7fa352434dc01ba2c70f406b3fdd033fb568957758ba1591f8c3d44f25e1e,AXIS1__N1_C_DIGITS__conventional__sigma_0.01__rep08,AXIS2__N1_C_DIGITS__conventional__sigma_0.01__rep08,digits_1797x64_scaled16,conventional,0.01,8,23a53393488b04f92efc45ebc92767e2dcfdf206ba37a928f497d261e42267d2,503fc6a6c66aed0e8ed80cd08f36ab293fd7f040198e480bd70c07ace2d30a19,prospective_matched_axis1_axis2
INDEX__N1_C_DIGITS__f_mapper__sigma_0.01__rep08,,71b5f48ca51a48a5da149f05a6dea20415c8e7196e235a56fb3c94215967f7a7,AXIS1__N1_C_DIGITS__f_mapper__sigma_0.01__rep08,AXIS2__N1_C_DIGITS__f_mapper__sigma_0.01__rep08,digits_1797x64_scaled16,f_mapper,0.01,8,23a53393488b04f92efc45ebc92767e2dcfdf206ba37a928f497d261e42267d2,503fc6a6c66aed0e8ed80cd08f36ab293fd7f040198e480bd70c07ace2d30a19,prospective_matched_axis1_axis2
INDEX__N1_C_DIGITS__conventional__sigma_0.01__rep09,,96ea235bd93ec8bad1abf312c3ccd9f1f9f23b9eca9bd42d6d113f3c32424213,AXIS1__N1_C_DIGITS__conventional__sigma_0.01__rep09,AXIS2__N1_C_DIGITS__conventional__sigma_0.01__rep09,digits_1797x64_scaled16,conventional,0.01,9,23a53393488b04f92efc45ebc92767e2dcfdf206ba37a928f497d261e42267d2,885e0abd7f5397d8eb68364e01e7926167051457791df33645edcb9ebe344240,prospective_matched_axis1_axis2
INDEX__N1_C_DIGITS__f_mapper__sigma_0.01__rep09,,46af6482b3df440e8d0cef9bbe8d39f36267693a261651561add23ff3255e137,AXIS1__N1_C_DIGITS__f_mapper__sigma_0.01__rep09,AXIS2__N1_C_DIGITS__f_mapper__sigma_0.01__rep09,digits_1797x64_scaled16,f_mapper,0.01,9,23a53393488b04f92efc45ebc92767e2dcfdf206ba37a928f497d261e42267d2,885e0abd7f5397d8eb68364e01e7926167051457791df33645edcb9ebe344240,prospective_matched_axis1_axis2
INDEX__N1_C_DIGITS__conventional__sigma_0.01__rep10,,3dcda6e76d6b6fa70fd8200a9a1daafe58be91d5523d566033c30ae4a9830f72,AXIS1__N1_C_DIGITS__conventional__sigma_0.01__rep10,AXIS2__N1_C_DIGITS__conventional__sigma_0.01__rep10,digits_1797x64_scaled16,conventional,0.01,10,23a53393488b04f92efc45ebc92767e2dcfdf206ba37a928f497d261e42267d2,ad946e4abcf199ee74fe71f06a45438eef9a5463e52376a0275a34ba887180de,prospective_matched_axis1_axis2
INDEX__N1_C_DIGITS__f_mapper__sigma_0.01__rep10,,a1bddfd8b1bb62d7d0c7d61123d1f48a82010829076fca72ca933e64f65aceec,AXIS1__N1_C_DIGITS__f_mapper__sigma_0.01__rep10,AXIS2__N1_C_DIGITS__f_mapper__sigma_0.01__rep10,digits_1797x64_scaled16,f_mapper,0.01,10,23a53393488b04f92efc45ebc92767e2dcfdf206ba37a928f497d261e42267d2,ad946e4abcf199ee74fe71f06a45438eef9a5463e52376a0275a34ba887180de,prospective_matched_axis1_axis2
INDEX__N1_C_DIGITS__conventional__sigma_0.01__rep11,,ad7ee082789736aab6c35192b18328b4e64a1dcdd8838fd4026f30e2253a9485,AXIS1__N1_C_DIGITS__conventional__sigma_0.01__rep11,AXIS2__N1_C_DIGITS__conventional__sigma_0.01__rep11,digits_1797x64_scaled16,conventional,0.01,11,23a53393488b04f92efc45ebc92767e2dcfdf206ba37a928f497d261e42267d2,b5c59b709a7e8987488eba6b7a511a2a277e4537eb8badcc21e6a872c6748099,prospective_matched_axis1_axis2
INDEX__N1_C_DIGITS__f_mapper__sigma_0.01__rep11,,86e63d98d99d8760e4205908edd2189f21205f86beed90c153662df425c403be,AXIS1__N1_C_DIGITS__f_mapper__sigma_0.01__rep11,AXIS2__N1_C_DIGITS__f_mapper__sigma_0.01__rep11,digits_1797x64_scaled16,f_mapper,0.01,11,23a53393488b04f92efc45ebc92767e2dcfdf206ba37a928f497d261e42267d2,b5c59b709a7e8987488eba6b7a511a2a277e4537eb8badcc21e6a872c6748099,prospective_matched_axis1_axis2
INDEX__N1_C_DIGITS__conventional__sigma_0.01__rep12,,bb21e65678285e56433e2f50a00b96a954372990b3251491140e5c086a506179,AXIS1__N1_C_DIGITS__conventional__sigma_0.01__rep12,AXIS2__N1_C_DIGITS__conventional__sigma_0.01__rep12,digits_1797x64_scaled16,conventional,0.01,12,23a53393488b04f92efc45ebc92767e2dcfdf206ba37a928f497d261e42267d2,65a6735e66dafa50fa1e73885681b16f5ded4234bc20d14d40b9f5dce54d075d,prospective_matched_axis1_axis2
INDEX__N1_C_DIGITS__f_mapper__sigma_0.01__rep12,,2ab83b34c571cd083a344eafe9cf3b9d3e5d5ee3da4ab0e10cf461ecbf2e7d19,AXIS1__N1_C_DIGITS__f_mapper__sigma_0.01__rep12,AXIS2__N1_C_DIGITS__f_mapper__sigma_0.01__rep12,digits_1797x64_scaled16,f_mapper,0.01,12,23a53393488b04f92efc45ebc92767e2dcfdf206ba37a928f497d261e42267d2,65a6735e66dafa50fa1e73885681b16f5ded4234bc20d14d40b9f5dce54d075d,prospective_matched_axis1_axis2
INDEX__N1_C_DIGITS__conventional__sigma_0.01__rep13,,054cab20be8a41f7d0b73a5af75e7f4c59c9a74265415689a510d72cd48e667e,AXIS1__N1_C_DIGITS__conventional__sigma_0.01__rep13,AXIS2__N1_C_DIGITS__conventional__sigma_0.01__rep13,digits_1797x64_scaled16,conventional,0.01,13,23a53393488b04f92efc45ebc92767e2dcfdf206ba37a928f497d261e42267d2,5a1ba328fbf1e323ba7b0b3684af35c1088758d5937cd0e9ee12cafddc356b32,prospective_matched_axis1_axis2
INDEX__N1_C_DIGITS__f_mapper__sigma_0.01__rep13,,ec91555d786527de0267b8444be546829e4e611dc29a3b16073da503c8336267,AXIS1__N1_C_DIGITS__f_mapper__sigma_0.01__rep13,AXIS2__N1_C_DIGITS__f_mapper__sigma_0.01__rep13,digits_1797x64_scaled16,f_mapper,0.01,13,23a53393488b04f92efc45ebc92767e2dcfdf206ba37a928f497d261e42267d2,5a1ba328fbf1e323ba7b0b3684af35c1088758d5937cd0e9ee12cafddc356b32,prospective_matched_axis1_axis2
INDEX__N1_C_DIGITS__conventional__sigma_0.01__rep14,,49ff82dc705149d2d2a02c50fd5a0a53dec04b15092087277cfec988140ebc4a,AXIS1__N1_C_DIGITS__conventional__sigma_0.01__rep14,AXIS2__N1_C_DIGITS__conventional__sigma_0.01__rep14,digits_1797x64_scaled16,conventional,0.01,14,23a53393488b04f92efc45ebc92767e2dcfdf206ba37a928f497d261e42267d2,ca60b9bed277e863f6b6ceffbfc262c2ad230b1a190630bcb717e7b07c83d49d,prospective_matched_axis1_axis2
INDEX__N1_C_DIGITS__f_mapper__sigma_0.01__rep14,,aa0a617af7e22980cc622beae7680d8debe484515717adcc9f87bcea3434b13b,AXIS1__N1_C_DIGITS__f_mapper__sigma_0.01__rep14,AXIS2__N1_C_DIGITS__f_mapper__sigma_0.01__rep14,digits_1797x64_scaled16,f_mapper,0.01,14,23a53393488b04f92efc45ebc92767e2dcfdf206ba37a928f497d261e42267d2,ca60b9bed277e863f6b6ceffbfc262c2ad230b1a190630bcb717e7b07c83d49d,prospective_matched_axis1_axis2
INDEX__N1_C_DIGITS__conventional__sigma_0.01__rep15,,7dbf4c2dbbbcb648349452be46c4b98b4b4171dd5752d86fb6a1e56f02481b37,AXIS1__N1_C_DIGITS__conventional__sigma_0.01__rep15,AXIS2__N1_C_DIGITS__conventional__sigma_0.01__rep15,digits_1797x64_scaled16,conventional,0.01,15,23a53393488b04f92efc45ebc92767e2dcfdf206ba37a928f497d261e42267d2,dd94196e46f34017f44fac0da601256ce08875e5661e0c949f50e17a26347f22,prospective_matched_axis1_axis2
INDEX__N1_C_DIGITS__f_mapper__sigma_0.01__rep15,,9e1e20f8cd9a27dc0a7d1492d318a487a24b65dfebff4a921d9cdb52b96b936c,AXIS1__N1_C_DIGITS__f_mapper__sigma_0.01__rep15,AXIS2__N1_C_DIGITS__f_mapper__sigma_0.01__rep15,digits_1797x64_scaled16,f_mapper,0.01,15,23a53393488b04f92efc45ebc92767e2dcfdf206ba37a928f497d261e42267d2,dd94196e46f34017f44fac0da601256ce08875e5661e0c949f50e17a26347f22,prospective_matched_axis1_axis2
INDEX__N1_C_DIGITS__conventional__sigma_0.01__rep16,,f60ad3867797ef7077e84ed37b9df1b25626d876e846f7c7a800aed03f75b486,AXIS1__N1_C_DIGITS__conventional__sigma_0.01__rep16,AXIS2__N1_C_DIGITS__conventional__sigma_0.01__rep16,digits_1797x64_scaled16,conventional,0.01,16,23a53393488b04f92efc45ebc92767e2dcfdf206ba37a928f497d261e42267d2,2da4cdbbd20721d73a43d4d9cb6de313d45fb12bb000d3418493277e10b1d00d,prospective_matched_axis1_axis2
INDEX__N1_C_DIGITS__f_mapper__sigma_0.01__rep16,,d281fe14ee7d3eeea49cbb9a7404c8ddfa94e486131b1f397e3c829d38931503,AXIS1__N1_C_DIGITS__f_mapper__sigma_0.01__rep16,AXIS2__N1_C_DIGITS__f_mapper__sigma_0.01__rep16,digits_1797x64_scaled16,f_mapper,0.01,16,23a53393488b04f92efc45ebc92767e2dcfdf206ba37a928f497d261e42267d2,2da4cdbbd20721d73a43d4d9cb6de313d45fb12bb000d3418493277e10b1d00d,prospective_matched_axis1_axis2
INDEX__N1_C_DIGITS__conventional__sigma_0.01__rep17,,ba9d7d66dba0919dcc7109cef99f5dfdb3444d63ea3aed8396c2e1e6d3c8cf30,AXIS1__N1_C_DIGITS__conventional__sigma_0.01__rep17,AXIS2__N1_C_DIGITS__conventional__sigma_0.01__rep17,digits_1797x64_scaled16,conventional,0.01,17,23a53393488b04f92efc45ebc92767e2dcfdf206ba37a928f497d261e42267d2,0f5d652fbc798785e9a2a0e7fd6331dfee73ebf70d331c660f22f303b0f9b9e3,prospective_matched_axis1_axis2
INDEX__N1_C_DIGITS__f_mapper__sigma_0.01__rep17,,5b70724d7bbafc83dfea8406618a0290ce60b056624912481da5e5fdc3f41751,AXIS1__N1_C_DIGITS__f_mapper__sigma_0.01__rep17,AXIS2__N1_C_DIGITS__f_mapper__sigma_0.01__rep17,digits_1797x64_scaled16,f_mapper,0.01,17,23a53393488b04f92efc45ebc92767e2dcfdf206ba37a928f497d261e42267d2,0f5d652fbc798785e9a2a0e7fd6331dfee73ebf70d331c660f22f303b0f9b9e3,prospective_matched_axis1_axis2
INDEX__N1_C_DIGITS__conventional__sigma_0.01__rep18,,60a64c4881092c2df966ef95457895f62e51c719e4dfd7504b2ece1110a9bcf7,AXIS1__N1_C_DIGITS__conventional__sigma_0.01__rep18,AXIS2__N1_C_DIGITS__conventional__sigma_0.01__rep18,digits_1797x64_scaled16,conventional,0.01,18,23a53393488b04f92efc45ebc92767e2dcfdf206ba37a928f497d261e42267d2,1c4e85cf745af8ff325f2f4caf056ea3f84fab6f332ced08b1574fa6505cb6c9,prospective_matched_axis1_axis2
INDEX__N1_C_DIGITS__f_mapper__sigma_0.01__rep18,,ca19d596a197f04a915c0adb81152d3991f4b3b2c841730c7e2e660effc0a41a,AXIS1__N1_C_DIGITS__f_mapper__sigma_0.01__rep18,AXIS2__N1_C_DIGITS__f_mapper__sigma_0.01__rep18,digits_1797x64_scaled16,f_mapper,0.01,18,23a53393488b04f92efc45ebc92767e2dcfdf206ba37a928f497d261e42267d2,1c4e85cf745af8ff325f2f4caf056ea3f84fab6f332ced08b1574fa6505cb6c9,prospective_matched_axis1_axis2
INDEX__N1_C_DIGITS__conventional__sigma_0.01__rep19,,b9fddda9466638336548bfeb629b68d2e35e74810813cac55ae53f5ff6b61877,AXIS1__N1_C_DIGITS__conventional__sigma_0.01__rep19,AXIS2__N1_C_DIGITS__conventional__sigma_0.01__rep19,digits_1797x64_scaled16,conventional,0.01,19,23a53393488b04f92efc45ebc92767e2dcfdf206ba37a928f497d261e42267d2,2a1be71df9c4e5dd809867e70b38a5fd68e1b5883ef3d1b35648096b002fa73b,prospective_matched_axis1_axis2
INDEX__N1_C_DIGITS__f_mapper__sigma_0.01__rep19,,13a9ab264c98c01cbf2e79910fa252f393fedabf55324486a262f468ab335683,AXIS1__N1_C_DIGITS__f_mapper__sigma_0.01__rep19,AXIS2__N1_C_DIGITS__f_mapper__sigma_0.01__rep19,digits_1797x64_scaled16,f_mapper,0.01,19,23a53393488b04f92efc45ebc92767e2dcfdf206ba37a928f497d261e42267d2,2a1be71df9c4e5dd809867e70b38a5fd68e1b5883ef3d1b35648096b002fa73b,prospective_matched_axis1_axis2
INDEX__N1_C_DIGITS__conventional__sigma_0.01__rep20,,db6f2f7f924ae8d55c437d3ae342f03a756eab07a89936a1461d52c98ade365d,AXIS1__N1_C_DIGITS__conventional__sigma_0.01__rep20,AXIS2__N1_C_DIGITS__conventional__sigma_0.01__rep20,digits_1797x64_scaled16,conventional,0.01,20,23a53393488b04f92efc45ebc92767e2dcfdf206ba37a928f497d261e42267d2,34b8c2b8938d8770cf24b8c1c5ebd8198d5495251d34a0be2f99a4cbeac8f523,prospective_matched_axis1_axis2
INDEX__N1_C_DIGITS__f_mapper__sigma_0.01__rep20,,bdf3989fc0f7f2873273c0157b9c424a596b53d8ff279d6dcd760da7fd0325d9,AXIS1__N1_C_DIGITS__f_mapper__sigma_0.01__rep20,AXIS2__N1_C_DIGITS__f_mapper__sigma_0.01__rep20,digits_1797x64_scaled16,f_mapper,0.01,20,23a53393488b04f92efc45ebc92767e2dcfdf206ba37a928f497d261e42267d2,34b8c2b8938d8770cf24b8c1c5ebd8198d5495251d34a0be2f99a4cbeac8f523,prospective_matched_axis1_axis2
INDEX__N1_C_DIGITS__conventional__sigma_0.01__rep21,,a7222d3a4bea4cf533160a11679bc4e7a809e9c8ab4d4f5dc680d4d715ccd147,AXIS1__N1_C_DIGITS__conventional__sigma_0.01__rep21,AXIS2__N1_C_DIGITS__conventional__sigma_0.01__rep21,digits_1797x64_scaled16,conventional,0.01,21,23a53393488b04f92efc45ebc92767e2dcfdf206ba37a928f497d261e42267d2,c1a8603e50ed7893d52c4b0db5d44622a504e1a133161342b1ed23c01b3d84ab,prospective_matched_axis1_axis2
INDEX__N1_C_DIGITS__f_mapper__sigma_0.01__rep21,,61a3964ee9c8ea3cd71148ebdcf3f12f4ea995854766dbdb544fd755899feb3e,AXIS1__N1_C_DIGITS__f_mapper__sigma_0.01__rep21,AXIS2__N1_C_DIGITS__f_mapper__sigma_0.01__rep21,digits_1797x64_scaled16,f_mapper,0.01,21,23a53393488b04f92efc45ebc92767e2dcfdf206ba37a928f497d261e42267d2,c1a8603e50ed7893d52c4b0db5d44622a504e1a133161342b1ed23c01b3d84ab,prospective_matched_axis1_axis2
INDEX__N1_C_DIGITS__conventional__sigma_0.01__rep22,,2508e4d1b3c8587e804d5d5a973cca1902d256ffb096f7e0767c8a0d9f350f16,AXIS1__N1_C_DIGITS__conventional__sigma_0.01__rep22,AXIS2__N1_C_DIGITS__conventional__sigma_0.01__rep22,digits_1797x64_scaled16,conventional,0.01,22,23a53393488b04f92efc45ebc92767e2dcfdf206ba37a928f497d261e42267d2,236281019188faebeb5d24bae5efd159f3b1686f19f78b14cee67a5e4b416eea,prospective_matched_axis1_axis2
INDEX__N1_C_DIGITS__f_mapper__sigma_0.01__rep22,,a0b24f7667018bb2e8ff8a2ae29c65cb08785310e26e3cdc316044a3bc8d674b,AXIS1__N1_C_DIGITS__f_mapper__sigma_0.01__rep22,AXIS2__N1_C_DIGITS__f_mapper__sigma_0.01__rep22,digits_1797x64_scaled16,f_mapper,0.01,22,23a53393488b04f92efc45ebc92767e2dcfdf206ba37a928f497d261e42267d2,236281019188faebeb5d24bae5efd159f3b1686f19f78b14cee67a5e4b416eea,prospective_matched_axis1_axis2
INDEX__N1_C_DIGITS__conventional__sigma_0.01__rep23,,d1d0ebb6a97d76abd53ca8affbd85fc81e8fb0ae55b32da032a94a446de86fba,AXIS1__N1_C_DIGITS__conventional__sigma_0.01__rep23,AXIS2__N1_C_DIGITS__conventional__sigma_0.01__rep23,digits_1797x64_scaled16,conventional,0.01,23,23a53393488b04f92efc45ebc92767e2dcfdf206ba37a928f497d261e42267d2,0e9e0ef66305baf74ced0b7962ddf3078d96008dafbf6c5ade4dcb593fbbc562,prospective_matched_axis1_axis2
INDEX__N1_C_DIGITS__f_mapper__sigma_0.01__rep23,,11824da6c8a24be1bed4c4c1d3e7a556beba82f712a9fcf21dac4dc181995c9d,AXIS1__N1_C_DIGITS__f_mapper__sigma_0.01__rep23,AXIS2__N1_C_DIGITS__f_mapper__sigma_0.01__rep23,digits_1797x64_scaled16,f_mapper,0.01,23,23a53393488b04f92efc45ebc92767e2dcfdf206ba37a928f497d261e42267d2,0e9e0ef66305baf74ced0b7962ddf3078d96008dafbf6c5ade4dcb593fbbc562,prospective_matched_axis1_axis2
INDEX__N1_C_DIGITS__conventional__sigma_0.01__rep24,,717d9eb424a7da8df1592b82c2b489f26a620100383911357187811e84d393c5,AXIS1__N1_C_DIGITS__conventional__sigma_0.01__rep24,AXIS2__N1_C_DIGITS__conventional__sigma_0.01__rep24,digits_1797x64_scaled16,conventional,0.01,24,23a53393488b04f92efc45ebc92767e2dcfdf206ba37a928f497d261e42267d2,63d09c6bf0a840669f2dc4bd7402cd90c87c734235e1265413cf3cf1e92ff8ba,prospective_matched_axis1_axis2
INDEX__N1_C_DIGITS__f_mapper__sigma_0.01__rep24,,df3de811cea0e643c7699612d4f27d05b6a55b84c823ae0c282c443e9388f001,AXIS1__N1_C_DIGITS__f_mapper__sigma_0.01__rep24,AXIS2__N1_C_DIGITS__f_mapper__sigma_0.01__rep24,digits_1797x64_scaled16,f_mapper,0.01,24,23a53393488b04f92efc45ebc92767e2dcfdf206ba37a928f497d261e42267d2,63d09c6bf0a840669f2dc4bd7402cd90c87c734235e1265413cf3cf1e92ff8ba,prospective_matched_axis1_axis2
INDEX__N1_C_DIGITS__conventional__sigma_0.01__rep25,,0c40d7e325daa12fbff474953c2f2bf8e3949da161cd380507880c3dad477416,AXIS1__N1_C_DIGITS__conventional__sigma_0.01__rep25,AXIS2__N1_C_DIGITS__conventional__sigma_0.01__rep25,digits_1797x64_scaled16,conventional,0.01,25,23a53393488b04f92efc45ebc92767e2dcfdf206ba37a928f497d261e42267d2,d6b534ac84f41f0fb1b0f756b9fa9349ac81e852f56c2d160389762934bcb28b,prospective_matched_axis1_axis2
INDEX__N1_C_DIGITS__f_mapper__sigma_0.01__rep25,,f94a3a1f4c68071920c4899893565c5fb95eb657571b8b258c8871d9edbc51ca,AXIS1__N1_C_DIGITS__f_mapper__sigma_0.01__rep25,AXIS2__N1_C_DIGITS__f_mapper__sigma_0.01__rep25,digits_1797x64_scaled16,f_mapper,0.01,25,23a53393488b04f92efc45ebc92767e2dcfdf206ba37a928f497d261e42267d2,d6b534ac84f41f0fb1b0f756b9fa9349ac81e852f56c2d160389762934bcb28b,prospective_matched_axis1_axis2
INDEX__N1_C_DIGITS__conventional__sigma_0.01__rep26,,f4721560ddcd233df1e3d5cc6a4aae6cb6f5f1bb7cc1a01c929f9081b9362084,AXIS1__N1_C_DIGITS__conventional__sigma_0.01__rep26,AXIS2__N1_C_DIGITS__conventional__sigma_0.01__rep26,digits_1797x64_scaled16,conventional,0.01,26,23a53393488b04f92efc45ebc92767e2dcfdf206ba37a928f497d261e42267d2,df1cc96ab542c037f3547da054b00211ac7ce783ff01a0bcfd139e6404e27cd2,prospective_matched_axis1_axis2
INDEX__N1_C_DIGITS__f_mapper__sigma_0.01__rep26,,cbe27bad17f94ce49b074593e32ccca38aaed3e7982ca2fc7fb6d2964dbc2795,AXIS1__N1_C_DIGITS__f_mapper__sigma_0.01__rep26,AXIS2__N1_C_DIGITS__f_mapper__sigma_0.01__rep26,digits_1797x64_scaled16,f_mapper,0.01,26,23a53393488b04f92efc45ebc92767e2dcfdf206ba37a928f497d261e42267d2,df1cc96ab542c037f3547da054b00211ac7ce783ff01a0bcfd139e6404e27cd2,prospective_matched_axis1_axis2
INDEX__N1_C_DIGITS__conventional__sigma_0.01__rep27,,7955ff2e0efca0f65e2e268800a88bb371b82badd43230e25d93e609808dc30f,AXIS1__N1_C_DIGITS__conventional__sigma_0.01__rep27,AXIS2__N1_C_DIGITS__conventional__sigma_0.01__rep27,digits_1797x64_scaled16,conventional,0.01,27,23a53393488b04f92efc45ebc92767e2dcfdf206ba37a928f497d261e42267d2,5b940779a009d76446c0ff78dc777b644efebdc732fe866a43b444f83296af49,prospective_matched_axis1_axis2
INDEX__N1_C_DIGITS__f_mapper__sigma_0.01__rep27,,54fb3b10eeac0905ec8977fa60009be43f5a87eca1d63ee8e763af19745c27fb,AXIS1__N1_C_DIGITS__f_mapper__sigma_0.01__rep27,AXIS2__N1_C_DIGITS__f_mapper__sigma_0.01__rep27,digits_1797x64_scaled16,f_mapper,0.01,27,23a53393488b04f92efc45ebc92767e2dcfdf206ba37a928f497d261e42267d2,5b940779a009d76446c0ff78dc777b644efebdc732fe866a43b444f83296af49,prospective_matched_axis1_axis2
INDEX__N1_C_DIGITS__conventional__sigma_0.01__rep28,,f7085a46d499ffcf252b69a3c47b6980552e3898d750f74c76a796688e567c1c,AXIS1__N1_C_DIGITS__conventional__sigma_0.01__rep28,AXIS2__N1_C_DIGITS__conventional__sigma_0.01__rep28,digits_1797x64_scaled16,conventional,0.01,28,23a53393488b04f92efc45ebc92767e2dcfdf206ba37a928f497d261e42267d2,7a0e867fa62039d0a72c45c4cff5376ba02ef3640483b5fc32b0afa9c9fd1ce1,prospective_matched_axis1_axis2
INDEX__N1_C_DIGITS__f_mapper__sigma_0.01__rep28,,1563ea374d1c2aa2993e6e2b081e460720508e9c8a107eb8b1765a459634c24c,AXIS1__N1_C_DIGITS__f_mapper__sigma_0.01__rep28,AXIS2__N1_C_DIGITS__f_mapper__sigma_0.01__rep28,digits_1797x64_scaled16,f_mapper,0.01,28,23a53393488b04f92efc45ebc92767e2dcfdf206ba37a928f497d261e42267d2,7a0e867fa62039d0a72c45c4cff5376ba02ef3640483b5fc32b0afa9c9fd1ce1,prospective_matched_axis1_axis2
INDEX__N1_C_DIGITS__conventional__sigma_0.01__rep29,,6097b8dd3451fc8248ceacf940a5e8d1496f24c5397aaab336d54b2a892c9227,AXIS1__N1_C_DIGITS__conventional__sigma_0.01__rep29,AXIS2__N1_C_DIGITS__conventional__sigma_0.01__rep29,digits_1797x64_scaled16,conventional,0.01,29,23a53393488b04f92efc45ebc92767e2dcfdf206ba37a928f497d261e42267d2,4b5e76d401ac256c585e5f0c1e9bfe86ba6c9f32c8969864d66f960b530e93f1,prospective_matched_axis1_axis2
INDEX__N1_C_DIGITS__f_mapper__sigma_0.01__rep29,,75f7da03dd62642a8ad659b99394bbc42a32c85e4fd93d6a3980210fc0bae306,AXIS1__N1_C_DIGITS__f_mapper__sigma_0.01__rep29,AXIS2__N1_C_DIGITS__f_mapper__sigma_0.01__rep29,digits_1797x64_scaled16,f_mapper,0.01,29,23a53393488b04f92efc45ebc92767e2dcfdf206ba37a928f497d261e42267d2,4b5e76d401ac256c585e5f0c1e9bfe86ba6c9f32c8969864d66f960b530e93f1,prospective_matched_axis1_axis2
INDEX__N1_C_DIGITS__conventional__sigma_0.01__rep30,,0632d2fd49933388e231a66ba7a9504c9554bf71f616e67d6bd8bc12fd7a7d8f,AXIS1__N1_C_DIGITS__conventional__sigma_0.01__rep30,AXIS2__N1_C_DIGITS__conventional__sigma_0.01__rep30,digits_1797x64_scaled16,conventional,0.01,30,23a53393488b04f92efc45ebc92767e2dcfdf206ba37a928f497d261e42267d2,aec24163e1dd632b7a30a17be2d81de2903f76722d1a4294f9323e13fcc8d491,prospective_matched_axis1_axis2
INDEX__N1_C_DIGITS__f_mapper__sigma_0.01__rep30,,c3c9be75ed09738e5d99dfb9b3d8fe15e0f31c09353c109228ac641021c7d52e,AXIS1__N1_C_DIGITS__f_mapper__sigma_0.01__rep30,AXIS2__N1_C_DIGITS__f_mapper__sigma_0.01__rep30,digits_1797x64_scaled16,f_mapper,0.01,30,23a53393488b04f92efc45ebc92767e2dcfdf206ba37a928f497d261e42267d2,aec24163e1dd632b7a30a17be2d81de2903f76722d1a4294f9323e13fcc8d491,prospective_matched_axis1_axis2
INDEX__N1_C_DIGITS__conventional__sigma_0.03__rep01,,6b4f0cabba7aaf73ca0a7be56a5bdfbd529e0c94d8c4aebb2a5f0388db15cf40,AXIS1__N1_C_DIGITS__conventional__sigma_0.03__rep01,AXIS2__N1_C_DIGITS__conventional__sigma_0.03__rep01,digits_1797x64_scaled16,conventional,0.03,1,23a53393488b04f92efc45ebc92767e2dcfdf206ba37a928f497d261e42267d2,24053bc476f061c8d5320d3b6feccf833fc6496fdfb25b11a8c31e8348ebeb75,prospective_matched_axis1_axis2
INDEX__N1_C_DIGITS__f_mapper__sigma_0.03__rep01,,caef1253bc12cd1f4f9ff6f1964fbb9302425fb02872c03ded95056bb31a407d,AXIS1__N1_C_DIGITS__f_mapper__sigma_0.03__rep01,AXIS2__N1_C_DIGITS__f_mapper__sigma_0.03__rep01,digits_1797x64_scaled16,f_mapper,0.03,1,23a53393488b04f92efc45ebc92767e2dcfdf206ba37a928f497d261e42267d2,24053bc476f061c8d5320d3b6feccf833fc6496fdfb25b11a8c31e8348ebeb75,prospective_matched_axis1_axis2
INDEX__N1_C_DIGITS__conventional__sigma_0.03__rep02,,54a50c0a34f5a98cff94ca7e9deef6b7313a164b80709558371202ca5fb24bea,AXIS1__N1_C_DIGITS__conventional__sigma_0.03__rep02,AXIS2__N1_C_DIGITS__conventional__sigma_0.03__rep02,digits_1797x64_scaled16,conventional,0.03,2,23a53393488b04f92efc45ebc92767e2dcfdf206ba37a928f497d261e42267d2,2238930f8bd3691628a59e4866c8f4a7487e6a2177c4d85fefd1c94c5a81d229,prospective_matched_axis1_axis2
INDEX__N1_C_DIGITS__f_mapper__sigma_0.03__rep02,,5064cb46a8337dfee104d9e7630f0ae5f40ea30f11e3780e0d8158a17624f200,AXIS1__N1_C_DIGITS__f_mapper__sigma_0.03__rep02,AXIS2__N1_C_DIGITS__f_mapper__sigma_0.03__rep02,digits_1797x64_scaled16,f_mapper,0.03,2,23a53393488b04f92efc45ebc92767e2dcfdf206ba37a928f497d261e42267d2,2238930f8bd3691628a59e4866c8f4a7487e6a2177c4d85fefd1c94c5a81d229,prospective_matched_axis1_axis2
INDEX__N1_C_DIGITS__conventional__sigma_0.03__rep03,,531bb362c6764df5afb8a207f30adb809b88eb8f642701d597794f0ff3223f9a,AXIS1__N1_C_DIGITS__conventional__sigma_0.03__rep03,AXIS2__N1_C_DIGITS__conventional__sigma_0.03__rep03,digits_1797x64_scaled16,conventional,0.03,3,23a53393488b04f92efc45ebc92767e2dcfdf206ba37a928f497d261e42267d2,4aaf21fa3c79aacf63bd152fc6bcba28ed701665cb5703d319f03d71e1e720c3,prospective_matched_axis1_axis2
INDEX__N1_C_DIGITS__f_mapper__sigma_0.03__rep03,,2d74f8a4e1b70ae3e0cad7c99e869ee7d903531e87b274210a883cccbea9af64,AXIS1__N1_C_DIGITS__f_mapper__sigma_0.03__rep03,AXIS2__N1_C_DIGITS__f_mapper__sigma_0.03__rep03,digits_1797x64_scaled16,f_mapper,0.03,3,23a53393488b04f92efc45ebc92767e2dcfdf206ba37a928f497d261e42267d2,4aaf21fa3c79aacf63bd152fc6bcba28ed701665cb5703d319f03d71e1e720c3,prospective_matched_axis1_axis2
INDEX__N1_C_DIGITS__conventional__sigma_0.03__rep04,,aab68c0ec5e58637bc953052ceb1025eb7bea07d889f8147be0de6e7052d58ec,AXIS1__N1_C_DIGITS__conventional__sigma_0.03__rep04,AXIS2__N1_C_DIGITS__conventional__sigma_0.03__rep04,digits_1797x64_scaled16,conventional,0.03,4,23a53393488b04f92efc45ebc92767e2dcfdf206ba37a928f497d261e42267d2,db733b4fae77836f6b689cb63e588c7d9e95561d68276a44557ce7bbb590ef11,prospective_matched_axis1_axis2
INDEX__N1_C_DIGITS__f_mapper__sigma_0.03__rep04,,d44b32021b9b1c21dde4c3ddb2f1be3b698b88eeacfc574f3902d8ff073228ac,AXIS1__N1_C_DIGITS__f_mapper__sigma_0.03__rep04,AXIS2__N1_C_DIGITS__f_mapper__sigma_0.03__rep04,digits_1797x64_scaled16,f_mapper,0.03,4,23a53393488b04f92efc45ebc92767e2dcfdf206ba37a928f497d261e42267d2,db733b4fae77836f6b689cb63e588c7d9e95561d68276a44557ce7bbb590ef11,prospective_matched_axis1_axis2
INDEX__N1_C_DIGITS__conventional__sigma_0.03__rep05,,eb275a7eb0ea67a14d2c1aec2eed30c1ace87e059e2972b5615a9b0713b13a52,AXIS1__N1_C_DIGITS__conventional__sigma_0.03__rep05,AXIS2__N1_C_DIGITS__conventional__sigma_0.03__rep05,digits_1797x64_scaled16,conventional,0.03,5,23a53393488b04f92efc45ebc92767e2dcfdf206ba37a928f497d261e42267d2,e14668b8258e9b8904167c614700061db1af98af14456014971414ba1e24d4e8,prospective_matched_axis1_axis2
INDEX__N1_C_DIGITS__f_mapper__sigma_0.03__rep05,,674b4149cee7fd527be213f715160054091fb9d8dd22606e0680ee4d52ba1db2,AXIS1__N1_C_DIGITS__f_mapper__sigma_0.03__rep05,AXIS2__N1_C_DIGITS__f_mapper__sigma_0.03__rep05,digits_1797x64_scaled16,f_mapper,0.03,5,23a53393488b04f92efc45ebc92767e2dcfdf206ba37a928f497d261e42267d2,e14668b8258e9b8904167c614700061db1af98af14456014971414ba1e24d4e8,prospective_matched_axis1_axis2
INDEX__N1_C_DIGITS__conventional__sigma_0.03__rep06,,4155c34bb62a7ac01bfe5e6ffd719d3401d1fdd31187ada924bbb5ff57169408,AXIS1__N1_C_DIGITS__conventional__sigma_0.03__rep06,AXIS2__N1_C_DIGITS__conventional__sigma_0.03__rep06,digits_1797x64_scaled16,conventional,0.03,6,23a53393488b04f92efc45ebc92767e2dcfdf206ba37a928f497d261e42267d2,4e042dbc8657d44d9e9d4d1bb30538a2801457ba5844e5ee5cb09e8db846c005,prospective_matched_axis1_axis2
INDEX__N1_C_DIGITS__f_mapper__sigma_0.03__rep06,,6ca8a16a24dc7ebe3e0458f72558c06aa5e83fdf819d0046ff637d25deeb94f0,AXIS1__N1_C_DIGITS__f_mapper__sigma_0.03__rep06,AXIS2__N1_C_DIGITS__f_mapper__sigma_0.03__rep06,digits_1797x64_scaled16,f_mapper,0.03,6,23a53393488b04f92efc45ebc92767e2dcfdf206ba37a928f497d261e42267d2,4e042dbc8657d44d9e9d4d1bb30538a2801457ba5844e5ee5cb09e8db846c005,prospective_matched_axis1_axis2
INDEX__N1_C_DIGITS__conventional__sigma_0.03__rep07,,b7d555753e65547bdbe4f29faa07de75468726614ac6fa5f5c6ca987c9ac6cbb,AXIS1__N1_C_DIGITS__conventional__sigma_0.03__rep07,AXIS2__N1_C_DIGITS__conventional__sigma_0.03__rep07,digits_1797x64_scaled16,conventional,0.03,7,23a53393488b04f92efc45ebc92767e2dcfdf206ba37a928f497d261e42267d2,8de9c7b6d380b7ed6c36b0d90cf70fe0b780a8533cf2b379058e96e8c87f6d98,prospective_matched_axis1_axis2
INDEX__N1_C_DIGITS__f_mapper__sigma_0.03__rep07,,dd477b494f5967ad8373c1a424a30478333ff1550b77aeb4e3c48973d50afdf2,AXIS1__N1_C_DIGITS__f_mapper__sigma_0.03__rep07,AXIS2__N1_C_DIGITS__f_mapper__sigma_0.03__rep07,digits_1797x64_scaled16,f_mapper,0.03,7,23a53393488b04f92efc45ebc92767e2dcfdf206ba37a928f497d261e42267d2,8de9c7b6d380b7ed6c36b0d90cf70fe0b780a8533cf2b379058e96e8c87f6d98,prospective_matched_axis1_axis2
INDEX__N1_C_DIGITS__conventional__sigma_0.03__rep08,,f1917ce35bb003d400df5574a3352eaa3315a7d6e9d9da00e70a55641fafecd9,AXIS1__N1_C_DIGITS__conventional__sigma_0.03__rep08,AXIS2__N1_C_DIGITS__conventional__sigma_0.03__rep08,digits_1797x64_scaled16,conventional,0.03,8,23a53393488b04f92efc45ebc92767e2dcfdf206ba37a928f497d261e42267d2,6ae904ef778cc2b26ae7d25b0d3deaa583cfcb88f46d97a130f56a759c25f419,prospective_matched_axis1_axis2
INDEX__N1_C_DIGITS__f_mapper__sigma_0.03__rep08,,9f8070962c88a89d2598618cbb95df2d55c42c2cc28d503241cffd7fb883b378,AXIS1__N1_C_DIGITS__f_mapper__sigma_0.03__rep08,AXIS2__N1_C_DIGITS__f_mapper__sigma_0.03__rep08,digits_1797x64_scaled16,f_mapper,0.03,8,23a53393488b04f92efc45ebc92767e2dcfdf206ba37a928f497d261e42267d2,6ae904ef778cc2b26ae7d25b0d3deaa583cfcb88f46d97a130f56a759c25f419,prospective_matched_axis1_axis2
INDEX__N1_C_DIGITS__conventional__sigma_0.03__rep09,,d93610ff7ef66657bc601f7d6f20f9955690af3e9fda78621145ba79ff3b7133,AXIS1__N1_C_DIGITS__conventional__sigma_0.03__rep09,AXIS2__N1_C_DIGITS__conventional__sigma_0.03__rep09,digits_1797x64_scaled16,conventional,0.03,9,23a53393488b04f92efc45ebc92767e2dcfdf206ba37a928f497d261e42267d2,ca7d2c5a4d45def0de3134f84c546d57842b1aaa619bfe43296346e75bf3e86c,prospective_matched_axis1_axis2
INDEX__N1_C_DIGITS__f_mapper__sigma_0.03__rep09,,f911500fc599aaafd26eef0641f79649c893577371e6aef69e4d8301dbc2990a,AXIS1__N1_C_DIGITS__f_mapper__sigma_0.03__rep09,AXIS2__N1_C_DIGITS__f_mapper__sigma_0.03__rep09,digits_1797x64_scaled16,f_mapper,0.03,9,23a53393488b04f92efc45ebc92767e2dcfdf206ba37a928f497d261e42267d2,ca7d2c5a4d45def0de3134f84c546d57842b1aaa619bfe43296346e75bf3e86c,prospective_matched_axis1_axis2
INDEX__N1_C_DIGITS__conventional__sigma_0.03__rep10,,b331986b96c86028e52ec67b70e84471ac71be8631bbfe1e5944ffa3a350fc36,AXIS1__N1_C_DIGITS__conventional__sigma_0.03__rep10,AXIS2__N1_C_DIGITS__conventional__sigma_0.03__rep10,digits_1797x64_scaled16,conventional,0.03,10,23a53393488b04f92efc45ebc92767e2dcfdf206ba37a928f497d261e42267d2,bc6af0960b0b39c7f0a78d85fd02cbed60abbe9c3c4a185f2b2989a339969218,prospective_matched_axis1_axis2
INDEX__N1_C_DIGITS__f_mapper__sigma_0.03__rep10,,63a010e955203bfa06fde5e4e7114d407d84a39e7ea784835ca1d06e0b45cb81,AXIS1__N1_C_DIGITS__f_mapper__sigma_0.03__rep10,AXIS2__N1_C_DIGITS__f_mapper__sigma_0.03__rep10,digits_1797x64_scaled16,f_mapper,0.03,10,23a53393488b04f92efc45ebc92767e2dcfdf206ba37a928f497d261e42267d2,bc6af0960b0b39c7f0a78d85fd02cbed60abbe9c3c4a185f2b2989a339969218,prospective_matched_axis1_axis2
INDEX__N1_C_DIGITS__conventional__sigma_0.03__rep11,,d4cce57ff8b387342c6c537d30f1b7f9bd0049debee61f29eba6472b0e597b40,AXIS1__N1_C_DIGITS__conventional__sigma_0.03__rep11,AXIS2__N1_C_DIGITS__conventional__sigma_0.03__rep11,digits_1797x64_scaled16,conventional,0.03,11,23a53393488b04f92efc45ebc92767e2dcfdf206ba37a928f497d261e42267d2,1bfa53edd28dd08121a44b8af30db89a542723757a984b73ffd90acca71cce72,prospective_matched_axis1_axis2
INDEX__N1_C_DIGITS__f_mapper__sigma_0.03__rep11,,0d3276f4ddd3130144f204fba17cefc0c67cfbc266580f8ddd44682cbe25fe67,AXIS1__N1_C_DIGITS__f_mapper__sigma_0.03__rep11,AXIS2__N1_C_DIGITS__f_mapper__sigma_0.03__rep11,digits_1797x64_scaled16,f_mapper,0.03,11,23a53393488b04f92efc45ebc92767e2dcfdf206ba37a928f497d261e42267d2,1bfa53edd28dd08121a44b8af30db89a542723757a984b73ffd90acca71cce72,prospective_matched_axis1_axis2
INDEX__N1_C_DIGITS__conventional__sigma_0.03__rep12,,7af149991ac8d89319fec54c73a19ad1a173f250984599e30533d8a6f548d7df,AXIS1__N1_C_DIGITS__conventional__sigma_0.03__rep12,AXIS2__N1_C_DIGITS__conventional__sigma_0.03__rep12,digits_1797x64_scaled16,conventional,0.03,12,23a53393488b04f92efc45ebc92767e2dcfdf206ba37a928f497d261e42267d2,b00d0b33a99b547be51a2a2e69cf4901bc71a2a9a7aac9e6958a7ea239c180cd,prospective_matched_axis1_axis2
INDEX__N1_C_DIGITS__f_mapper__sigma_0.03__rep12,,cd1572b50eadd33d923c5589ad57a724f48b219f87142311021a07974f0c04f9,AXIS1__N1_C_DIGITS__f_mapper__sigma_0.03__rep12,AXIS2__N1_C_DIGITS__f_mapper__sigma_0.03__rep12,digits_1797x64_scaled16,f_mapper,0.03,12,23a53393488b04f92efc45ebc92767e2dcfdf206ba37a928f497d261e42267d2,b00d0b33a99b547be51a2a2e69cf4901bc71a2a9a7aac9e6958a7ea239c180cd,prospective_matched_axis1_axis2
INDEX__N1_C_DIGITS__conventional__sigma_0.03__rep13,,724801a445482fbcb00f751c9c3253203208753122cdf3f9333adad83ea093e4,AXIS1__N1_C_DIGITS__conventional__sigma_0.03__rep13,AXIS2__N1_C_DIGITS__conventional__sigma_0.03__rep13,digits_1797x64_scaled16,conventional,0.03,13,23a53393488b04f92efc45ebc92767e2dcfdf206ba37a928f497d261e42267d2,267a509b9c357ddb8690b69accc02a11173f76217ec1772e9e4a182abe14535b,prospective_matched_axis1_axis2
INDEX__N1_C_DIGITS__f_mapper__sigma_0.03__rep13,,690c908c5c2d2c18e9db4c1b7b0a3570a9b21fd761702d229f0c0b38473b3c8d,AXIS1__N1_C_DIGITS__f_mapper__sigma_0.03__rep13,AXIS2__N1_C_DIGITS__f_mapper__sigma_0.03__rep13,digits_1797x64_scaled16,f_mapper,0.03,13,23a53393488b04f92efc45ebc92767e2dcfdf206ba37a928f497d261e42267d2,267a509b9c357ddb8690b69accc02a11173f76217ec1772e9e4a182abe14535b,prospective_matched_axis1_axis2
INDEX__N1_C_DIGITS__conventional__sigma_0.03__rep14,,6ab0b16156378c92c4b088426b5eafea883905badc85466cee6464334d357684,AXIS1__N1_C_DIGITS__conventional__sigma_0.03__rep14,AXIS2__N1_C_DIGITS__conventional__sigma_0.03__rep14,digits_1797x64_scaled16,conventional,0.03,14,23a53393488b04f92efc45ebc92767e2dcfdf206ba37a928f497d261e42267d2,d689db4a49a6be49626c7ed7914a434b5b3077ed1e1cbd806dce4f1256c141e4,prospective_matched_axis1_axis2
INDEX__N1_C_DIGITS__f_mapper__sigma_0.03__rep14,,d5e82b4b5f0b8fa481175452985bc33271374093a3390bd377f7f5228ed73663,AXIS1__N1_C_DIGITS__f_mapper__sigma_0.03__rep14,AXIS2__N1_C_DIGITS__f_mapper__sigma_0.03__rep14,digits_1797x64_scaled16,f_mapper,0.03,14,23a53393488b04f92efc45ebc92767e2dcfdf206ba37a928f497d261e42267d2,d689db4a49a6be49626c7ed7914a434b5b3077ed1e1cbd806dce4f1256c141e4,prospective_matched_axis1_axis2
INDEX__N1_C_DIGITS__conventional__sigma_0.03__rep15,,e480976f0d6066f73a7afaa105cf6513e4fb693f8c798be5fa5760eed242323a,AXIS1__N1_C_DIGITS__conventional__sigma_0.03__rep15,AXIS2__N1_C_DIGITS__conventional__sigma_0.03__rep15,digits_1797x64_scaled16,conventional,0.03,15,23a53393488b04f92efc45ebc92767e2dcfdf206ba37a928f497d261e42267d2,126426c0289ded9c57bb37f3bd0604cc127a04a9f260458fb1e65c86c4ee62f5,prospective_matched_axis1_axis2
INDEX__N1_C_DIGITS__f_mapper__sigma_0.03__rep15,,e39b13080f006502aa06667ccff60f9568c9738f2427df1eea2324ef5fd3e52c,AXIS1__N1_C_DIGITS__f_mapper__sigma_0.03__rep15,AXIS2__N1_C_DIGITS__f_mapper__sigma_0.03__rep15,digits_1797x64_scaled16,f_mapper,0.03,15,23a53393488b04f92efc45ebc92767e2dcfdf206ba37a928f497d261e42267d2,126426c0289ded9c57bb37f3bd0604cc127a04a9f260458fb1e65c86c4ee62f5,prospective_matched_axis1_axis2
INDEX__N1_C_DIGITS__conventional__sigma_0.03__rep16,,0702efd79f008d66b2aa6da59e90091188d9fdfd531652bf48806661633dbcd9,AXIS1__N1_C_DIGITS__conventional__sigma_0.03__rep16,AXIS2__N1_C_DIGITS__conventional__sigma_0.03__rep16,digits_1797x64_scaled16,conventional,0.03,16,23a53393488b04f92efc45ebc92767e2dcfdf206ba37a928f497d261e42267d2,74e22bf863f2a066278dff393d339995e7891dc8866d271e105eb01da65b246c,prospective_matched_axis1_axis2
INDEX__N1_C_DIGITS__f_mapper__sigma_0.03__rep16,,8fa10d6e6b7fbe2b4b87d2eefe87d4e4434fefb6a881f26ebf8d5d916293f3f7,AXIS1__N1_C_DIGITS__f_mapper__sigma_0.03__rep16,AXIS2__N1_C_DIGITS__f_mapper__sigma_0.03__rep16,digits_1797x64_scaled16,f_mapper,0.03,16,23a53393488b04f92efc45ebc92767e2dcfdf206ba37a928f497d261e42267d2,74e22bf863f2a066278dff393d339995e7891dc8866d271e105eb01da65b246c,prospective_matched_axis1_axis2
INDEX__N1_C_DIGITS__conventional__sigma_0.03__rep17,,450c714bcfb460f21a5f4f94f2d80f574701b46d79ab491fffc5c428ccacc894,AXIS1__N1_C_DIGITS__conventional__sigma_0.03__rep17,AXIS2__N1_C_DIGITS__conventional__sigma_0.03__rep17,digits_1797x64_scaled16,conventional,0.03,17,23a53393488b04f92efc45ebc92767e2dcfdf206ba37a928f497d261e42267d2,2603a43ddb927e40a2f6a2a9546ca49e6e2e3b9baa071899a1676d2966d48d22,prospective_matched_axis1_axis2
INDEX__N1_C_DIGITS__f_mapper__sigma_0.03__rep17,,66f5710d9ef1e130f7bfd4b98819e713997e4f7942748313f001c706d626cf61,AXIS1__N1_C_DIGITS__f_mapper__sigma_0.03__rep17,AXIS2__N1_C_DIGITS__f_mapper__sigma_0.03__rep17,digits_1797x64_scaled16,f_mapper,0.03,17,23a53393488b04f92efc45ebc92767e2dcfdf206ba37a928f497d261e42267d2,2603a43ddb927e40a2f6a2a9546ca49e6e2e3b9baa071899a1676d2966d48d22,prospective_matched_axis1_axis2
INDEX__N1_C_DIGITS__conventional__sigma_0.03__rep18,,50c1e15c73a69226b27852cf015143011684032022cf18d38679ac73daabd006,AXIS1__N1_C_DIGITS__conventional__sigma_0.03__rep18,AXIS2__N1_C_DIGITS__conventional__sigma_0.03__rep18,digits_1797x64_scaled16,conventional,0.03,18,23a53393488b04f92efc45ebc92767e2dcfdf206ba37a928f497d261e42267d2,31122439538260ee5eef08373c48f9671eab6d28804aad00c75f060bcf3c521c,prospective_matched_axis1_axis2
INDEX__N1_C_DIGITS__f_mapper__sigma_0.03__rep18,,853b4804a969882508628993f4e38b9f390bd5b6489d76d435ce410a5d9feaed,AXIS1__N1_C_DIGITS__f_mapper__sigma_0.03__rep18,AXIS2__N1_C_DIGITS__f_mapper__sigma_0.03__rep18,digits_1797x64_scaled16,f_mapper,0.03,18,23a53393488b04f92efc45ebc92767e2dcfdf206ba37a928f497d261e42267d2,31122439538260ee5eef08373c48f9671eab6d28804aad00c75f060bcf3c521c,prospective_matched_axis1_axis2
INDEX__N1_C_DIGITS__conventional__sigma_0.03__rep19,,5d6b6d61287e5b341a6e090869592867da6cd8a5d8b63d174f30a055b76db694,AXIS1__N1_C_DIGITS__conventional__sigma_0.03__rep19,AXIS2__N1_C_DIGITS__conventional__sigma_0.03__rep19,digits_1797x64_scaled16,conventional,0.03,19,23a53393488b04f92efc45ebc92767e2dcfdf206ba37a928f497d261e42267d2,8b0a696e8a4c452311c6e02ada4093bbfe676757560534759b0cb9253ea90f48,prospective_matched_axis1_axis2
INDEX__N1_C_DIGITS__f_mapper__sigma_0.03__rep19,,78753a8343cc34968103b41be34deea0be196b357b044a093dc551bc86703c0a,AXIS1__N1_C_DIGITS__f_mapper__sigma_0.03__rep19,AXIS2__N1_C_DIGITS__f_mapper__sigma_0.03__rep19,digits_1797x64_scaled16,f_mapper,0.03,19,23a53393488b04f92efc45ebc92767e2dcfdf206ba37a928f497d261e42267d2,8b0a696e8a4c452311c6e02ada4093bbfe676757560534759b0cb9253ea90f48,prospective_matched_axis1_axis2
INDEX__N1_C_DIGITS__conventional__sigma_0.03__rep20,,6dac8a55e431ca1ddcc1051cba087c2895e23b6a4e77353229a2b06edb30abf5,AXIS1__N1_C_DIGITS__conventional__sigma_0.03__rep20,AXIS2__N1_C_DIGITS__conventional__sigma_0.03__rep20,digits_1797x64_scaled16,conventional,0.03,20,23a53393488b04f92efc45ebc92767e2dcfdf206ba37a928f497d261e42267d2,b326cad0ccbaeb25d6a8d226a11344e67b67d2d007599888753898227a5b32ce,prospective_matched_axis1_axis2
INDEX__N1_C_DIGITS__f_mapper__sigma_0.03__rep20,,438f92b46207969948477a8a930523ea8fc0a65b76e63c5afc72e660d4da3540,AXIS1__N1_C_DIGITS__f_mapper__sigma_0.03__rep20,AXIS2__N1_C_DIGITS__f_mapper__sigma_0.03__rep20,digits_1797x64_scaled16,f_mapper,0.03,20,23a53393488b04f92efc45ebc92767e2dcfdf206ba37a928f497d261e42267d2,b326cad0ccbaeb25d6a8d226a11344e67b67d2d007599888753898227a5b32ce,prospective_matched_axis1_axis2
INDEX__N1_C_DIGITS__conventional__sigma_0.03__rep21,,eb5a2325178121469d0b210050702c0961e968c44659bce6afddcc8278c0c17c,AXIS1__N1_C_DIGITS__conventional__sigma_0.03__rep21,AXIS2__N1_C_DIGITS__conventional__sigma_0.03__rep21,digits_1797x64_scaled16,conventional,0.03,21,23a53393488b04f92efc45ebc92767e2dcfdf206ba37a928f497d261e42267d2,8b53e8d6f0b22dbd89b37e34aab2117b8d10f9f0d37fc3787b836402d8816621,prospective_matched_axis1_axis2
INDEX__N1_C_DIGITS__f_mapper__sigma_0.03__rep21,,a18b8d1a4b819ea3f2ede636a4050181157f0dbd2fe7c9fb4ecfd21d7439c719,AXIS1__N1_C_DIGITS__f_mapper__sigma_0.03__rep21,AXIS2__N1_C_DIGITS__f_mapper__sigma_0.03__rep21,digits_1797x64_scaled16,f_mapper,0.03,21,23a53393488b04f92efc45ebc92767e2dcfdf206ba37a928f497d261e42267d2,8b53e8d6f0b22dbd89b37e34aab2117b8d10f9f0d37fc3787b836402d8816621,prospective_matched_axis1_axis2
INDEX__N1_C_DIGITS__conventional__sigma_0.03__rep22,,e1a1c7be75a566a9e2e148b83933074c41238fc58d03f63feb5a06c68e6a9224,AXIS1__N1_C_DIGITS__conventional__sigma_0.03__rep22,AXIS2__N1_C_DIGITS__conventional__sigma_0.03__rep22,digits_1797x64_scaled16,conventional,0.03,22,23a53393488b04f92efc45ebc92767e2dcfdf206ba37a928f497d261e42267d2,0dae0a45b4b3991ae3bf38c0ba2a68283f78a82a9b65d8f43e6c44d4625ed5eb,prospective_matched_axis1_axis2
INDEX__N1_C_DIGITS__f_mapper__sigma_0.03__rep22,,b91ea55f9ede24836ec5b9df8a114c9a50bb12e87901725fcb2452d152935141,AXIS1__N1_C_DIGITS__f_mapper__sigma_0.03__rep22,AXIS2__N1_C_DIGITS__f_mapper__sigma_0.03__rep22,digits_1797x64_scaled16,f_mapper,0.03,22,23a53393488b04f92efc45ebc92767e2dcfdf206ba37a928f497d261e42267d2,0dae0a45b4b3991ae3bf38c0ba2a68283f78a82a9b65d8f43e6c44d4625ed5eb,prospective_matched_axis1_axis2
INDEX__N1_C_DIGITS__conventional__sigma_0.03__rep23,,4e57e30e25bca6eaa02a26b1faa5cc0c8605de3699d455f64002fa6c6c5d2eb0,AXIS1__N1_C_DIGITS__conventional__sigma_0.03__rep23,AXIS2__N1_C_DIGITS__conventional__sigma_0.03__rep23,digits_1797x64_scaled16,conventional,0.03,23,23a53393488b04f92efc45ebc92767e2dcfdf206ba37a928f497d261e42267d2,3b8b3b29ef4519d04b724e85d83ed5b682b91940067fbe379b14411d57500d4a,prospective_matched_axis1_axis2
INDEX__N1_C_DIGITS__f_mapper__sigma_0.03__rep23,,c82d3af9fd303e6cd66b99ed61bf30d38e1132fb56e6d25aa5090a9af3b6e717,AXIS1__N1_C_DIGITS__f_mapper__sigma_0.03__rep23,AXIS2__N1_C_DIGITS__f_mapper__sigma_0.03__rep23,digits_1797x64_scaled16,f_mapper,0.03,23,23a53393488b04f92efc45ebc92767e2dcfdf206ba37a928f497d261e42267d2,3b8b3b29ef4519d04b724e85d83ed5b682b91940067fbe379b14411d57500d4a,prospective_matched_axis1_axis2
INDEX__N1_C_DIGITS__conventional__sigma_0.03__rep24,,82f6002c80c6037d5a89190bc9f7abc3439a5c6fff9af2bb1b1dd7d142f21c2e,AXIS1__N1_C_DIGITS__conventional__sigma_0.03__rep24,AXIS2__N1_C_DIGITS__conventional__sigma_0.03__rep24,digits_1797x64_scaled16,conventional,0.03,24,23a53393488b04f92efc45ebc92767e2dcfdf206ba37a928f497d261e42267d2,6afbbaf467c0d2463e65d07539ee6e5ca7b302a9c13e81a21195962d425b6344,prospective_matched_axis1_axis2
INDEX__N1_C_DIGITS__f_mapper__sigma_0.03__rep24,,c020b53eabdd505619ea008af8522ac217788c669603559bcbe1dd867c6fbd31,AXIS1__N1_C_DIGITS__f_mapper__sigma_0.03__rep24,AXIS2__N1_C_DIGITS__f_mapper__sigma_0.03__rep24,digits_1797x64_scaled16,f_mapper,0.03,24,23a53393488b04f92efc45ebc92767e2dcfdf206ba37a928f497d261e42267d2,6afbbaf467c0d2463e65d07539ee6e5ca7b302a9c13e81a21195962d425b6344,prospective_matched_axis1_axis2
INDEX__N1_C_DIGITS__conventional__sigma_0.03__rep25,,7eb851e2fdc073e400a90cf2c234de9766610acac76cb04dc46c3087fee812fb,AXIS1__N1_C_DIGITS__conventional__sigma_0.03__rep25,AXIS2__N1_C_DIGITS__conventional__sigma_0.03__rep25,digits_1797x64_scaled16,conventional,0.03,25,23a53393488b04f92efc45ebc92767e2dcfdf206ba37a928f497d261e42267d2,5cc2b569faaf3a3a2eda61912216dfb6a0ea83778b4027ca224f5fcc5b13f310,prospective_matched_axis1_axis2
INDEX__N1_C_DIGITS__f_mapper__sigma_0.03__rep25,,53c45c8b41a5cc8686f93579a94bb53993c22b2c37c9a0ad4b6076ae3b76980a,AXIS1__N1_C_DIGITS__f_mapper__sigma_0.03__rep25,AXIS2__N1_C_DIGITS__f_mapper__sigma_0.03__rep25,digits_1797x64_scaled16,f_mapper,0.03,25,23a53393488b04f92efc45ebc92767e2dcfdf206ba37a928f497d261e42267d2,5cc2b569faaf3a3a2eda61912216dfb6a0ea83778b4027ca224f5fcc5b13f310,prospective_matched_axis1_axis2
INDEX__N1_C_DIGITS__conventional__sigma_0.03__rep26,,06c90f05444b9f72840ba1ff6dc47924c4d0e72fc63cc6fdf8f1272158bf6456,AXIS1__N1_C_DIGITS__conventional__sigma_0.03__rep26,AXIS2__N1_C_DIGITS__conventional__sigma_0.03__rep26,digits_1797x64_scaled16,conventional,0.03,26,23a53393488b04f92efc45ebc92767e2dcfdf206ba37a928f497d261e42267d2,0cba7e2e611eb571059a39f4dfb0c73ad61519f1c7cefc16a11e0f647c0bf69b,prospective_matched_axis1_axis2
INDEX__N1_C_DIGITS__f_mapper__sigma_0.03__rep26,,e6d0f47ff9e296aab6f45a6a36f4ecd7598c3e9b74707d4a72a837d292a27ac2,AXIS1__N1_C_DIGITS__f_mapper__sigma_0.03__rep26,AXIS2__N1_C_DIGITS__f_mapper__sigma_0.03__rep26,digits_1797x64_scaled16,f_mapper,0.03,26,23a53393488b04f92efc45ebc92767e2dcfdf206ba37a928f497d261e42267d2,0cba7e2e611eb571059a39f4dfb0c73ad61519f1c7cefc16a11e0f647c0bf69b,prospective_matched_axis1_axis2
INDEX__N1_C_DIGITS__conventional__sigma_0.03__rep27,,552b5dcfb42f1d99ec7a78a97ce19a2166479d14ebb74bf5ecbc5d4fe491dbe1,AXIS1__N1_C_DIGITS__conventional__sigma_0.03__rep27,AXIS2__N1_C_DIGITS__conventional__sigma_0.03__rep27,digits_1797x64_scaled16,conventional,0.03,27,23a53393488b04f92efc45ebc92767e2dcfdf206ba37a928f497d261e42267d2,5fcea4c2e1a963d61a4d598517382aa50f844bee1bce441912ff63c38a7375b1,prospective_matched_axis1_axis2
INDEX__N1_C_DIGITS__f_mapper__sigma_0.03__rep27,,fc4a94761703493a7b20199153dc27896757a0792b2f4f0f5cb0e45f94e91556,AXIS1__N1_C_DIGITS__f_mapper__sigma_0.03__rep27,AXIS2__N1_C_DIGITS__f_mapper__sigma_0.03__rep27,digits_1797x64_scaled16,f_mapper,0.03,27,23a53393488b04f92efc45ebc92767e2dcfdf206ba37a928f497d261e42267d2,5fcea4c2e1a963d61a4d598517382aa50f844bee1bce441912ff63c38a7375b1,prospective_matched_axis1_axis2
INDEX__N1_C_DIGITS__conventional__sigma_0.03__rep28,,614931cd851c03f3b5473624841c8cd3de98e2aad842d20ba3d753ac61bb4396,AXIS1__N1_C_DIGITS__conventional__sigma_0.03__rep28,AXIS2__N1_C_DIGITS__conventional__sigma_0.03__rep28,digits_1797x64_scaled16,conventional,0.03,28,23a53393488b04f92efc45ebc92767e2dcfdf206ba37a928f497d261e42267d2,52806c841c2b1da12a0fe098f686d71d117c25679a5768a1b66e1d577577768a,prospective_matched_axis1_axis2
INDEX__N1_C_DIGITS__f_mapper__sigma_0.03__rep28,,962014dbe1ae8b08539b0f94d936fc502a807bfb95df3129447627b52cbf7799,AXIS1__N1_C_DIGITS__f_mapper__sigma_0.03__rep28,AXIS2__N1_C_DIGITS__f_mapper__sigma_0.03__rep28,digits_1797x64_scaled16,f_mapper,0.03,28,23a53393488b04f92efc45ebc92767e2dcfdf206ba37a928f497d261e42267d2,52806c841c2b1da12a0fe098f686d71d117c25679a5768a1b66e1d577577768a,prospective_matched_axis1_axis2
INDEX__N1_C_DIGITS__conventional__sigma_0.03__rep29,,c0f34f1728cc64e3fd407556a51b0b9aacfb5ed0d5f3b7c1ea9011d900ffa32f,AXIS1__N1_C_DIGITS__conventional__sigma_0.03__rep29,AXIS2__N1_C_DIGITS__conventional__sigma_0.03__rep29,digits_1797x64_scaled16,conventional,0.03,29,23a53393488b04f92efc45ebc92767e2dcfdf206ba37a928f497d261e42267d2,b994c8451b52f49888b7ca92635be861f851dcb771c581867fe7efbfa2fa491b,prospective_matched_axis1_axis2
INDEX__N1_C_DIGITS__f_mapper__sigma_0.03__rep29,,e543cf38ace6cb37b71070f25578c202de6b5741d878fc4b2a81cdedf45cd97e,AXIS1__N1_C_DIGITS__f_mapper__sigma_0.03__rep29,AXIS2__N1_C_DIGITS__f_mapper__sigma_0.03__rep29,digits_1797x64_scaled16,f_mapper,0.03,29,23a53393488b04f92efc45ebc92767e2dcfdf206ba37a928f497d261e42267d2,b994c8451b52f49888b7ca92635be861f851dcb771c581867fe7efbfa2fa491b,prospective_matched_axis1_axis2
INDEX__N1_C_DIGITS__conventional__sigma_0.03__rep30,,a4fabbfbc7739a21f5c440ae5da73e665c6278c08dc09f72153e49efc0fbaf31,AXIS1__N1_C_DIGITS__conventional__sigma_0.03__rep30,AXIS2__N1_C_DIGITS__conventional__sigma_0.03__rep30,digits_1797x64_scaled16,conventional,0.03,30,23a53393488b04f92efc45ebc92767e2dcfdf206ba37a928f497d261e42267d2,2dd61b0e47550906c9a5de06323eb7bffda4b5a6b49dcce2663d6c8f5390b6d4,prospective_matched_axis1_axis2
INDEX__N1_C_DIGITS__f_mapper__sigma_0.03__rep30,,6f4c0291516967305394eb4466cafc527b9f56367e67be36fbd8d347c7a21fc7,AXIS1__N1_C_DIGITS__f_mapper__sigma_0.03__rep30,AXIS2__N1_C_DIGITS__f_mapper__sigma_0.03__rep30,digits_1797x64_scaled16,f_mapper,0.03,30,23a53393488b04f92efc45ebc92767e2dcfdf206ba37a928f497d261e42267d2,2dd61b0e47550906c9a5de06323eb7bffda4b5a6b49dcce2663d6c8f5390b6d4,prospective_matched_axis1_axis2
INDEX__N1_C_DIGITS__conventional__sigma_0.05__rep01,,20e6dcddf6e2077bcdb5809c48162bd6212c2f58a3e692a4a1b24be65b2a37a8,AXIS1__N1_C_DIGITS__conventional__sigma_0.05__rep01,AXIS2__N1_C_DIGITS__conventional__sigma_0.05__rep01,digits_1797x64_scaled16,conventional,0.05,1,23a53393488b04f92efc45ebc92767e2dcfdf206ba37a928f497d261e42267d2,8da6b94e6b8f0ac4d7f5f066a4317cd50528e846306d479329c2a583c1f099d7,prospective_matched_axis1_axis2
INDEX__N1_C_DIGITS__f_mapper__sigma_0.05__rep01,,815a69b09e6a30182bcd3b3c1eb845c43aa9180791523f69c31d6197105adc9c,AXIS1__N1_C_DIGITS__f_mapper__sigma_0.05__rep01,AXIS2__N1_C_DIGITS__f_mapper__sigma_0.05__rep01,digits_1797x64_scaled16,f_mapper,0.05,1,23a53393488b04f92efc45ebc92767e2dcfdf206ba37a928f497d261e42267d2,8da6b94e6b8f0ac4d7f5f066a4317cd50528e846306d479329c2a583c1f099d7,prospective_matched_axis1_axis2
INDEX__N1_C_DIGITS__conventional__sigma_0.05__rep02,,1646ff9c0a0462479c19b5c15c46a05a0e8954e2eb9078f144fb4f66cc82e13b,AXIS1__N1_C_DIGITS__conventional__sigma_0.05__rep02,AXIS2__N1_C_DIGITS__conventional__sigma_0.05__rep02,digits_1797x64_scaled16,conventional,0.05,2,23a53393488b04f92efc45ebc92767e2dcfdf206ba37a928f497d261e42267d2,0423f1594b7f71c8f4c0d308ec6370fe6a7a80ee8c2fd5a8d507049f4cbda0a2,prospective_matched_axis1_axis2
INDEX__N1_C_DIGITS__f_mapper__sigma_0.05__rep02,,febff0a448b6fc83b842093c8716f547891f4053603f4c58c5eb8b2289ba0a19,AXIS1__N1_C_DIGITS__f_mapper__sigma_0.05__rep02,AXIS2__N1_C_DIGITS__f_mapper__sigma_0.05__rep02,digits_1797x64_scaled16,f_mapper,0.05,2,23a53393488b04f92efc45ebc92767e2dcfdf206ba37a928f497d261e42267d2,0423f1594b7f71c8f4c0d308ec6370fe6a7a80ee8c2fd5a8d507049f4cbda0a2,prospective_matched_axis1_axis2
INDEX__N1_C_DIGITS__conventional__sigma_0.05__rep03,,7ec5806d4306ed1faf8a2e2a7735a143e8be2b233e4f2c731bf4d50662dc00f7,AXIS1__N1_C_DIGITS__conventional__sigma_0.05__rep03,AXIS2__N1_C_DIGITS__conventional__sigma_0.05__rep03,digits_1797x64_scaled16,conventional,0.05,3,23a53393488b04f92efc45ebc92767e2dcfdf206ba37a928f497d261e42267d2,bca0e8dfb7c3810f4cc490d1412a36b37813ee4ab4edee8df942c62048a08f09,prospective_matched_axis1_axis2
INDEX__N1_C_DIGITS__f_mapper__sigma_0.05__rep03,,8b14df045c793169cba77127c9dcad2c3784c94319b8b541d2caddd564fc8a68,AXIS1__N1_C_DIGITS__f_mapper__sigma_0.05__rep03,AXIS2__N1_C_DIGITS__f_mapper__sigma_0.05__rep03,digits_1797x64_scaled16,f_mapper,0.05,3,23a53393488b04f92efc45ebc92767e2dcfdf206ba37a928f497d261e42267d2,bca0e8dfb7c3810f4cc490d1412a36b37813ee4ab4edee8df942c62048a08f09,prospective_matched_axis1_axis2
INDEX__N1_C_DIGITS__conventional__sigma_0.05__rep04,,71ed57f580351d1457a3a51acd364701b476be95bdc9e06eb8a12ac6213bb960,AXIS1__N1_C_DIGITS__conventional__sigma_0.05__rep04,AXIS2__N1_C_DIGITS__conventional__sigma_0.05__rep04,digits_1797x64_scaled16,conventional,0.05,4,23a53393488b04f92efc45ebc92767e2dcfdf206ba37a928f497d261e42267d2,448409006eb3a5413de0011ca5b0bf273cce54466ec8d9c9b2f17402e8a73e0f,prospective_matched_axis1_axis2
INDEX__N1_C_DIGITS__f_mapper__sigma_0.05__rep04,,d0b229f15014cdefc6934c54f316312dbdbe3db1750c0ccea43d93e3c6be0b2c,AXIS1__N1_C_DIGITS__f_mapper__sigma_0.05__rep04,AXIS2__N1_C_DIGITS__f_mapper__sigma_0.05__rep04,digits_1797x64_scaled16,f_mapper,0.05,4,23a53393488b04f92efc45ebc92767e2dcfdf206ba37a928f497d261e42267d2,448409006eb3a5413de0011ca5b0bf273cce54466ec8d9c9b2f17402e8a73e0f,prospective_matched_axis1_axis2
INDEX__N1_C_DIGITS__conventional__sigma_0.05__rep05,,b54f103f2c2b13a4e0890b58acb5fee01b82d2d7b799065f1b15fc8807fe9960,AXIS1__N1_C_DIGITS__conventional__sigma_0.05__rep05,AXIS2__N1_C_DIGITS__conventional__sigma_0.05__rep05,digits_1797x64_scaled16,conventional,0.05,5,23a53393488b04f92efc45ebc92767e2dcfdf206ba37a928f497d261e42267d2,9c3f6b5d60099fa6ce17aeb7ebbb6e5d9071c3e48b6efd1272a1752f4f6fb80d,prospective_matched_axis1_axis2
INDEX__N1_C_DIGITS__f_mapper__sigma_0.05__rep05,,be945875dfb0c111b8d8d407189e57fbe1dcfa2a008471b73c816036c307a4f8,AXIS1__N1_C_DIGITS__f_mapper__sigma_0.05__rep05,AXIS2__N1_C_DIGITS__f_mapper__sigma_0.05__rep05,digits_1797x64_scaled16,f_mapper,0.05,5,23a53393488b04f92efc45ebc92767e2dcfdf206ba37a928f497d261e42267d2,9c3f6b5d60099fa6ce17aeb7ebbb6e5d9071c3e48b6efd1272a1752f4f6fb80d,prospective_matched_axis1_axis2
INDEX__N1_C_DIGITS__conventional__sigma_0.05__rep06,,75af3acb93527a595b8d508ba9c19774c92b9985f31b23881273d949f3782e04,AXIS1__N1_C_DIGITS__conventional__sigma_0.05__rep06,AXIS2__N1_C_DIGITS__conventional__sigma_0.05__rep06,digits_1797x64_scaled16,conventional,0.05,6,23a53393488b04f92efc45ebc92767e2dcfdf206ba37a928f497d261e42267d2,01688e0ce309ac88de408f397c263fcbbf3735f846a53d9c9dd227cc2cc15bc7,prospective_matched_axis1_axis2
INDEX__N1_C_DIGITS__f_mapper__sigma_0.05__rep06,,cd2818a26b8d99fabdab760623a2ce93f45b2a366f6f6e5807e1f3d01d174e48,AXIS1__N1_C_DIGITS__f_mapper__sigma_0.05__rep06,AXIS2__N1_C_DIGITS__f_mapper__sigma_0.05__rep06,digits_1797x64_scaled16,f_mapper,0.05,6,23a53393488b04f92efc45ebc92767e2dcfdf206ba37a928f497d261e42267d2,01688e0ce309ac88de408f397c263fcbbf3735f846a53d9c9dd227cc2cc15bc7,prospective_matched_axis1_axis2
INDEX__N1_C_DIGITS__conventional__sigma_0.05__rep07,,0e68ca49f9764ba71eb71255e7094a2e2ce70565bf0e0f8e2d4b093727a3ebec,AXIS1__N1_C_DIGITS__conventional__sigma_0.05__rep07,AXIS2__N1_C_DIGITS__conventional__sigma_0.05__rep07,digits_1797x64_scaled16,conventional,0.05,7,23a53393488b04f92efc45ebc92767e2dcfdf206ba37a928f497d261e42267d2,61e2835b6b4754d372466616928323ac294e3407db3100e75787f94a26561d7e,prospective_matched_axis1_axis2
INDEX__N1_C_DIGITS__f_mapper__sigma_0.05__rep07,,dfb86f73180e0f74d38df36a270f5378695aa3bed0ff5dfbe8361820e27a734f,AXIS1__N1_C_DIGITS__f_mapper__sigma_0.05__rep07,AXIS2__N1_C_DIGITS__f_mapper__sigma_0.05__rep07,digits_1797x64_scaled16,f_mapper,0.05,7,23a53393488b04f92efc45ebc92767e2dcfdf206ba37a928f497d261e42267d2,61e2835b6b4754d372466616928323ac294e3407db3100e75787f94a26561d7e,prospective_matched_axis1_axis2
INDEX__N1_C_DIGITS__conventional__sigma_0.05__rep08,,c1101b28aa52f9a1e83929a510beb9507e71bb112579c3d887f086ed564d371c,AXIS1__N1_C_DIGITS__conventional__sigma_0.05__rep08,AXIS2__N1_C_DIGITS__conventional__sigma_0.05__rep08,digits_1797x64_scaled16,conventional,0.05,8,23a53393488b04f92efc45ebc92767e2dcfdf206ba37a928f497d261e42267d2,5f6010c0db6e9ff05e65a6d7782d8095b43838640a3ca3c6f75ef7d74fe177ef,prospective_matched_axis1_axis2
INDEX__N1_C_DIGITS__f_mapper__sigma_0.05__rep08,,c6d89928c8b09b483d6e71aadceec1181b5fd01449ee3d4f3eaa6d42b449f1d2,AXIS1__N1_C_DIGITS__f_mapper__sigma_0.05__rep08,AXIS2__N1_C_DIGITS__f_mapper__sigma_0.05__rep08,digits_1797x64_scaled16,f_mapper,0.05,8,23a53393488b04f92efc45ebc92767e2dcfdf206ba37a928f497d261e42267d2,5f6010c0db6e9ff05e65a6d7782d8095b43838640a3ca3c6f75ef7d74fe177ef,prospective_matched_axis1_axis2
INDEX__N1_C_DIGITS__conventional__sigma_0.05__rep09,,ee88546b2ec3a709ebd2d7522cfc65660333bd8d25dd6a801283d40183d83db1,AXIS1__N1_C_DIGITS__conventional__sigma_0.05__rep09,AXIS2__N1_C_DIGITS__conventional__sigma_0.05__rep09,digits_1797x64_scaled16,conventional,0.05,9,23a53393488b04f92efc45ebc92767e2dcfdf206ba37a928f497d261e42267d2,ee04146e98acc190eea5dc724a194512615b24165e4f323856b004a4baba9af6,prospective_matched_axis1_axis2
INDEX__N1_C_DIGITS__f_mapper__sigma_0.05__rep09,,0aa5251728cef835e8b7eb83c31670001ed4d916a1eba31ce57902f8027e1901,AXIS1__N1_C_DIGITS__f_mapper__sigma_0.05__rep09,AXIS2__N1_C_DIGITS__f_mapper__sigma_0.05__rep09,digits_1797x64_scaled16,f_mapper,0.05,9,23a53393488b04f92efc45ebc92767e2dcfdf206ba37a928f497d261e42267d2,ee04146e98acc190eea5dc724a194512615b24165e4f323856b004a4baba9af6,prospective_matched_axis1_axis2
INDEX__N1_C_DIGITS__conventional__sigma_0.05__rep10,,aae26f71533eb64d7bcf369622faba43f95686a9ec601f6d2c6d7c56a4a9442a,AXIS1__N1_C_DIGITS__conventional__sigma_0.05__rep10,AXIS2__N1_C_DIGITS__conventional__sigma_0.05__rep10,digits_1797x64_scaled16,conventional,0.05,10,23a53393488b04f92efc45ebc92767e2dcfdf206ba37a928f497d261e42267d2,db0d4dd6822759320b822975807face90b3d13b753e9b4dfbcfbd6491638d69e,prospective_matched_axis1_axis2
INDEX__N1_C_DIGITS__f_mapper__sigma_0.05__rep10,,6d7e055158fabb656f06e8f180fcd87d68708128504df47cc8db5ea48b80cf53,AXIS1__N1_C_DIGITS__f_mapper__sigma_0.05__rep10,AXIS2__N1_C_DIGITS__f_mapper__sigma_0.05__rep10,digits_1797x64_scaled16,f_mapper,0.05,10,23a53393488b04f92efc45ebc92767e2dcfdf206ba37a928f497d261e42267d2,db0d4dd6822759320b822975807face90b3d13b753e9b4dfbcfbd6491638d69e,prospective_matched_axis1_axis2
INDEX__N1_C_DIGITS__conventional__sigma_0.05__rep11,,b657646ba94d372729ddb05609a4fc0d21c8ecf7085e39ec03557ba019b45eb1,AXIS1__N1_C_DIGITS__conventional__sigma_0.05__rep11,AXIS2__N1_C_DIGITS__conventional__sigma_0.05__rep11,digits_1797x64_scaled16,conventional,0.05,11,23a53393488b04f92efc45ebc92767e2dcfdf206ba37a928f497d261e42267d2,30d0c194c00ba4ac30ac1317e02d63477951878a3f4fab2583eea9471668b7ea,prospective_matched_axis1_axis2
INDEX__N1_C_DIGITS__f_mapper__sigma_0.05__rep11,,05080188cbcbc57986fca26ba512185737e20262f63ff9f2b2a87512ec6b3ab5,AXIS1__N1_C_DIGITS__f_mapper__sigma_0.05__rep11,AXIS2__N1_C_DIGITS__f_mapper__sigma_0.05__rep11,digits_1797x64_scaled16,f_mapper,0.05,11,23a53393488b04f92efc45ebc92767e2dcfdf206ba37a928f497d261e42267d2,30d0c194c00ba4ac30ac1317e02d63477951878a3f4fab2583eea9471668b7ea,prospective_matched_axis1_axis2
INDEX__N1_C_DIGITS__conventional__sigma_0.05__rep12,,338a92117d8690f47ee3b36633040838772d07e79b5bc74e0df375ffd4df13cd,AXIS1__N1_C_DIGITS__conventional__sigma_0.05__rep12,AXIS2__N1_C_DIGITS__conventional__sigma_0.05__rep12,digits_1797x64_scaled16,conventional,0.05,12,23a53393488b04f92efc45ebc92767e2dcfdf206ba37a928f497d261e42267d2,a2a7542f654266795bd353a4f789d2ed31f3a44b304aed5e0bcb0515026ecc08,prospective_matched_axis1_axis2
INDEX__N1_C_DIGITS__f_mapper__sigma_0.05__rep12,,6374ef12b7204c7cc5577cf12f8d9ce8da38fe70dc14d5af55e5fd71d304f214,AXIS1__N1_C_DIGITS__f_mapper__sigma_0.05__rep12,AXIS2__N1_C_DIGITS__f_mapper__sigma_0.05__rep12,digits_1797x64_scaled16,f_mapper,0.05,12,23a53393488b04f92efc45ebc92767e2dcfdf206ba37a928f497d261e42267d2,a2a7542f654266795bd353a4f789d2ed31f3a44b304aed5e0bcb0515026ecc08,prospective_matched_axis1_axis2
INDEX__N1_C_DIGITS__conventional__sigma_0.05__rep13,,430c5ac7eeb46a67bc6c9a744facea0b83bd6203dd1213352d79cdaf437c9687,AXIS1__N1_C_DIGITS__conventional__sigma_0.05__rep13,AXIS2__N1_C_DIGITS__conventional__sigma_0.05__rep13,digits_1797x64_scaled16,conventional,0.05,13,23a53393488b04f92efc45ebc92767e2dcfdf206ba37a928f497d261e42267d2,569d19bb63447cb24750076c5a8625bb4ae9e1423289ea78ed8a15b5c2c65a8f,prospective_matched_axis1_axis2
INDEX__N1_C_DIGITS__f_mapper__sigma_0.05__rep13,,4ee8a08471f252601714f17e76609364a28aa048e1b026ca655b4ffc5cecbf85,AXIS1__N1_C_DIGITS__f_mapper__sigma_0.05__rep13,AXIS2__N1_C_DIGITS__f_mapper__sigma_0.05__rep13,digits_1797x64_scaled16,f_mapper,0.05,13,23a53393488b04f92efc45ebc92767e2dcfdf206ba37a928f497d261e42267d2,569d19bb63447cb24750076c5a8625bb4ae9e1423289ea78ed8a15b5c2c65a8f,prospective_matched_axis1_axis2
INDEX__N1_C_DIGITS__conventional__sigma_0.05__rep14,,c468d5311c049cc493dd3ead470c5760312ca802d507826f63a693df4d5fcb74,AXIS1__N1_C_DIGITS__conventional__sigma_0.05__rep14,AXIS2__N1_C_DIGITS__conventional__sigma_0.05__rep14,digits_1797x64_scaled16,conventional,0.05,14,23a53393488b04f92efc45ebc92767e2dcfdf206ba37a928f497d261e42267d2,d229f180393bcd1ffcfa26b318a338534b85da3144b8be658acff5e793574810,prospective_matched_axis1_axis2
INDEX__N1_C_DIGITS__f_mapper__sigma_0.05__rep14,,701bb0c32ee3563fcb9997d9c10c05163779dbdd5d06f1e25d86273eb0ea63bf,AXIS1__N1_C_DIGITS__f_mapper__sigma_0.05__rep14,AXIS2__N1_C_DIGITS__f_mapper__sigma_0.05__rep14,digits_1797x64_scaled16,f_mapper,0.05,14,23a53393488b04f92efc45ebc92767e2dcfdf206ba37a928f497d261e42267d2,d229f180393bcd1ffcfa26b318a338534b85da3144b8be658acff5e793574810,prospective_matched_axis1_axis2
INDEX__N1_C_DIGITS__conventional__sigma_0.05__rep15,,2b297b2a31265f44015437ee2af9284f409857da50d017227811bc18b1b84873,AXIS1__N1_C_DIGITS__conventional__sigma_0.05__rep15,AXIS2__N1_C_DIGITS__conventional__sigma_0.05__rep15,digits_1797x64_scaled16,conventional,0.05,15,23a53393488b04f92efc45ebc92767e2dcfdf206ba37a928f497d261e42267d2,770f5aae041adaeb85f91caa2664d0b1022400401c5480ff936d488d9eb9309b,prospective_matched_axis1_axis2
INDEX__N1_C_DIGITS__f_mapper__sigma_0.05__rep15,,024e081a337e409137dba9a59d4484c1b09e7f62f8fa196de0538958b52d66b0,AXIS1__N1_C_DIGITS__f_mapper__sigma_0.05__rep15,AXIS2__N1_C_DIGITS__f_mapper__sigma_0.05__rep15,digits_1797x64_scaled16,f_mapper,0.05,15,23a53393488b04f92efc45ebc92767e2dcfdf206ba37a928f497d261e42267d2,770f5aae041adaeb85f91caa2664d0b1022400401c5480ff936d488d9eb9309b,prospective_matched_axis1_axis2
INDEX__N1_C_DIGITS__conventional__sigma_0.05__rep16,,97f30918be121590e964a71f2979e88b13e72e1b9013f0378cdb204f9c4ede7e,AXIS1__N1_C_DIGITS__conventional__sigma_0.05__rep16,AXIS2__N1_C_DIGITS__conventional__sigma_0.05__rep16,digits_1797x64_scaled16,conventional,0.05,16,23a53393488b04f92efc45ebc92767e2dcfdf206ba37a928f497d261e42267d2,81442e56fb865d285539ea95da019b732088a02fe98d01777246f0fb1514c208,prospective_matched_axis1_axis2
INDEX__N1_C_DIGITS__f_mapper__sigma_0.05__rep16,,9462f87422bee65524e662dd41d4fa560b106f0147fff8f4e9bff2495e250479,AXIS1__N1_C_DIGITS__f_mapper__sigma_0.05__rep16,AXIS2__N1_C_DIGITS__f_mapper__sigma_0.05__rep16,digits_1797x64_scaled16,f_mapper,0.05,16,23a53393488b04f92efc45ebc92767e2dcfdf206ba37a928f497d261e42267d2,81442e56fb865d285539ea95da019b732088a02fe98d01777246f0fb1514c208,prospective_matched_axis1_axis2
INDEX__N1_C_DIGITS__conventional__sigma_0.05__rep17,,54a7b2dfff9c812243006664a305140f2766d4cd04d59c6ab3283ebe54243f4b,AXIS1__N1_C_DIGITS__conventional__sigma_0.05__rep17,AXIS2__N1_C_DIGITS__conventional__sigma_0.05__rep17,digits_1797x64_scaled16,conventional,0.05,17,23a53393488b04f92efc45ebc92767e2dcfdf206ba37a928f497d261e42267d2,14f0b10b9871386beba2d93fd6e00abcb24c9a13679739c6451574bfa47912d7,prospective_matched_axis1_axis2
INDEX__N1_C_DIGITS__f_mapper__sigma_0.05__rep17,,3db15bb20b06a1581b3e9788ab95e9438c9a257b8fe1950801f91e8a6aa5069d,AXIS1__N1_C_DIGITS__f_mapper__sigma_0.05__rep17,AXIS2__N1_C_DIGITS__f_mapper__sigma_0.05__rep17,digits_1797x64_scaled16,f_mapper,0.05,17,23a53393488b04f92efc45ebc92767e2dcfdf206ba37a928f497d261e42267d2,14f0b10b9871386beba2d93fd6e00abcb24c9a13679739c6451574bfa47912d7,prospective_matched_axis1_axis2
INDEX__N1_C_DIGITS__conventional__sigma_0.05__rep18,,1ecb68298266625c0637d83e2f7c08d69eb22843f22dd7264c8a689a6f8becd3,AXIS1__N1_C_DIGITS__conventional__sigma_0.05__rep18,AXIS2__N1_C_DIGITS__conventional__sigma_0.05__rep18,digits_1797x64_scaled16,conventional,0.05,18,23a53393488b04f92efc45ebc92767e2dcfdf206ba37a928f497d261e42267d2,4b1b9ccd8755091e4b653debee284ef0db525277d3bd181e9414a91122bb5c35,prospective_matched_axis1_axis2
INDEX__N1_C_DIGITS__f_mapper__sigma_0.05__rep18,,3a5e11814ee87d210d6ed1a006c56a18f38b63567377577289e9c8837f6c53dd,AXIS1__N1_C_DIGITS__f_mapper__sigma_0.05__rep18,AXIS2__N1_C_DIGITS__f_mapper__sigma_0.05__rep18,digits_1797x64_scaled16,f_mapper,0.05,18,23a53393488b04f92efc45ebc92767e2dcfdf206ba37a928f497d261e42267d2,4b1b9ccd8755091e4b653debee284ef0db525277d3bd181e9414a91122bb5c35,prospective_matched_axis1_axis2
INDEX__N1_C_DIGITS__conventional__sigma_0.05__rep19,,78be0ab5905b7a0fb2397fd68ba134ae916b81c05e569fa108fb9b01eb5c4cf3,AXIS1__N1_C_DIGITS__conventional__sigma_0.05__rep19,AXIS2__N1_C_DIGITS__conventional__sigma_0.05__rep19,digits_1797x64_scaled16,conventional,0.05,19,23a53393488b04f92efc45ebc92767e2dcfdf206ba37a928f497d261e42267d2,9e71af9226774dd7d08cb3e55def4de0d11e54a548e7bc72ef755e8193bf7eeb,prospective_matched_axis1_axis2
INDEX__N1_C_DIGITS__f_mapper__sigma_0.05__rep19,,ae577f16dfdd2fcea50b3fb43d5baee1635470370f23ef14f2fa35a2765abdc1,AXIS1__N1_C_DIGITS__f_mapper__sigma_0.05__rep19,AXIS2__N1_C_DIGITS__f_mapper__sigma_0.05__rep19,digits_1797x64_scaled16,f_mapper,0.05,19,23a53393488b04f92efc45ebc92767e2dcfdf206ba37a928f497d261e42267d2,9e71af9226774dd7d08cb3e55def4de0d11e54a548e7bc72ef755e8193bf7eeb,prospective_matched_axis1_axis2
INDEX__N1_C_DIGITS__conventional__sigma_0.05__rep20,,d13a2bc17b1c42eb2537148f3c928c922a912bbb92f6b46f03a38d4bd00dba95,AXIS1__N1_C_DIGITS__conventional__sigma_0.05__rep20,AXIS2__N1_C_DIGITS__conventional__sigma_0.05__rep20,digits_1797x64_scaled16,conventional,0.05,20,23a53393488b04f92efc45ebc92767e2dcfdf206ba37a928f497d261e42267d2,90add5426702d899a79d78a3b795583b59ff7aac54a23a4bc288b22c245d7b42,prospective_matched_axis1_axis2
INDEX__N1_C_DIGITS__f_mapper__sigma_0.05__rep20,,41eda5fbbff5cba3f8c9b9bbef692110001122d7779e1bbcb324193409fe9515,AXIS1__N1_C_DIGITS__f_mapper__sigma_0.05__rep20,AXIS2__N1_C_DIGITS__f_mapper__sigma_0.05__rep20,digits_1797x64_scaled16,f_mapper,0.05,20,23a53393488b04f92efc45ebc92767e2dcfdf206ba37a928f497d261e42267d2,90add5426702d899a79d78a3b795583b59ff7aac54a23a4bc288b22c245d7b42,prospective_matched_axis1_axis2
INDEX__N1_C_DIGITS__conventional__sigma_0.05__rep21,,99179e62da0014bd9a259c57a51e0646b1285966d55def194ca63c691b454184,AXIS1__N1_C_DIGITS__conventional__sigma_0.05__rep21,AXIS2__N1_C_DIGITS__conventional__sigma_0.05__rep21,digits_1797x64_scaled16,conventional,0.05,21,23a53393488b04f92efc45ebc92767e2dcfdf206ba37a928f497d261e42267d2,ded122e47cb192a4d6a4dc603dc28ca492e98d5df71707579927aead12570090,prospective_matched_axis1_axis2
INDEX__N1_C_DIGITS__f_mapper__sigma_0.05__rep21,,97322a971a645fdb18e78c73a23a142617f5b8ee4eb7714a80f978299e75a18d,AXIS1__N1_C_DIGITS__f_mapper__sigma_0.05__rep21,AXIS2__N1_C_DIGITS__f_mapper__sigma_0.05__rep21,digits_1797x64_scaled16,f_mapper,0.05,21,23a53393488b04f92efc45ebc92767e2dcfdf206ba37a928f497d261e42267d2,ded122e47cb192a4d6a4dc603dc28ca492e98d5df71707579927aead12570090,prospective_matched_axis1_axis2
INDEX__N1_C_DIGITS__conventional__sigma_0.05__rep22,,b435130a53f9fae99a41efc4b23578e1b7a3532786eefaf56d99ea33942c0070,AXIS1__N1_C_DIGITS__conventional__sigma_0.05__rep22,AXIS2__N1_C_DIGITS__conventional__sigma_0.05__rep22,digits_1797x64_scaled16,conventional,0.05,22,23a53393488b04f92efc45ebc92767e2dcfdf206ba37a928f497d261e42267d2,25b15bd8c8e1b5d763e5e23a59bd564bac3f5076a039d8ee1587bf5a7e18d091,prospective_matched_axis1_axis2
INDEX__N1_C_DIGITS__f_mapper__sigma_0.05__rep22,,9f4d44b5ff787e0e011d0368d59e3a464977a2cc180641183cbb033bbbcf7b4b,AXIS1__N1_C_DIGITS__f_mapper__sigma_0.05__rep22,AXIS2__N1_C_DIGITS__f_mapper__sigma_0.05__rep22,digits_1797x64_scaled16,f_mapper,0.05,22,23a53393488b04f92efc45ebc92767e2dcfdf206ba37a928f497d261e42267d2,25b15bd8c8e1b5d763e5e23a59bd564bac3f5076a039d8ee1587bf5a7e18d091,prospective_matched_axis1_axis2
INDEX__N1_C_DIGITS__conventional__sigma_0.05__rep23,,e6500e79aed3c09de5f4c4bf2505cab8dd8e9b0603f119f791197fcab00a72fe,AXIS1__N1_C_DIGITS__conventional__sigma_0.05__rep23,AXIS2__N1_C_DIGITS__conventional__sigma_0.05__rep23,digits_1797x64_scaled16,conventional,0.05,23,23a53393488b04f92efc45ebc92767e2dcfdf206ba37a928f497d261e42267d2,560b3ce7fecbfce0da690aefa4011c14adf8938bf76bdb760c92e730f6fbdaa8,prospective_matched_axis1_axis2
INDEX__N1_C_DIGITS__f_mapper__sigma_0.05__rep23,,ccd215f3ee5fb79ec174684d8ca6e87a93fdf0766590a52f6e7786c007afc4b8,AXIS1__N1_C_DIGITS__f_mapper__sigma_0.05__rep23,AXIS2__N1_C_DIGITS__f_mapper__sigma_0.05__rep23,digits_1797x64_scaled16,f_mapper,0.05,23,23a53393488b04f92efc45ebc92767e2dcfdf206ba37a928f497d261e42267d2,560b3ce7fecbfce0da690aefa4011c14adf8938bf76bdb760c92e730f6fbdaa8,prospective_matched_axis1_axis2
INDEX__N1_C_DIGITS__conventional__sigma_0.05__rep24,,e285dd79dad52b186b506216847b258278f584598b803e86663a29baee28c5c4,AXIS1__N1_C_DIGITS__conventional__sigma_0.05__rep24,AXIS2__N1_C_DIGITS__conventional__sigma_0.05__rep24,digits_1797x64_scaled16,conventional,0.05,24,23a53393488b04f92efc45ebc92767e2dcfdf206ba37a928f497d261e42267d2,f9338905e8546edeaaf9e3fafb8ea3229e4bd2f58bd15dfca7ec02adae1dfbb7,prospective_matched_axis1_axis2
INDEX__N1_C_DIGITS__f_mapper__sigma_0.05__rep24,,4381953b8ba6d7bb6f64f1b0843d2b5cf97c91a4fa44bd62675a7fd25fba8ef6,AXIS1__N1_C_DIGITS__f_mapper__sigma_0.05__rep24,AXIS2__N1_C_DIGITS__f_mapper__sigma_0.05__rep24,digits_1797x64_scaled16,f_mapper,0.05,24,23a53393488b04f92efc45ebc92767e2dcfdf206ba37a928f497d261e42267d2,f9338905e8546edeaaf9e3fafb8ea3229e4bd2f58bd15dfca7ec02adae1dfbb7,prospective_matched_axis1_axis2
INDEX__N1_C_DIGITS__conventional__sigma_0.05__rep25,,a0491cc1d59cc636157635a7be780061890341aad6744b23259ddfac8cfb78cd,AXIS1__N1_C_DIGITS__conventional__sigma_0.05__rep25,AXIS2__N1_C_DIGITS__conventional__sigma_0.05__rep25,digits_1797x64_scaled16,conventional,0.05,25,23a53393488b04f92efc45ebc92767e2dcfdf206ba37a928f497d261e42267d2,81bfde275f978c3d4a2241b1d9f0d38b9d4c852537a26ca646742c47ca5bbaa7,prospective_matched_axis1_axis2
INDEX__N1_C_DIGITS__f_mapper__sigma_0.05__rep25,,e2a53f5d7e78a4b356dc7b8ca444207aa8fc01c08b51e2da3ed8b29d2e898019,AXIS1__N1_C_DIGITS__f_mapper__sigma_0.05__rep25,AXIS2__N1_C_DIGITS__f_mapper__sigma_0.05__rep25,digits_1797x64_scaled16,f_mapper,0.05,25,23a53393488b04f92efc45ebc92767e2dcfdf206ba37a928f497d261e42267d2,81bfde275f978c3d4a2241b1d9f0d38b9d4c852537a26ca646742c47ca5bbaa7,prospective_matched_axis1_axis2
INDEX__N1_C_DIGITS__conventional__sigma_0.05__rep26,,11b0220b41a11535c3cab8fd364b044c9694bd8296632fb0e7df636780fa8b9f,AXIS1__N1_C_DIGITS__conventional__sigma_0.05__rep26,AXIS2__N1_C_DIGITS__conventional__sigma_0.05__rep26,digits_1797x64_scaled16,conventional,0.05,26,23a53393488b04f92efc45ebc92767e2dcfdf206ba37a928f497d261e42267d2,286bd717553a2062b2991bcc89401843095c3474267925072a7c64390f547345,prospective_matched_axis1_axis2
INDEX__N1_C_DIGITS__f_mapper__sigma_0.05__rep26,,3c2148f035f373697a06751076a52ea9b1183a9d79f76fb9e53580f34aaba6eb,AXIS1__N1_C_DIGITS__f_mapper__sigma_0.05__rep26,AXIS2__N1_C_DIGITS__f_mapper__sigma_0.05__rep26,digits_1797x64_scaled16,f_mapper,0.05,26,23a53393488b04f92efc45ebc92767e2dcfdf206ba37a928f497d261e42267d2,286bd717553a2062b2991bcc89401843095c3474267925072a7c64390f547345,prospective_matched_axis1_axis2
INDEX__N1_C_DIGITS__conventional__sigma_0.05__rep27,,c63475be7a2dae6839a28c2042ea9253b55632b5288f7eebca6b3b64186a36a7,AXIS1__N1_C_DIGITS__conventional__sigma_0.05__rep27,AXIS2__N1_C_DIGITS__conventional__sigma_0.05__rep27,digits_1797x64_scaled16,conventional,0.05,27,23a53393488b04f92efc45ebc92767e2dcfdf206ba37a928f497d261e42267d2,dae3a338dac1f84cdf00d3607e5b6af0b8994355f8d1c3d1bdb81bee8edd7107,prospective_matched_axis1_axis2
INDEX__N1_C_DIGITS__f_mapper__sigma_0.05__rep27,,e80634babbeb9d89ef6411f9b5ee7c30bb2672c4b3cc7783580d98ac908ccff3,AXIS1__N1_C_DIGITS__f_mapper__sigma_0.05__rep27,AXIS2__N1_C_DIGITS__f_mapper__sigma_0.05__rep27,digits_1797x64_scaled16,f_mapper,0.05,27,23a53393488b04f92efc45ebc92767e2dcfdf206ba37a928f497d261e42267d2,dae3a338dac1f84cdf00d3607e5b6af0b8994355f8d1c3d1bdb81bee8edd7107,prospective_matched_axis1_axis2
INDEX__N1_C_DIGITS__conventional__sigma_0.05__rep28,,e7c9e7be3c9ac47c277f9ceb4c618444ba725bccb6a0cb6765dccf22d805e585,AXIS1__N1_C_DIGITS__conventional__sigma_0.05__rep28,AXIS2__N1_C_DIGITS__conventional__sigma_0.05__rep28,digits_1797x64_scaled16,conventional,0.05,28,23a53393488b04f92efc45ebc92767e2dcfdf206ba37a928f497d261e42267d2,2c6de8b7533a4695865603af348fccb2e9945d1c1d70660f04c7a6905f2ecf7a,prospective_matched_axis1_axis2
INDEX__N1_C_DIGITS__f_mapper__sigma_0.05__rep28,,242073a62c469611faaaba71c040e178ab91ca6af0108b3dc1085645ad1350af,AXIS1__N1_C_DIGITS__f_mapper__sigma_0.05__rep28,AXIS2__N1_C_DIGITS__f_mapper__sigma_0.05__rep28,digits_1797x64_scaled16,f_mapper,0.05,28,23a53393488b04f92efc45ebc92767e2dcfdf206ba37a928f497d261e42267d2,2c6de8b7533a4695865603af348fccb2e9945d1c1d70660f04c7a6905f2ecf7a,prospective_matched_axis1_axis2
INDEX__N1_C_DIGITS__conventional__sigma_0.05__rep29,,8796f8989848077fd50784128ad1cbe3de19cc27eee342cc7f7ba7ac4ece62ae,AXIS1__N1_C_DIGITS__conventional__sigma_0.05__rep29,AXIS2__N1_C_DIGITS__conventional__sigma_0.05__rep29,digits_1797x64_scaled16,conventional,0.05,29,23a53393488b04f92efc45ebc92767e2dcfdf206ba37a928f497d261e42267d2,6d7c316faf6eedabb985f3aeef0b854e73ab8d919158e29fedc808295c1ed14b,prospective_matched_axis1_axis2
INDEX__N1_C_DIGITS__f_mapper__sigma_0.05__rep29,,6349030c961cd9b9af009c6068bb338c963fe0422abfa850fd596d664c78e9fb,AXIS1__N1_C_DIGITS__f_mapper__sigma_0.05__rep29,AXIS2__N1_C_DIGITS__f_mapper__sigma_0.05__rep29,digits_1797x64_scaled16,f_mapper,0.05,29,23a53393488b04f92efc45ebc92767e2dcfdf206ba37a928f497d261e42267d2,6d7c316faf6eedabb985f3aeef0b854e73ab8d919158e29fedc808295c1ed14b,prospective_matched_axis1_axis2
INDEX__N1_C_DIGITS__conventional__sigma_0.05__rep30,,2829a2ea34af62955ac6c87b3f50eeffc7c46f11bbdc19d9297134dba1e3b649,AXIS1__N1_C_DIGITS__conventional__sigma_0.05__rep30,AXIS2__N1_C_DIGITS__conventional__sigma_0.05__rep30,digits_1797x64_scaled16,conventional,0.05,30,23a53393488b04f92efc45ebc92767e2dcfdf206ba37a928f497d261e42267d2,a67c8a5681f8cd4c554a2d679da0c36203ee67a9b22b498a479855f06acd59cb,prospective_matched_axis1_axis2
INDEX__N1_C_DIGITS__f_mapper__sigma_0.05__rep30,,22c90249a5ef4596f10401e5bb2efe780275f8aaee37f9bf107855ea29893271,AXIS1__N1_C_DIGITS__f_mapper__sigma_0.05__rep30,AXIS2__N1_C_DIGITS__f_mapper__sigma_0.05__rep30,digits_1797x64_scaled16,f_mapper,0.05,30,23a53393488b04f92efc45ebc92767e2dcfdf206ba37a928f497d261e42267d2,a67c8a5681f8cd4c554a2d679da0c36203ee67a9b22b498a479855f06acd59cb,prospective_matched_axis1_axis2
INDEX__N1_C_DIGITS__conventional__sigma_0.08__rep01,,b5b5112c9eb5ccca7d512763977c41c3a824b15987002fc54c3a7c45565075a1,AXIS1__N1_C_DIGITS__conventional__sigma_0.08__rep01,AXIS2__N1_C_DIGITS__conventional__sigma_0.08__rep01,digits_1797x64_scaled16,conventional,0.08,1,23a53393488b04f92efc45ebc92767e2dcfdf206ba37a928f497d261e42267d2,52739b6a35a2b23e7bc6dd1e404f8c34c3d0ea2d8f7a7dc022cca245ec7f1e70,prospective_matched_axis1_axis2
INDEX__N1_C_DIGITS__f_mapper__sigma_0.08__rep01,,5722ad28dc4060b1a7f09a1cc8f8fec3b0c0d4b5aaa03beba7438e5f0f96b85b,AXIS1__N1_C_DIGITS__f_mapper__sigma_0.08__rep01,AXIS2__N1_C_DIGITS__f_mapper__sigma_0.08__rep01,digits_1797x64_scaled16,f_mapper,0.08,1,23a53393488b04f92efc45ebc92767e2dcfdf206ba37a928f497d261e42267d2,52739b6a35a2b23e7bc6dd1e404f8c34c3d0ea2d8f7a7dc022cca245ec7f1e70,prospective_matched_axis1_axis2
INDEX__N1_C_DIGITS__conventional__sigma_0.08__rep02,,47f9ef130618cf027293d41cc61aa5a4f401fc2c3b45113c6342e4d08eedacb8,AXIS1__N1_C_DIGITS__conventional__sigma_0.08__rep02,AXIS2__N1_C_DIGITS__conventional__sigma_0.08__rep02,digits_1797x64_scaled16,conventional,0.08,2,23a53393488b04f92efc45ebc92767e2dcfdf206ba37a928f497d261e42267d2,2bbcb5f4db9ae3e5ca6c9ed849a6577d0837729f4a09ae8d74eedf2358ec78cc,prospective_matched_axis1_axis2
INDEX__N1_C_DIGITS__f_mapper__sigma_0.08__rep02,,69c5849c911bc876c6977a6885fc46055f227c47f29fad386d82d67560d9b566,AXIS1__N1_C_DIGITS__f_mapper__sigma_0.08__rep02,AXIS2__N1_C_DIGITS__f_mapper__sigma_0.08__rep02,digits_1797x64_scaled16,f_mapper,0.08,2,23a53393488b04f92efc45ebc92767e2dcfdf206ba37a928f497d261e42267d2,2bbcb5f4db9ae3e5ca6c9ed849a6577d0837729f4a09ae8d74eedf2358ec78cc,prospective_matched_axis1_axis2
INDEX__N1_C_DIGITS__conventional__sigma_0.08__rep03,,b6123b513aa3c6fb770bb517e874dbce554238c0a4623aa3518c0000acf1e341,AXIS1__N1_C_DIGITS__conventional__sigma_0.08__rep03,AXIS2__N1_C_DIGITS__conventional__sigma_0.08__rep03,digits_1797x64_scaled16,conventional,0.08,3,23a53393488b04f92efc45ebc92767e2dcfdf206ba37a928f497d261e42267d2,0790315d777a432c2267a66e0ef7ceefe0036917e1fc3004db111823edd4fc25,prospective_matched_axis1_axis2
INDEX__N1_C_DIGITS__f_mapper__sigma_0.08__rep03,,85449e72004c0a4c7b8aac0e2afda6de3fd0a17bc90027fc0e1b4e4f1d6d5055,AXIS1__N1_C_DIGITS__f_mapper__sigma_0.08__rep03,AXIS2__N1_C_DIGITS__f_mapper__sigma_0.08__rep03,digits_1797x64_scaled16,f_mapper,0.08,3,23a53393488b04f92efc45ebc92767e2dcfdf206ba37a928f497d261e42267d2,0790315d777a432c2267a66e0ef7ceefe0036917e1fc3004db111823edd4fc25,prospective_matched_axis1_axis2
INDEX__N1_C_DIGITS__conventional__sigma_0.08__rep04,,2c547a9f2f10af2651ee84731b4f9edaa5606b5ededde35511fdb9e626c72bd6,AXIS1__N1_C_DIGITS__conventional__sigma_0.08__rep04,AXIS2__N1_C_DIGITS__conventional__sigma_0.08__rep04,digits_1797x64_scaled16,conventional,0.08,4,23a53393488b04f92efc45ebc92767e2dcfdf206ba37a928f497d261e42267d2,e1282d34b09f10248f6d0db0139610e098434e099e5a15de2ecdf9f71774df99,prospective_matched_axis1_axis2
INDEX__N1_C_DIGITS__f_mapper__sigma_0.08__rep04,,fc97c55d357a09c72ceaacde7e45a7ab1b954249aa2411652dab015dcfddbfbe,AXIS1__N1_C_DIGITS__f_mapper__sigma_0.08__rep04,AXIS2__N1_C_DIGITS__f_mapper__sigma_0.08__rep04,digits_1797x64_scaled16,f_mapper,0.08,4,23a53393488b04f92efc45ebc92767e2dcfdf206ba37a928f497d261e42267d2,e1282d34b09f10248f6d0db0139610e098434e099e5a15de2ecdf9f71774df99,prospective_matched_axis1_axis2
INDEX__N1_C_DIGITS__conventional__sigma_0.08__rep05,,e404bff92d871d4adc8c326e4a090b689d50ce74bd903a1ba9c0b819348a55e1,AXIS1__N1_C_DIGITS__conventional__sigma_0.08__rep05,AXIS2__N1_C_DIGITS__conventional__sigma_0.08__rep05,digits_1797x64_scaled16,conventional,0.08,5,23a53393488b04f92efc45ebc92767e2dcfdf206ba37a928f497d261e42267d2,653aba14379728de02962d2029ae957551eb8e453d4344c4219da6645462acaa,prospective_matched_axis1_axis2
INDEX__N1_C_DIGITS__f_mapper__sigma_0.08__rep05,,e8c4f82a14b7b4bd6547998454c45a039cab66519511312ac8040e0741765be6,AXIS1__N1_C_DIGITS__f_mapper__sigma_0.08__rep05,AXIS2__N1_C_DIGITS__f_mapper__sigma_0.08__rep05,digits_1797x64_scaled16,f_mapper,0.08,5,23a53393488b04f92efc45ebc92767e2dcfdf206ba37a928f497d261e42267d2,653aba14379728de02962d2029ae957551eb8e453d4344c4219da6645462acaa,prospective_matched_axis1_axis2
INDEX__N1_C_DIGITS__conventional__sigma_0.08__rep06,,38021ad056c06cd2ebe868d246037ee0b4f93ce95f57a5d2847eb5107a5a74ab,AXIS1__N1_C_DIGITS__conventional__sigma_0.08__rep06,AXIS2__N1_C_DIGITS__conventional__sigma_0.08__rep06,digits_1797x64_scaled16,conventional,0.08,6,23a53393488b04f92efc45ebc92767e2dcfdf206ba37a928f497d261e42267d2,2a1da9240805d3c343ccc1aa58e3d5e58c146d190411d13ee7836f894c209f14,prospective_matched_axis1_axis2
INDEX__N1_C_DIGITS__f_mapper__sigma_0.08__rep06,,976f587981241cc89a0c6c3ea2b8ce805b5811b1798281d961edc9e791f8d0b7,AXIS1__N1_C_DIGITS__f_mapper__sigma_0.08__rep06,AXIS2__N1_C_DIGITS__f_mapper__sigma_0.08__rep06,digits_1797x64_scaled16,f_mapper,0.08,6,23a53393488b04f92efc45ebc92767e2dcfdf206ba37a928f497d261e42267d2,2a1da9240805d3c343ccc1aa58e3d5e58c146d190411d13ee7836f894c209f14,prospective_matched_axis1_axis2
INDEX__N1_C_DIGITS__conventional__sigma_0.08__rep07,,ae2cd11b703e5232bc043f8d9bc4b4d7783a81bda22489307ba8344bbc7e7342,AXIS1__N1_C_DIGITS__conventional__sigma_0.08__rep07,AXIS2__N1_C_DIGITS__conventional__sigma_0.08__rep07,digits_1797x64_scaled16,conventional,0.08,7,23a53393488b04f92efc45ebc92767e2dcfdf206ba37a928f497d261e42267d2,91b1bb92da80277d442cd8c4e675217aa2cf5c6f3c25f227605bdf572cdf142e,prospective_matched_axis1_axis2
INDEX__N1_C_DIGITS__f_mapper__sigma_0.08__rep07,,1a09f5b0f5bb2a473802caf1ea45fc3b7c730d06864daf620250a54d23c57d93,AXIS1__N1_C_DIGITS__f_mapper__sigma_0.08__rep07,AXIS2__N1_C_DIGITS__f_mapper__sigma_0.08__rep07,digits_1797x64_scaled16,f_mapper,0.08,7,23a53393488b04f92efc45ebc92767e2dcfdf206ba37a928f497d261e42267d2,91b1bb92da80277d442cd8c4e675217aa2cf5c6f3c25f227605bdf572cdf142e,prospective_matched_axis1_axis2
INDEX__N1_C_DIGITS__conventional__sigma_0.08__rep08,,068b20cd2a21539f3d59c2e4451178d10b364a6f0699685172d2f82fd529547a,AXIS1__N1_C_DIGITS__conventional__sigma_0.08__rep08,AXIS2__N1_C_DIGITS__conventional__sigma_0.08__rep08,digits_1797x64_scaled16,conventional,0.08,8,23a53393488b04f92efc45ebc92767e2dcfdf206ba37a928f497d261e42267d2,36c6a83ca2fa2a3bbc51b2e29f36871adb217550b454b971fa8980b5057dccef,prospective_matched_axis1_axis2
INDEX__N1_C_DIGITS__f_mapper__sigma_0.08__rep08,,931aae12120dceaf5bdda63c590c9602a965d82d9c6a07eee762daf9fad3b793,AXIS1__N1_C_DIGITS__f_mapper__sigma_0.08__rep08,AXIS2__N1_C_DIGITS__f_mapper__sigma_0.08__rep08,digits_1797x64_scaled16,f_mapper,0.08,8,23a53393488b04f92efc45ebc92767e2dcfdf206ba37a928f497d261e42267d2,36c6a83ca2fa2a3bbc51b2e29f36871adb217550b454b971fa8980b5057dccef,prospective_matched_axis1_axis2
INDEX__N1_C_DIGITS__conventional__sigma_0.08__rep09,,b9fd29b0e1a2fd9f8fbde0a08afe0bd87cc602cfe21dd62719c87a2b2c7b860e,AXIS1__N1_C_DIGITS__conventional__sigma_0.08__rep09,AXIS2__N1_C_DIGITS__conventional__sigma_0.08__rep09,digits_1797x64_scaled16,conventional,0.08,9,23a53393488b04f92efc45ebc92767e2dcfdf206ba37a928f497d261e42267d2,18016d467546142a6b90e0902653f83ddea7f7b4f54468a755bcdea2ee8640f8,prospective_matched_axis1_axis2
INDEX__N1_C_DIGITS__f_mapper__sigma_0.08__rep09,,cc8deaf5b30f76853279dd04e19ad994c6017396a70fa318aef771ca6949944c,AXIS1__N1_C_DIGITS__f_mapper__sigma_0.08__rep09,AXIS2__N1_C_DIGITS__f_mapper__sigma_0.08__rep09,digits_1797x64_scaled16,f_mapper,0.08,9,23a53393488b04f92efc45ebc92767e2dcfdf206ba37a928f497d261e42267d2,18016d467546142a6b90e0902653f83ddea7f7b4f54468a755bcdea2ee8640f8,prospective_matched_axis1_axis2
INDEX__N1_C_DIGITS__conventional__sigma_0.08__rep10,,0589b73095ddaacdb265ade5a58e309f132ba81f6fb8e70b851ad9942a38ebca,AXIS1__N1_C_DIGITS__conventional__sigma_0.08__rep10,AXIS2__N1_C_DIGITS__conventional__sigma_0.08__rep10,digits_1797x64_scaled16,conventional,0.08,10,23a53393488b04f92efc45ebc92767e2dcfdf206ba37a928f497d261e42267d2,2f67122c476cda09902b7de1dab84db46ab24f4dee0250e0c1e7c3112e7b79cd,prospective_matched_axis1_axis2
INDEX__N1_C_DIGITS__f_mapper__sigma_0.08__rep10,,68f8f97b7afc6242d4c8b8dd2723d61fa2b1d6e2fc9ea2b501e257773a89bcdb,AXIS1__N1_C_DIGITS__f_mapper__sigma_0.08__rep10,AXIS2__N1_C_DIGITS__f_mapper__sigma_0.08__rep10,digits_1797x64_scaled16,f_mapper,0.08,10,23a53393488b04f92efc45ebc92767e2dcfdf206ba37a928f497d261e42267d2,2f67122c476cda09902b7de1dab84db46ab24f4dee0250e0c1e7c3112e7b79cd,prospective_matched_axis1_axis2
INDEX__N1_C_DIGITS__conventional__sigma_0.08__rep11,,c75f4a3d25dfca176846f37f89cf5b7850be5c179de42f34c86664c1e9a89ad1,AXIS1__N1_C_DIGITS__conventional__sigma_0.08__rep11,AXIS2__N1_C_DIGITS__conventional__sigma_0.08__rep11,digits_1797x64_scaled16,conventional,0.08,11,23a53393488b04f92efc45ebc92767e2dcfdf206ba37a928f497d261e42267d2,b02271d778345306ce3a269a9613940b3563937aefc7931cdbc2b2f1dd69f459,prospective_matched_axis1_axis2
INDEX__N1_C_DIGITS__f_mapper__sigma_0.08__rep11,,3280cf5443f33d334811297187321a71788675d70c99adad00ff32c52dee1cd6,AXIS1__N1_C_DIGITS__f_mapper__sigma_0.08__rep11,AXIS2__N1_C_DIGITS__f_mapper__sigma_0.08__rep11,digits_1797x64_scaled16,f_mapper,0.08,11,23a53393488b04f92efc45ebc92767e2dcfdf206ba37a928f497d261e42267d2,b02271d778345306ce3a269a9613940b3563937aefc7931cdbc2b2f1dd69f459,prospective_matched_axis1_axis2
INDEX__N1_C_DIGITS__conventional__sigma_0.08__rep12,,83ab5ef1ba74b3cecad040f0da23d9413880906c88ebb406dfe9a7f253694328,AXIS1__N1_C_DIGITS__conventional__sigma_0.08__rep12,AXIS2__N1_C_DIGITS__conventional__sigma_0.08__rep12,digits_1797x64_scaled16,conventional,0.08,12,23a53393488b04f92efc45ebc92767e2dcfdf206ba37a928f497d261e42267d2,0e91d9c3d705613c8f192bfce1727419da0438828b69af1b74ec69a6bdd5748a,prospective_matched_axis1_axis2
INDEX__N1_C_DIGITS__f_mapper__sigma_0.08__rep12,,71811aec2d5925da6611ed277b6d80b49e760ec76bea77f5f6b9cc15cab734a2,AXIS1__N1_C_DIGITS__f_mapper__sigma_0.08__rep12,AXIS2__N1_C_DIGITS__f_mapper__sigma_0.08__rep12,digits_1797x64_scaled16,f_mapper,0.08,12,23a53393488b04f92efc45ebc92767e2dcfdf206ba37a928f497d261e42267d2,0e91d9c3d705613c8f192bfce1727419da0438828b69af1b74ec69a6bdd5748a,prospective_matched_axis1_axis2
INDEX__N1_C_DIGITS__conventional__sigma_0.08__rep13,,f4250b8391c0dc21adf44008649d33148ba28b4321cd1777956f164ee04ff909,AXIS1__N1_C_DIGITS__conventional__sigma_0.08__rep13,AXIS2__N1_C_DIGITS__conventional__sigma_0.08__rep13,digits_1797x64_scaled16,conventional,0.08,13,23a53393488b04f92efc45ebc92767e2dcfdf206ba37a928f497d261e42267d2,5c78ffc917cfee447e113dff0da3d2122f7dde78ecf3584f83ca4f0868f424c7,prospective_matched_axis1_axis2
INDEX__N1_C_DIGITS__f_mapper__sigma_0.08__rep13,,6df448a3f8957fa4ae778fb1ae37d09dcb84cecf407988b38f0149fb7a96deed,AXIS1__N1_C_DIGITS__f_mapper__sigma_0.08__rep13,AXIS2__N1_C_DIGITS__f_mapper__sigma_0.08__rep13,digits_1797x64_scaled16,f_mapper,0.08,13,23a53393488b04f92efc45ebc92767e2dcfdf206ba37a928f497d261e42267d2,5c78ffc917cfee447e113dff0da3d2122f7dde78ecf3584f83ca4f0868f424c7,prospective_matched_axis1_axis2
INDEX__N1_C_DIGITS__conventional__sigma_0.08__rep14,,fb15618e685d578826409c9ebc68d70629d6b8101f059f0fe35a4532d9777792,AXIS1__N1_C_DIGITS__conventional__sigma_0.08__rep14,AXIS2__N1_C_DIGITS__conventional__sigma_0.08__rep14,digits_1797x64_scaled16,conventional,0.08,14,23a53393488b04f92efc45ebc92767e2dcfdf206ba37a928f497d261e42267d2,51a9f0f0bb4241f5092d8c64e0c5052ee34eb09a029bd12e107b0d53c823fa80,prospective_matched_axis1_axis2
INDEX__N1_C_DIGITS__f_mapper__sigma_0.08__rep14,,472e65da4a34f10246096e8036664b154ff54b08a8ad779321f4295f7334c662,AXIS1__N1_C_DIGITS__f_mapper__sigma_0.08__rep14,AXIS2__N1_C_DIGITS__f_mapper__sigma_0.08__rep14,digits_1797x64_scaled16,f_mapper,0.08,14,23a53393488b04f92efc45ebc92767e2dcfdf206ba37a928f497d261e42267d2,51a9f0f0bb4241f5092d8c64e0c5052ee34eb09a029bd12e107b0d53c823fa80,prospective_matched_axis1_axis2
INDEX__N1_C_DIGITS__conventional__sigma_0.08__rep15,,9e71fbfef315ce5c2e5faa97ad4efed56c9adf3aa11d289ef969818d197b533f,AXIS1__N1_C_DIGITS__conventional__sigma_0.08__rep15,AXIS2__N1_C_DIGITS__conventional__sigma_0.08__rep15,digits_1797x64_scaled16,conventional,0.08,15,23a53393488b04f92efc45ebc92767e2dcfdf206ba37a928f497d261e42267d2,5a7bc663b61a5bbea6c30e155d272afa55093dc68cc054e8f723cf01472b78fb,prospective_matched_axis1_axis2
INDEX__N1_C_DIGITS__f_mapper__sigma_0.08__rep15,,5f124481aaa5fabd900d5214bc1ab26b9bbba5caa6aaf67338da152b0292f223,AXIS1__N1_C_DIGITS__f_mapper__sigma_0.08__rep15,AXIS2__N1_C_DIGITS__f_mapper__sigma_0.08__rep15,digits_1797x64_scaled16,f_mapper,0.08,15,23a53393488b04f92efc45ebc92767e2dcfdf206ba37a928f497d261e42267d2,5a7bc663b61a5bbea6c30e155d272afa55093dc68cc054e8f723cf01472b78fb,prospective_matched_axis1_axis2
INDEX__N1_C_DIGITS__conventional__sigma_0.08__rep16,,a9c34b4952dc64cd0ea246f91598d5d4d8472291086943831f46483efe6e934a,AXIS1__N1_C_DIGITS__conventional__sigma_0.08__rep16,AXIS2__N1_C_DIGITS__conventional__sigma_0.08__rep16,digits_1797x64_scaled16,conventional,0.08,16,23a53393488b04f92efc45ebc92767e2dcfdf206ba37a928f497d261e42267d2,596c6c4386ef456f7153a4f278a913b9c81b960da3351916f856dd18388d3112,prospective_matched_axis1_axis2
INDEX__N1_C_DIGITS__f_mapper__sigma_0.08__rep16,,1b5a00943219fbed165ec52a9cb4fe2e7c586bcbfcff70477579fc1bfbd64fde,AXIS1__N1_C_DIGITS__f_mapper__sigma_0.08__rep16,AXIS2__N1_C_DIGITS__f_mapper__sigma_0.08__rep16,digits_1797x64_scaled16,f_mapper,0.08,16,23a53393488b04f92efc45ebc92767e2dcfdf206ba37a928f497d261e42267d2,596c6c4386ef456f7153a4f278a913b9c81b960da3351916f856dd18388d3112,prospective_matched_axis1_axis2
INDEX__N1_C_DIGITS__conventional__sigma_0.08__rep17,,1988cc8c0dd783c0cf10773c750a580935bd6aaf913fc1bd57e950e8ad9e7192,AXIS1__N1_C_DIGITS__conventional__sigma_0.08__rep17,AXIS2__N1_C_DIGITS__conventional__sigma_0.08__rep17,digits_1797x64_scaled16,conventional,0.08,17,23a53393488b04f92efc45ebc92767e2dcfdf206ba37a928f497d261e42267d2,7c863bc23506783fa0f56bc9496507c2ef8418dc997297992dd0088351dfd3d4,prospective_matched_axis1_axis2
INDEX__N1_C_DIGITS__f_mapper__sigma_0.08__rep17,,f208c1ada630b95009746fbff29f29908aeeb4e50e5587b9525bbc18caa1c935,AXIS1__N1_C_DIGITS__f_mapper__sigma_0.08__rep17,AXIS2__N1_C_DIGITS__f_mapper__sigma_0.08__rep17,digits_1797x64_scaled16,f_mapper,0.08,17,23a53393488b04f92efc45ebc92767e2dcfdf206ba37a928f497d261e42267d2,7c863bc23506783fa0f56bc9496507c2ef8418dc997297992dd0088351dfd3d4,prospective_matched_axis1_axis2
INDEX__N1_C_DIGITS__conventional__sigma_0.08__rep18,,2a46ca043e990f7913e2fa33de8b0f5f9b7ebb7f2f566cf1e9e2162b30b9caeb,AXIS1__N1_C_DIGITS__conventional__sigma_0.08__rep18,AXIS2__N1_C_DIGITS__conventional__sigma_0.08__rep18,digits_1797x64_scaled16,conventional,0.08,18,23a53393488b04f92efc45ebc92767e2dcfdf206ba37a928f497d261e42267d2,709b06d25d84d779e97c561a1ac14b6160eac41846be8c8f851347f9a95e8bc3,prospective_matched_axis1_axis2
INDEX__N1_C_DIGITS__f_mapper__sigma_0.08__rep18,,f053616cff1a1e9335149af7694e7d8cecc1a9be76b7a659ec1a78f589d1fd60,AXIS1__N1_C_DIGITS__f_mapper__sigma_0.08__rep18,AXIS2__N1_C_DIGITS__f_mapper__sigma_0.08__rep18,digits_1797x64_scaled16,f_mapper,0.08,18,23a53393488b04f92efc45ebc92767e2dcfdf206ba37a928f497d261e42267d2,709b06d25d84d779e97c561a1ac14b6160eac41846be8c8f851347f9a95e8bc3,prospective_matched_axis1_axis2
INDEX__N1_C_DIGITS__conventional__sigma_0.08__rep19,,33b153a723af6277c1220169eafa94b1a7bad8361b8c8ecc6026ab64a9ed38a4,AXIS1__N1_C_DIGITS__conventional__sigma_0.08__rep19,AXIS2__N1_C_DIGITS__conventional__sigma_0.08__rep19,digits_1797x64_scaled16,conventional,0.08,19,23a53393488b04f92efc45ebc92767e2dcfdf206ba37a928f497d261e42267d2,3bf3aec1c81308faf48d83676f5d0c99b52260ed888742cf8e1ce3411df13bdb,prospective_matched_axis1_axis2
INDEX__N1_C_DIGITS__f_mapper__sigma_0.08__rep19,,924bb00d8f782bb0b089ceeacc2c083651da6695f53470088e635a7f963d9813,AXIS1__N1_C_DIGITS__f_mapper__sigma_0.08__rep19,AXIS2__N1_C_DIGITS__f_mapper__sigma_0.08__rep19,digits_1797x64_scaled16,f_mapper,0.08,19,23a53393488b04f92efc45ebc92767e2dcfdf206ba37a928f497d261e42267d2,3bf3aec1c81308faf48d83676f5d0c99b52260ed888742cf8e1ce3411df13bdb,prospective_matched_axis1_axis2
INDEX__N1_C_DIGITS__conventional__sigma_0.08__rep20,,0cca1f4b9a2ea9b3694d6ff2caf9f280eae44cd5fad11acc3da1fd4440eaa8dd,AXIS1__N1_C_DIGITS__conventional__sigma_0.08__rep20,AXIS2__N1_C_DIGITS__conventional__sigma_0.08__rep20,digits_1797x64_scaled16,conventional,0.08,20,23a53393488b04f92efc45ebc92767e2dcfdf206ba37a928f497d261e42267d2,77ce85af8b3a4821752533eaa41a796af7e1ad7ec6ff8e92de659839666f7c02,prospective_matched_axis1_axis2
INDEX__N1_C_DIGITS__f_mapper__sigma_0.08__rep20,,593e05429ac7c33465cd0d6acf6c7c53c374c45ade156de2f914d9646e023ad9,AXIS1__N1_C_DIGITS__f_mapper__sigma_0.08__rep20,AXIS2__N1_C_DIGITS__f_mapper__sigma_0.08__rep20,digits_1797x64_scaled16,f_mapper,0.08,20,23a53393488b04f92efc45ebc92767e2dcfdf206ba37a928f497d261e42267d2,77ce85af8b3a4821752533eaa41a796af7e1ad7ec6ff8e92de659839666f7c02,prospective_matched_axis1_axis2
INDEX__N1_C_DIGITS__conventional__sigma_0.08__rep21,,58a8203d4966ea3b8ad8676bc3472606288a54cf0b77a4fb1a3c32a138f80312,AXIS1__N1_C_DIGITS__conventional__sigma_0.08__rep21,AXIS2__N1_C_DIGITS__conventional__sigma_0.08__rep21,digits_1797x64_scaled16,conventional,0.08,21,23a53393488b04f92efc45ebc92767e2dcfdf206ba37a928f497d261e42267d2,12de057d8e486db15f4c40d8a5173521b7602b3d1228d970c35d155d9f5f04f1,prospective_matched_axis1_axis2
INDEX__N1_C_DIGITS__f_mapper__sigma_0.08__rep21,,69b3af04b8ad48d6dc98d90be6accda3ddf4dc92f70b09938e85608d3f9f1feb,AXIS1__N1_C_DIGITS__f_mapper__sigma_0.08__rep21,AXIS2__N1_C_DIGITS__f_mapper__sigma_0.08__rep21,digits_1797x64_scaled16,f_mapper,0.08,21,23a53393488b04f92efc45ebc92767e2dcfdf206ba37a928f497d261e42267d2,12de057d8e486db15f4c40d8a5173521b7602b3d1228d970c35d155d9f5f04f1,prospective_matched_axis1_axis2
INDEX__N1_C_DIGITS__conventional__sigma_0.08__rep22,,2c12852fd4744ef0ab3fdd013833bd3eb0b5e7991241c76164b0dcda33990b59,AXIS1__N1_C_DIGITS__conventional__sigma_0.08__rep22,AXIS2__N1_C_DIGITS__conventional__sigma_0.08__rep22,digits_1797x64_scaled16,conventional,0.08,22,23a53393488b04f92efc45ebc92767e2dcfdf206ba37a928f497d261e42267d2,cb9c319477f26b466a9bd7a31aa49e4d0337ddb457bb55fe044d117228d034bb,prospective_matched_axis1_axis2
INDEX__N1_C_DIGITS__f_mapper__sigma_0.08__rep22,,61c98aa2fa59f782af130cf384041c98f60c5b9dec7d6191ddf3300feef4a5ad,AXIS1__N1_C_DIGITS__f_mapper__sigma_0.08__rep22,AXIS2__N1_C_DIGITS__f_mapper__sigma_0.08__rep22,digits_1797x64_scaled16,f_mapper,0.08,22,23a53393488b04f92efc45ebc92767e2dcfdf206ba37a928f497d261e42267d2,cb9c319477f26b466a9bd7a31aa49e4d0337ddb457bb55fe044d117228d034bb,prospective_matched_axis1_axis2
INDEX__N1_C_DIGITS__conventional__sigma_0.08__rep23,,3de19e0a584c1d56dbbef1ee3bbfe0dff13dd9f4a49b44e14d7a6fae4cacfaa5,AXIS1__N1_C_DIGITS__conventional__sigma_0.08__rep23,AXIS2__N1_C_DIGITS__conventional__sigma_0.08__rep23,digits_1797x64_scaled16,conventional,0.08,23,23a53393488b04f92efc45ebc92767e2dcfdf206ba37a928f497d261e42267d2,6c2f429f7b7419ea27f678ff7f772e487a496787349b55b677ebead1c5cb897e,prospective_matched_axis1_axis2
INDEX__N1_C_DIGITS__f_mapper__sigma_0.08__rep23,,31cfdf15263a71924fd3beb5c4eb32cde46b2ad7c57cccaca340ed790eebfb35,AXIS1__N1_C_DIGITS__f_mapper__sigma_0.08__rep23,AXIS2__N1_C_DIGITS__f_mapper__sigma_0.08__rep23,digits_1797x64_scaled16,f_mapper,0.08,23,23a53393488b04f92efc45ebc92767e2dcfdf206ba37a928f497d261e42267d2,6c2f429f7b7419ea27f678ff7f772e487a496787349b55b677ebead1c5cb897e,prospective_matched_axis1_axis2
INDEX__N1_C_DIGITS__conventional__sigma_0.08__rep24,,30c9117d6d55e2c0ff08b6409ac5e07f8590a33612d113fc81199e508c8acc52,AXIS1__N1_C_DIGITS__conventional__sigma_0.08__rep24,AXIS2__N1_C_DIGITS__conventional__sigma_0.08__rep24,digits_1797x64_scaled16,conventional,0.08,24,23a53393488b04f92efc45ebc92767e2dcfdf206ba37a928f497d261e42267d2,e45f68fec24bcdf42d4794629c7dcb60278f760f563da6a6377fab1d4dabdf62,prospective_matched_axis1_axis2
INDEX__N1_C_DIGITS__f_mapper__sigma_0.08__rep24,,2a559d9c4d1f8049b495a29088574512d67f1730741f101ec3eef25dd545a9b7,AXIS1__N1_C_DIGITS__f_mapper__sigma_0.08__rep24,AXIS2__N1_C_DIGITS__f_mapper__sigma_0.08__rep24,digits_1797x64_scaled16,f_mapper,0.08,24,23a53393488b04f92efc45ebc92767e2dcfdf206ba37a928f497d261e42267d2,e45f68fec24bcdf42d4794629c7dcb60278f760f563da6a6377fab1d4dabdf62,prospective_matched_axis1_axis2
INDEX__N1_C_DIGITS__conventional__sigma_0.08__rep25,,42d48239f24a2c1f1f74eb5eb1bde09e60d6e0205fac8568b2a7d8aaf1dc6f16,AXIS1__N1_C_DIGITS__conventional__sigma_0.08__rep25,AXIS2__N1_C_DIGITS__conventional__sigma_0.08__rep25,digits_1797x64_scaled16,conventional,0.08,25,23a53393488b04f92efc45ebc92767e2dcfdf206ba37a928f497d261e42267d2,dc4378b6b26a417288586ce75471afd2b2f11f86b86d44177fb52fb37a0d182f,prospective_matched_axis1_axis2
INDEX__N1_C_DIGITS__f_mapper__sigma_0.08__rep25,,5dc379c7119d1e21f5e006013be338b8b75ab9e1f1a206ce224816818382a813,AXIS1__N1_C_DIGITS__f_mapper__sigma_0.08__rep25,AXIS2__N1_C_DIGITS__f_mapper__sigma_0.08__rep25,digits_1797x64_scaled16,f_mapper,0.08,25,23a53393488b04f92efc45ebc92767e2dcfdf206ba37a928f497d261e42267d2,dc4378b6b26a417288586ce75471afd2b2f11f86b86d44177fb52fb37a0d182f,prospective_matched_axis1_axis2
INDEX__N1_C_DIGITS__conventional__sigma_0.08__rep26,,e75799521407653532c02342943b00c5dad129cd34078d3b4e9a6c4415906ab1,AXIS1__N1_C_DIGITS__conventional__sigma_0.08__rep26,AXIS2__N1_C_DIGITS__conventional__sigma_0.08__rep26,digits_1797x64_scaled16,conventional,0.08,26,23a53393488b04f92efc45ebc92767e2dcfdf206ba37a928f497d261e42267d2,2759947a69ec3ae54b30f52ad0ffa2d7a5733f20807d971e4fee76efec9c1ad5,prospective_matched_axis1_axis2
INDEX__N1_C_DIGITS__f_mapper__sigma_0.08__rep26,,7bf64f5a84ca35c3bcd28e4388584fed3e05880ee7c0078bc37e5d945d6c566a,AXIS1__N1_C_DIGITS__f_mapper__sigma_0.08__rep26,AXIS2__N1_C_DIGITS__f_mapper__sigma_0.08__rep26,digits_1797x64_scaled16,f_mapper,0.08,26,23a53393488b04f92efc45ebc92767e2dcfdf206ba37a928f497d261e42267d2,2759947a69ec3ae54b30f52ad0ffa2d7a5733f20807d971e4fee76efec9c1ad5,prospective_matched_axis1_axis2
INDEX__N1_C_DIGITS__conventional__sigma_0.08__rep27,,de6cae1420f6667a317b7485db83b7f36f26a95286848d038f511eaac4efd374,AXIS1__N1_C_DIGITS__conventional__sigma_0.08__rep27,AXIS2__N1_C_DIGITS__conventional__sigma_0.08__rep27,digits_1797x64_scaled16,conventional,0.08,27,23a53393488b04f92efc45ebc92767e2dcfdf206ba37a928f497d261e42267d2,08a27e59895ecb882a493d4a678998e7bb061dcb62087f388dfdae6bdfa03eac,prospective_matched_axis1_axis2
INDEX__N1_C_DIGITS__f_mapper__sigma_0.08__rep27,,168c78103d1119c0ea0db1e5342c47f54bbe002247815c7120d6edd98d4c60bd,AXIS1__N1_C_DIGITS__f_mapper__sigma_0.08__rep27,AXIS2__N1_C_DIGITS__f_mapper__sigma_0.08__rep27,digits_1797x64_scaled16,f_mapper,0.08,27,23a53393488b04f92efc45ebc92767e2dcfdf206ba37a928f497d261e42267d2,08a27e59895ecb882a493d4a678998e7bb061dcb62087f388dfdae6bdfa03eac,prospective_matched_axis1_axis2
INDEX__N1_C_DIGITS__conventional__sigma_0.08__rep28,,43a3ca11e1ce7c65f12fbc924b472f84e233af4da8c5c9dd3bd7a4591513b4cb,AXIS1__N1_C_DIGITS__conventional__sigma_0.08__rep28,AXIS2__N1_C_DIGITS__conventional__sigma_0.08__rep28,digits_1797x64_scaled16,conventional,0.08,28,23a53393488b04f92efc45ebc92767e2dcfdf206ba37a928f497d261e42267d2,79af4690db54187c320844b23227bcb5179ed9826beeaa29ea4def68680f896b,prospective_matched_axis1_axis2
INDEX__N1_C_DIGITS__f_mapper__sigma_0.08__rep28,,80dd2356d015e7531b5da0e13434f342dcd6dd971623533b683e16279405329b,AXIS1__N1_C_DIGITS__f_mapper__sigma_0.08__rep28,AXIS2__N1_C_DIGITS__f_mapper__sigma_0.08__rep28,digits_1797x64_scaled16,f_mapper,0.08,28,23a53393488b04f92efc45ebc92767e2dcfdf206ba37a928f497d261e42267d2,79af4690db54187c320844b23227bcb5179ed9826beeaa29ea4def68680f896b,prospective_matched_axis1_axis2
INDEX__N1_C_DIGITS__conventional__sigma_0.08__rep29,,7b10e03a53ba080f048d890a95eb6b1ef45c791b64674c065ffdb44d6919cd92,AXIS1__N1_C_DIGITS__conventional__sigma_0.08__rep29,AXIS2__N1_C_DIGITS__conventional__sigma_0.08__rep29,digits_1797x64_scaled16,conventional,0.08,29,23a53393488b04f92efc45ebc92767e2dcfdf206ba37a928f497d261e42267d2,deab199e813cdf8c84c6f6657e66618cc85d4a24ed2e32fc2b80f90c6cce4ba5,prospective_matched_axis1_axis2
INDEX__N1_C_DIGITS__f_mapper__sigma_0.08__rep29,,8ae6586b4a8d3b27e34182a38515ec11819c7b029cbd5012dd425aeb21dcf1c6,AXIS1__N1_C_DIGITS__f_mapper__sigma_0.08__rep29,AXIS2__N1_C_DIGITS__f_mapper__sigma_0.08__rep29,digits_1797x64_scaled16,f_mapper,0.08,29,23a53393488b04f92efc45ebc92767e2dcfdf206ba37a928f497d261e42267d2,deab199e813cdf8c84c6f6657e66618cc85d4a24ed2e32fc2b80f90c6cce4ba5,prospective_matched_axis1_axis2
INDEX__N1_C_DIGITS__conventional__sigma_0.08__rep30,,b0361e8528d425eaa21da4e50d8022afdcc39b88f3e429ca643afeacc1cb4b75,AXIS1__N1_C_DIGITS__conventional__sigma_0.08__rep30,AXIS2__N1_C_DIGITS__conventional__sigma_0.08__rep30,digits_1797x64_scaled16,conventional,0.08,30,23a53393488b04f92efc45ebc92767e2dcfdf206ba37a928f497d261e42267d2,82d8688b881f0372514352886545321b43b0716c86ad11bd104a4d1b67cad7c7,prospective_matched_axis1_axis2
INDEX__N1_C_DIGITS__f_mapper__sigma_0.08__rep30,,660f6ee296af8077fab0e8b6eb5c7b82fe04004d61dc4b0b7db5f7f86c472505,AXIS1__N1_C_DIGITS__f_mapper__sigma_0.08__rep30,AXIS2__N1_C_DIGITS__f_mapper__sigma_0.08__rep30,digits_1797x64_scaled16,f_mapper,0.08,30,23a53393488b04f92efc45ebc92767e2dcfdf206ba37a928f497d261e42267d2,82d8688b881f0372514352886545321b43b0716c86ad11bd104a4d1b67cad7c7,prospective_matched_axis1_axis2
INDEX__N1_C_DIGITS__conventional__sigma_0.10__rep01,,9185fc231d1939ceec9a2f560fa621d43b6b37b6a8e61f1f8acb096b53c0d5c8,AXIS1__N1_C_DIGITS__conventional__sigma_0.10__rep01,AXIS2__N1_C_DIGITS__conventional__sigma_0.10__rep01,digits_1797x64_scaled16,conventional,0.1,1,23a53393488b04f92efc45ebc92767e2dcfdf206ba37a928f497d261e42267d2,bfe6b9180c91b12cb362d32b7e5cc4d9a77c43524beec378c9a1d10dc8147c03,prospective_matched_axis1_axis2
INDEX__N1_C_DIGITS__f_mapper__sigma_0.10__rep01,,359812830612ccaeaf47d4d4078538ab74858a9082e809f2de79b00c02ee8ee4,AXIS1__N1_C_DIGITS__f_mapper__sigma_0.10__rep01,AXIS2__N1_C_DIGITS__f_mapper__sigma_0.10__rep01,digits_1797x64_scaled16,f_mapper,0.1,1,23a53393488b04f92efc45ebc92767e2dcfdf206ba37a928f497d261e42267d2,bfe6b9180c91b12cb362d32b7e5cc4d9a77c43524beec378c9a1d10dc8147c03,prospective_matched_axis1_axis2
INDEX__N1_C_DIGITS__conventional__sigma_0.10__rep02,,7007439e6c2fdc099696a40a96a5ccc3eddc7fa0b1caf8ab521622326603de19,AXIS1__N1_C_DIGITS__conventional__sigma_0.10__rep02,AXIS2__N1_C_DIGITS__conventional__sigma_0.10__rep02,digits_1797x64_scaled16,conventional,0.1,2,23a53393488b04f92efc45ebc92767e2dcfdf206ba37a928f497d261e42267d2,6ae5be1a8ea22a5da1e33a8dbe06ca7e9889714638f393031cb55b2ed0e5f2b2,prospective_matched_axis1_axis2
INDEX__N1_C_DIGITS__f_mapper__sigma_0.10__rep02,,1d4e78ef909327b2ca119f17a555d24a630b6a2898d087d5674db4cfbcf04690,AXIS1__N1_C_DIGITS__f_mapper__sigma_0.10__rep02,AXIS2__N1_C_DIGITS__f_mapper__sigma_0.10__rep02,digits_1797x64_scaled16,f_mapper,0.1,2,23a53393488b04f92efc45ebc92767e2dcfdf206ba37a928f497d261e42267d2,6ae5be1a8ea22a5da1e33a8dbe06ca7e9889714638f393031cb55b2ed0e5f2b2,prospective_matched_axis1_axis2
INDEX__N1_C_DIGITS__conventional__sigma_0.10__rep03,,5e03e4716d2ad4dbcb1535c393479dff724b07da18a6e643b1f4af8f3171cd28,AXIS1__N1_C_DIGITS__conventional__sigma_0.10__rep03,AXIS2__N1_C_DIGITS__conventional__sigma_0.10__rep03,digits_1797x64_scaled16,conventional,0.1,3,23a53393488b04f92efc45ebc92767e2dcfdf206ba37a928f497d261e42267d2,47954e552604bbdf77b3d4eb448857efac082318f0b9cad50d6acddff013bfdc,prospective_matched_axis1_axis2
INDEX__N1_C_DIGITS__f_mapper__sigma_0.10__rep03,,14fa51f1581739edb9efe6b88ab504f7b11e537cb68195c08b4e098ce105e697,AXIS1__N1_C_DIGITS__f_mapper__sigma_0.10__rep03,AXIS2__N1_C_DIGITS__f_mapper__sigma_0.10__rep03,digits_1797x64_scaled16,f_mapper,0.1,3,23a53393488b04f92efc45ebc92767e2dcfdf206ba37a928f497d261e42267d2,47954e552604bbdf77b3d4eb448857efac082318f0b9cad50d6acddff013bfdc,prospective_matched_axis1_axis2
INDEX__N1_C_DIGITS__conventional__sigma_0.10__rep04,,66c186dd91199e57873fbe41692a763ff64ba72a9777c5395a2c55c52982fadf,AXIS1__N1_C_DIGITS__conventional__sigma_0.10__rep04,AXIS2__N1_C_DIGITS__conventional__sigma_0.10__rep04,digits_1797x64_scaled16,conventional,0.1,4,23a53393488b04f92efc45ebc92767e2dcfdf206ba37a928f497d261e42267d2,336d69718b8e01d13f53a1b3051e7dcb442158400642faf981cf05d9727517c1,prospective_matched_axis1_axis2
INDEX__N1_C_DIGITS__f_mapper__sigma_0.10__rep04,,233161ff15b604abfc89d3c48cd9c508cb2363332c04270261713349db408043,AXIS1__N1_C_DIGITS__f_mapper__sigma_0.10__rep04,AXIS2__N1_C_DIGITS__f_mapper__sigma_0.10__rep04,digits_1797x64_scaled16,f_mapper,0.1,4,23a53393488b04f92efc45ebc92767e2dcfdf206ba37a928f497d261e42267d2,336d69718b8e01d13f53a1b3051e7dcb442158400642faf981cf05d9727517c1,prospective_matched_axis1_axis2
INDEX__N1_C_DIGITS__conventional__sigma_0.10__rep05,,3aaa7e7f0ae4e793ee6770f3806e9a6964b54df7dcd96b720e5f9ebfec42697b,AXIS1__N1_C_DIGITS__conventional__sigma_0.10__rep05,AXIS2__N1_C_DIGITS__conventional__sigma_0.10__rep05,digits_1797x64_scaled16,conventional,0.1,5,23a53393488b04f92efc45ebc92767e2dcfdf206ba37a928f497d261e42267d2,61b8779abd1677506b48f146dab4a00addbdda1e2bbea324fca00a6e1ec9f43b,prospective_matched_axis1_axis2
INDEX__N1_C_DIGITS__f_mapper__sigma_0.10__rep05,,ce336f24bbf85df0e0e9c33eb1fa99ea39835ed49ade35a2fc91739de0be5fd5,AXIS1__N1_C_DIGITS__f_mapper__sigma_0.10__rep05,AXIS2__N1_C_DIGITS__f_mapper__sigma_0.10__rep05,digits_1797x64_scaled16,f_mapper,0.1,5,23a53393488b04f92efc45ebc92767e2dcfdf206ba37a928f497d261e42267d2,61b8779abd1677506b48f146dab4a00addbdda1e2bbea324fca00a6e1ec9f43b,prospective_matched_axis1_axis2
INDEX__N1_C_DIGITS__conventional__sigma_0.10__rep06,,cc7851a06587a0db9734cf1bb1ec16ed21d4203d74233be5f1b14abcaf31510d,AXIS1__N1_C_DIGITS__conventional__sigma_0.10__rep06,AXIS2__N1_C_DIGITS__conventional__sigma_0.10__rep06,digits_1797x64_scaled16,conventional,0.1,6,23a53393488b04f92efc45ebc92767e2dcfdf206ba37a928f497d261e42267d2,8cee0281b4b9bb7ce610b26ac1810ffc33e2aac5895e2e6764ab55e8b8f3d797,prospective_matched_axis1_axis2
INDEX__N1_C_DIGITS__f_mapper__sigma_0.10__rep06,,c3be7fdc26f49e41937d01412dfa18df4f845f5ab87794b25e906a7d94756b16,AXIS1__N1_C_DIGITS__f_mapper__sigma_0.10__rep06,AXIS2__N1_C_DIGITS__f_mapper__sigma_0.10__rep06,digits_1797x64_scaled16,f_mapper,0.1,6,23a53393488b04f92efc45ebc92767e2dcfdf206ba37a928f497d261e42267d2,8cee0281b4b9bb7ce610b26ac1810ffc33e2aac5895e2e6764ab55e8b8f3d797,prospective_matched_axis1_axis2
INDEX__N1_C_DIGITS__conventional__sigma_0.10__rep07,,a3816e4c0dc0f3c9d34744b09dec1ce11fe96bac47cfd4e6c4d8b63bbee2c919,AXIS1__N1_C_DIGITS__conventional__sigma_0.10__rep07,AXIS2__N1_C_DIGITS__conventional__sigma_0.10__rep07,digits_1797x64_scaled16,conventional,0.1,7,23a53393488b04f92efc45ebc92767e2dcfdf206ba37a928f497d261e42267d2,af3e00af5309d1f66503287c6fcdc45f81a8af75709ae6a088290d9076d58385,prospective_matched_axis1_axis2
INDEX__N1_C_DIGITS__f_mapper__sigma_0.10__rep07,,40c3ee2d8d84c88ffb382d50067b2c238d537f14e5514a1c1636a6c1c80a56bc,AXIS1__N1_C_DIGITS__f_mapper__sigma_0.10__rep07,AXIS2__N1_C_DIGITS__f_mapper__sigma_0.10__rep07,digits_1797x64_scaled16,f_mapper,0.1,7,23a53393488b04f92efc45ebc92767e2dcfdf206ba37a928f497d261e42267d2,af3e00af5309d1f66503287c6fcdc45f81a8af75709ae6a088290d9076d58385,prospective_matched_axis1_axis2
INDEX__N1_C_DIGITS__conventional__sigma_0.10__rep08,,1e5c36fd6c4fd67f241e34be8dcf6fdf4eb65d4fc684ee850650118a2ef9fb25,AXIS1__N1_C_DIGITS__conventional__sigma_0.10__rep08,AXIS2__N1_C_DIGITS__conventional__sigma_0.10__rep08,digits_1797x64_scaled16,conventional,0.1,8,23a53393488b04f92efc45ebc92767e2dcfdf206ba37a928f497d261e42267d2,dc9408e9c665844f94399ea77ce8e3dd472726691e19f146bc5a772dac29d117,prospective_matched_axis1_axis2
INDEX__N1_C_DIGITS__f_mapper__sigma_0.10__rep08,,19fdbfd45c5301b466a066b73fe660a76d90939a6f3c8bc3c2bd0fdae53721bf,AXIS1__N1_C_DIGITS__f_mapper__sigma_0.10__rep08,AXIS2__N1_C_DIGITS__f_mapper__sigma_0.10__rep08,digits_1797x64_scaled16,f_mapper,0.1,8,23a53393488b04f92efc45ebc92767e2dcfdf206ba37a928f497d261e42267d2,dc9408e9c665844f94399ea77ce8e3dd472726691e19f146bc5a772dac29d117,prospective_matched_axis1_axis2
INDEX__N1_C_DIGITS__conventional__sigma_0.10__rep09,,d5b6ea38dac2d808705cf84fbd6815b30ba07da25aa6918ce01ff34649672865,AXIS1__N1_C_DIGITS__conventional__sigma_0.10__rep09,AXIS2__N1_C_DIGITS__conventional__sigma_0.10__rep09,digits_1797x64_scaled16,conventional,0.1,9,23a53393488b04f92efc45ebc92767e2dcfdf206ba37a928f497d261e42267d2,d07963453c5d9f5ef00e4600b3a30a8b069cc72632e190b5eee0bfadb0b71df1,prospective_matched_axis1_axis2
INDEX__N1_C_DIGITS__f_mapper__sigma_0.10__rep09,,0d96ccdbaa48435f7c621c7225b89b9d2cb025aeeaa7582deb015505495b23f8,AXIS1__N1_C_DIGITS__f_mapper__sigma_0.10__rep09,AXIS2__N1_C_DIGITS__f_mapper__sigma_0.10__rep09,digits_1797x64_scaled16,f_mapper,0.1,9,23a53393488b04f92efc45ebc92767e2dcfdf206ba37a928f497d261e42267d2,d07963453c5d9f5ef00e4600b3a30a8b069cc72632e190b5eee0bfadb0b71df1,prospective_matched_axis1_axis2
INDEX__N1_C_DIGITS__conventional__sigma_0.10__rep10,,ada64f62fc2c14583acceaf85500818d082538d1f86fdf6e92367a7f8fcf9286,AXIS1__N1_C_DIGITS__conventional__sigma_0.10__rep10,AXIS2__N1_C_DIGITS__conventional__sigma_0.10__rep10,digits_1797x64_scaled16,conventional,0.1,10,23a53393488b04f92efc45ebc92767e2dcfdf206ba37a928f497d261e42267d2,84b928872ee2d6b933516c23fa1e9d9d9dae078058d6bd35d6864d159ad11e0d,prospective_matched_axis1_axis2
INDEX__N1_C_DIGITS__f_mapper__sigma_0.10__rep10,,6ca767d22a31427c7294a196a52149550482b35968b01e67748e9a87758fd306,AXIS1__N1_C_DIGITS__f_mapper__sigma_0.10__rep10,AXIS2__N1_C_DIGITS__f_mapper__sigma_0.10__rep10,digits_1797x64_scaled16,f_mapper,0.1,10,23a53393488b04f92efc45ebc92767e2dcfdf206ba37a928f497d261e42267d2,84b928872ee2d6b933516c23fa1e9d9d9dae078058d6bd35d6864d159ad11e0d,prospective_matched_axis1_axis2
INDEX__N1_C_DIGITS__conventional__sigma_0.10__rep11,,dc6107f23a9be3e81b2ab6360dd392a9a49c37adf1a548da8c77f375293818e3,AXIS1__N1_C_DIGITS__conventional__sigma_0.10__rep11,AXIS2__N1_C_DIGITS__conventional__sigma_0.10__rep11,digits_1797x64_scaled16,conventional,0.1,11,23a53393488b04f92efc45ebc92767e2dcfdf206ba37a928f497d261e42267d2,0c8eefdc96a6bac257cdd8bd659523658de8b1e2c612c7c6e360f8735df4bcb8,prospective_matched_axis1_axis2
INDEX__N1_C_DIGITS__f_mapper__sigma_0.10__rep11,,792b07cf650fa11464da76f9c5a931ee2f17b326a5c39b87af9bdc6025c37e80,AXIS1__N1_C_DIGITS__f_mapper__sigma_0.10__rep11,AXIS2__N1_C_DIGITS__f_mapper__sigma_0.10__rep11,digits_1797x64_scaled16,f_mapper,0.1,11,23a53393488b04f92efc45ebc92767e2dcfdf206ba37a928f497d261e42267d2,0c8eefdc96a6bac257cdd8bd659523658de8b1e2c612c7c6e360f8735df4bcb8,prospective_matched_axis1_axis2
INDEX__N1_C_DIGITS__conventional__sigma_0.10__rep12,,1bbb82f720943ae6b56ecb2e803f775cc9ea424f3d79af4a74336c2c6da0dc43,AXIS1__N1_C_DIGITS__conventional__sigma_0.10__rep12,AXIS2__N1_C_DIGITS__conventional__sigma_0.10__rep12,digits_1797x64_scaled16,conventional,0.1,12,23a53393488b04f92efc45ebc92767e2dcfdf206ba37a928f497d261e42267d2,f696bd81c0ba751b3349c6570c2cfa50e0ef4e0ec125a1ae96142f90558cd566,prospective_matched_axis1_axis2
INDEX__N1_C_DIGITS__f_mapper__sigma_0.10__rep12,,0cbeb942470a5ef63bc1144b3c5503afbe0e2487d497b35d3ebbb48febb7d105,AXIS1__N1_C_DIGITS__f_mapper__sigma_0.10__rep12,AXIS2__N1_C_DIGITS__f_mapper__sigma_0.10__rep12,digits_1797x64_scaled16,f_mapper,0.1,12,23a53393488b04f92efc45ebc92767e2dcfdf206ba37a928f497d261e42267d2,f696bd81c0ba751b3349c6570c2cfa50e0ef4e0ec125a1ae96142f90558cd566,prospective_matched_axis1_axis2
INDEX__N1_C_DIGITS__conventional__sigma_0.10__rep13,,a4388d99c0c32e68ecd166187b3a30541fde6ecd7a3c73c225ff2670c78ab51b,AXIS1__N1_C_DIGITS__conventional__sigma_0.10__rep13,AXIS2__N1_C_DIGITS__conventional__sigma_0.10__rep13,digits_1797x64_scaled16,conventional,0.1,13,23a53393488b04f92efc45ebc92767e2dcfdf206ba37a928f497d261e42267d2,434c87fa6e39164a41b449d279b0edd8a09b26831c004f30ca5a916dcff5f877,prospective_matched_axis1_axis2
INDEX__N1_C_DIGITS__f_mapper__sigma_0.10__rep13,,3352448216bc5e5ffcd2c7f696cda1e2b73687343cab6b07a28a338c20edf54a,AXIS1__N1_C_DIGITS__f_mapper__sigma_0.10__rep13,AXIS2__N1_C_DIGITS__f_mapper__sigma_0.10__rep13,digits_1797x64_scaled16,f_mapper,0.1,13,23a53393488b04f92efc45ebc92767e2dcfdf206ba37a928f497d261e42267d2,434c87fa6e39164a41b449d279b0edd8a09b26831c004f30ca5a916dcff5f877,prospective_matched_axis1_axis2
INDEX__N1_C_DIGITS__conventional__sigma_0.10__rep14,,535ab2dcedab1d57c6670249fe78a7baae4131076822c5bbe39f68266a188c9e,AXIS1__N1_C_DIGITS__conventional__sigma_0.10__rep14,AXIS2__N1_C_DIGITS__conventional__sigma_0.10__rep14,digits_1797x64_scaled16,conventional,0.1,14,23a53393488b04f92efc45ebc92767e2dcfdf206ba37a928f497d261e42267d2,d2e671ee557232dafc5e7ab4079f46f9ee365b3ef18a60fa0072b8a734e9be70,prospective_matched_axis1_axis2
INDEX__N1_C_DIGITS__f_mapper__sigma_0.10__rep14,,0a233d0e5581080980e7a6dc4f64cb7301c4bb5b9464c334ecb70763b7440074,AXIS1__N1_C_DIGITS__f_mapper__sigma_0.10__rep14,AXIS2__N1_C_DIGITS__f_mapper__sigma_0.10__rep14,digits_1797x64_scaled16,f_mapper,0.1,14,23a53393488b04f92efc45ebc92767e2dcfdf206ba37a928f497d261e42267d2,d2e671ee557232dafc5e7ab4079f46f9ee365b3ef18a60fa0072b8a734e9be70,prospective_matched_axis1_axis2
INDEX__N1_C_DIGITS__conventional__sigma_0.10__rep15,,91e720a58ff9e72c83f4d57b372268aaa22e646f360bc204817f5b8b06ce2592,AXIS1__N1_C_DIGITS__conventional__sigma_0.10__rep15,AXIS2__N1_C_DIGITS__conventional__sigma_0.10__rep15,digits_1797x64_scaled16,conventional,0.1,15,23a53393488b04f92efc45ebc92767e2dcfdf206ba37a928f497d261e42267d2,41ac8c3ca006e76341c68ff01e4d19d3216bed3d9bf3218c36aeae79c9da9d1b,prospective_matched_axis1_axis2
INDEX__N1_C_DIGITS__f_mapper__sigma_0.10__rep15,,07ba55d13524825262dced796f8ed18f26d307daead88c9faea46dd45e66c168,AXIS1__N1_C_DIGITS__f_mapper__sigma_0.10__rep15,AXIS2__N1_C_DIGITS__f_mapper__sigma_0.10__rep15,digits_1797x64_scaled16,f_mapper,0.1,15,23a53393488b04f92efc45ebc92767e2dcfdf206ba37a928f497d261e42267d2,41ac8c3ca006e76341c68ff01e4d19d3216bed3d9bf3218c36aeae79c9da9d1b,prospective_matched_axis1_axis2
INDEX__N1_C_DIGITS__conventional__sigma_0.10__rep16,,06305682d7270cbf515b35f5b8b0fa13245007a89adfea94033edbdd79553629,AXIS1__N1_C_DIGITS__conventional__sigma_0.10__rep16,AXIS2__N1_C_DIGITS__conventional__sigma_0.10__rep16,digits_1797x64_scaled16,conventional,0.1,16,23a53393488b04f92efc45ebc92767e2dcfdf206ba37a928f497d261e42267d2,67910f50929790508635b811e5b589c8920f3e2974208080036ab0dfe853e720,prospective_matched_axis1_axis2
INDEX__N1_C_DIGITS__f_mapper__sigma_0.10__rep16,,4e50553cab58bfa6028df5b7dc39f92bb21d0f8c2c9723b2509a5ac53c695a7a,AXIS1__N1_C_DIGITS__f_mapper__sigma_0.10__rep16,AXIS2__N1_C_DIGITS__f_mapper__sigma_0.10__rep16,digits_1797x64_scaled16,f_mapper,0.1,16,23a53393488b04f92efc45ebc92767e2dcfdf206ba37a928f497d261e42267d2,67910f50929790508635b811e5b589c8920f3e2974208080036ab0dfe853e720,prospective_matched_axis1_axis2
INDEX__N1_C_DIGITS__conventional__sigma_0.10__rep17,,8eb331784e4328dd631edfe41a6fac6f639b4ad5fa5853156ed888ba08a11017,AXIS1__N1_C_DIGITS__conventional__sigma_0.10__rep17,AXIS2__N1_C_DIGITS__conventional__sigma_0.10__rep17,digits_1797x64_scaled16,conventional,0.1,17,23a53393488b04f92efc45ebc92767e2dcfdf206ba37a928f497d261e42267d2,2813ca5810e53be61260bcc4891ceb219ec070276b29218bded0f872a497fc68,prospective_matched_axis1_axis2
INDEX__N1_C_DIGITS__f_mapper__sigma_0.10__rep17,,aacde2596932107c1217ab09a998158715ac476fd3b90dd9997da6c5a645cf5b,AXIS1__N1_C_DIGITS__f_mapper__sigma_0.10__rep17,AXIS2__N1_C_DIGITS__f_mapper__sigma_0.10__rep17,digits_1797x64_scaled16,f_mapper,0.1,17,23a53393488b04f92efc45ebc92767e2dcfdf206ba37a928f497d261e42267d2,2813ca5810e53be61260bcc4891ceb219ec070276b29218bded0f872a497fc68,prospective_matched_axis1_axis2
INDEX__N1_C_DIGITS__conventional__sigma_0.10__rep18,,a9549fa8af64d6e4778f2bb80cf585ef1f0c0f634e8e44ceaa77c0afdd12c119,AXIS1__N1_C_DIGITS__conventional__sigma_0.10__rep18,AXIS2__N1_C_DIGITS__conventional__sigma_0.10__rep18,digits_1797x64_scaled16,conventional,0.1,18,23a53393488b04f92efc45ebc92767e2dcfdf206ba37a928f497d261e42267d2,f813c2d7d0af7df53c36f5244b58c0e42b4b516a7f88c55dc77ec9f09bbc0bfe,prospective_matched_axis1_axis2
INDEX__N1_C_DIGITS__f_mapper__sigma_0.10__rep18,,be2099df44655ccd52dd600b7a8f4ed634147965dafd9b2059d942a1c42481e6,AXIS1__N1_C_DIGITS__f_mapper__sigma_0.10__rep18,AXIS2__N1_C_DIGITS__f_mapper__sigma_0.10__rep18,digits_1797x64_scaled16,f_mapper,0.1,18,23a53393488b04f92efc45ebc92767e2dcfdf206ba37a928f497d261e42267d2,f813c2d7d0af7df53c36f5244b58c0e42b4b516a7f88c55dc77ec9f09bbc0bfe,prospective_matched_axis1_axis2
INDEX__N1_C_DIGITS__conventional__sigma_0.10__rep19,,14f7a78573f2a32764ef25ac4a78cc796f25250fd1a52e8b1594cc2c86792b09,AXIS1__N1_C_DIGITS__conventional__sigma_0.10__rep19,AXIS2__N1_C_DIGITS__conventional__sigma_0.10__rep19,digits_1797x64_scaled16,conventional,0.1,19,23a53393488b04f92efc45ebc92767e2dcfdf206ba37a928f497d261e42267d2,95426df0c383ea17c2528650c38d1302c21ba5c65373e307c8b9c87ea4170946,prospective_matched_axis1_axis2
INDEX__N1_C_DIGITS__f_mapper__sigma_0.10__rep19,,1e7c05e36a1e7329986a4993d902ac415b05a2b5f2d838e948ad0bcf6ff93332,AXIS1__N1_C_DIGITS__f_mapper__sigma_0.10__rep19,AXIS2__N1_C_DIGITS__f_mapper__sigma_0.10__rep19,digits_1797x64_scaled16,f_mapper,0.1,19,23a53393488b04f92efc45ebc92767e2dcfdf206ba37a928f497d261e42267d2,95426df0c383ea17c2528650c38d1302c21ba5c65373e307c8b9c87ea4170946,prospective_matched_axis1_axis2
INDEX__N1_C_DIGITS__conventional__sigma_0.10__rep20,,7ff21c923c43a52aad2537b4876194e8755d126ab3521979f66ad406829e26a3,AXIS1__N1_C_DIGITS__conventional__sigma_0.10__rep20,AXIS2__N1_C_DIGITS__conventional__sigma_0.10__rep20,digits_1797x64_scaled16,conventional,0.1,20,23a53393488b04f92efc45ebc92767e2dcfdf206ba37a928f497d261e42267d2,1177484e0f243ff283c651bdf1ffb1fd1d9fc6f91e3a91f3329be67b832b69a4,prospective_matched_axis1_axis2
INDEX__N1_C_DIGITS__f_mapper__sigma_0.10__rep20,,ab0b638b6010a28e52d7aae5e5576dafc6983364970940af4ec0924d576f8adc,AXIS1__N1_C_DIGITS__f_mapper__sigma_0.10__rep20,AXIS2__N1_C_DIGITS__f_mapper__sigma_0.10__rep20,digits_1797x64_scaled16,f_mapper,0.1,20,23a53393488b04f92efc45ebc92767e2dcfdf206ba37a928f497d261e42267d2,1177484e0f243ff283c651bdf1ffb1fd1d9fc6f91e3a91f3329be67b832b69a4,prospective_matched_axis1_axis2
INDEX__N1_C_DIGITS__conventional__sigma_0.10__rep21,,53a7347b5e5e14da72a947d8ef8ec7258126a27eebf06c018ed761335fee2deb,AXIS1__N1_C_DIGITS__conventional__sigma_0.10__rep21,AXIS2__N1_C_DIGITS__conventional__sigma_0.10__rep21,digits_1797x64_scaled16,conventional,0.1,21,23a53393488b04f92efc45ebc92767e2dcfdf206ba37a928f497d261e42267d2,ed6db32c1aa02b63f03252cefc2d29a59d56a2be30d46fdb451c113ed38264b6,prospective_matched_axis1_axis2
INDEX__N1_C_DIGITS__f_mapper__sigma_0.10__rep21,,00991f91c9e8da4b6d7e751b9f258080638dd42b62faf332a3e6d285c80c882f,AXIS1__N1_C_DIGITS__f_mapper__sigma_0.10__rep21,AXIS2__N1_C_DIGITS__f_mapper__sigma_0.10__rep21,digits_1797x64_scaled16,f_mapper,0.1,21,23a53393488b04f92efc45ebc92767e2dcfdf206ba37a928f497d261e42267d2,ed6db32c1aa02b63f03252cefc2d29a59d56a2be30d46fdb451c113ed38264b6,prospective_matched_axis1_axis2
INDEX__N1_C_DIGITS__conventional__sigma_0.10__rep22,,a9e4d30cf57aeb6ad414a6af57c757b06bf4237871512745049af2de4c976521,AXIS1__N1_C_DIGITS__conventional__sigma_0.10__rep22,AXIS2__N1_C_DIGITS__conventional__sigma_0.10__rep22,digits_1797x64_scaled16,conventional,0.1,22,23a53393488b04f92efc45ebc92767e2dcfdf206ba37a928f497d261e42267d2,fd233c7e8eb228716a74b54abda01de28fa182a2ba21c0dc670be6a02978d648,prospective_matched_axis1_axis2
INDEX__N1_C_DIGITS__f_mapper__sigma_0.10__rep22,,63bf2173b93ec3ef820ec3adbf56aa1ac1c54aec78e5cbeb844dab3f0497ab7f,AXIS1__N1_C_DIGITS__f_mapper__sigma_0.10__rep22,AXIS2__N1_C_DIGITS__f_mapper__sigma_0.10__rep22,digits_1797x64_scaled16,f_mapper,0.1,22,23a53393488b04f92efc45ebc92767e2dcfdf206ba37a928f497d261e42267d2,fd233c7e8eb228716a74b54abda01de28fa182a2ba21c0dc670be6a02978d648,prospective_matched_axis1_axis2
INDEX__N1_C_DIGITS__conventional__sigma_0.10__rep23,,2cd2b874d2cabf32aa435df66a7ea67a76c831403a96ce532e6bb473bf1ecaaf,AXIS1__N1_C_DIGITS__conventional__sigma_0.10__rep23,AXIS2__N1_C_DIGITS__conventional__sigma_0.10__rep23,digits_1797x64_scaled16,conventional,0.1,23,23a53393488b04f92efc45ebc92767e2dcfdf206ba37a928f497d261e42267d2,bcf79b2c9242af7f32836cbabd36af239fb545ac10b783ab8a8f4f28cef6b6f7,prospective_matched_axis1_axis2
INDEX__N1_C_DIGITS__f_mapper__sigma_0.10__rep23,,2f73b426fd651a4a3363db9c59543a1f34637f979b656be40f808fdeaa61ac47,AXIS1__N1_C_DIGITS__f_mapper__sigma_0.10__rep23,AXIS2__N1_C_DIGITS__f_mapper__sigma_0.10__rep23,digits_1797x64_scaled16,f_mapper,0.1,23,23a53393488b04f92efc45ebc92767e2dcfdf206ba37a928f497d261e42267d2,bcf79b2c9242af7f32836cbabd36af239fb545ac10b783ab8a8f4f28cef6b6f7,prospective_matched_axis1_axis2
INDEX__N1_C_DIGITS__conventional__sigma_0.10__rep24,,3777ee876a486a6fd675f257e8b5c4d034fadb2c4191a5c42e408710a561e4f3,AXIS1__N1_C_DIGITS__conventional__sigma_0.10__rep24,AXIS2__N1_C_DIGITS__conventional__sigma_0.10__rep24,digits_1797x64_scaled16,conventional,0.1,24,23a53393488b04f92efc45ebc92767e2dcfdf206ba37a928f497d261e42267d2,9decbc3563c4787baac637e2052d6009b137930c1b992070a614e11bffad11ba,prospective_matched_axis1_axis2
INDEX__N1_C_DIGITS__f_mapper__sigma_0.10__rep24,,906a734f3e38276276023eb0f1a0fdd8ea0d6051f8226bfb3d4de8e776393f76,AXIS1__N1_C_DIGITS__f_mapper__sigma_0.10__rep24,AXIS2__N1_C_DIGITS__f_mapper__sigma_0.10__rep24,digits_1797x64_scaled16,f_mapper,0.1,24,23a53393488b04f92efc45ebc92767e2dcfdf206ba37a928f497d261e42267d2,9decbc3563c4787baac637e2052d6009b137930c1b992070a614e11bffad11ba,prospective_matched_axis1_axis2
INDEX__N1_C_DIGITS__conventional__sigma_0.10__rep25,,fe49e2469a55ba828a3ba2b6c848273ffc5d8c62ecd4d5a664669458ae6d2fc7,AXIS1__N1_C_DIGITS__conventional__sigma_0.10__rep25,AXIS2__N1_C_DIGITS__conventional__sigma_0.10__rep25,digits_1797x64_scaled16,conventional,0.1,25,23a53393488b04f92efc45ebc92767e2dcfdf206ba37a928f497d261e42267d2,bffc179d00939e59be2576f098dacde95eea15215db0f09d02f7eab0fe36e98c,prospective_matched_axis1_axis2
INDEX__N1_C_DIGITS__f_mapper__sigma_0.10__rep25,,5b10f1103710ec2427448eeefe264478aa4a539cb554d7c0b6c318aff2631058,AXIS1__N1_C_DIGITS__f_mapper__sigma_0.10__rep25,AXIS2__N1_C_DIGITS__f_mapper__sigma_0.10__rep25,digits_1797x64_scaled16,f_mapper,0.1,25,23a53393488b04f92efc45ebc92767e2dcfdf206ba37a928f497d261e42267d2,bffc179d00939e59be2576f098dacde95eea15215db0f09d02f7eab0fe36e98c,prospective_matched_axis1_axis2
INDEX__N1_C_DIGITS__conventional__sigma_0.10__rep26,,b7b5f16a0acfea20126f2ff486f90460d1276b6e0a0b91f31dcd799b88a7e766,AXIS1__N1_C_DIGITS__conventional__sigma_0.10__rep26,AXIS2__N1_C_DIGITS__conventional__sigma_0.10__rep26,digits_1797x64_scaled16,conventional,0.1,26,23a53393488b04f92efc45ebc92767e2dcfdf206ba37a928f497d261e42267d2,2e67b97eeb35b143c6c70283db916cd2809a6f6218c21b4458de839e38561705,prospective_matched_axis1_axis2
INDEX__N1_C_DIGITS__f_mapper__sigma_0.10__rep26,,d4d1a966b8b161586830d990bb07128f0731cd95576a717a41318ec9758055b8,AXIS1__N1_C_DIGITS__f_mapper__sigma_0.10__rep26,AXIS2__N1_C_DIGITS__f_mapper__sigma_0.10__rep26,digits_1797x64_scaled16,f_mapper,0.1,26,23a53393488b04f92efc45ebc92767e2dcfdf206ba37a928f497d261e42267d2,2e67b97eeb35b143c6c70283db916cd2809a6f6218c21b4458de839e38561705,prospective_matched_axis1_axis2
INDEX__N1_C_DIGITS__conventional__sigma_0.10__rep27,,6c84993355e647ddf156a2d9cc6c8f265b24f86312f12b06dd160cba16da630e,AXIS1__N1_C_DIGITS__conventional__sigma_0.10__rep27,AXIS2__N1_C_DIGITS__conventional__sigma_0.10__rep27,digits_1797x64_scaled16,conventional,0.1,27,23a53393488b04f92efc45ebc92767e2dcfdf206ba37a928f497d261e42267d2,03ce70acf8e41e76c93dce7886f1c8d17d38d69d25759cc7037e0dca26378c2e,prospective_matched_axis1_axis2
INDEX__N1_C_DIGITS__f_mapper__sigma_0.10__rep27,,c8390654eee7570e2a87704e7552277ffcd60c85596d68b41d5a6e4155f413fe,AXIS1__N1_C_DIGITS__f_mapper__sigma_0.10__rep27,AXIS2__N1_C_DIGITS__f_mapper__sigma_0.10__rep27,digits_1797x64_scaled16,f_mapper,0.1,27,23a53393488b04f92efc45ebc92767e2dcfdf206ba37a928f497d261e42267d2,03ce70acf8e41e76c93dce7886f1c8d17d38d69d25759cc7037e0dca26378c2e,prospective_matched_axis1_axis2
INDEX__N1_C_DIGITS__conventional__sigma_0.10__rep28,,1ea85ddf8bbada86e83bf6c65c86d4a5a8d9540cfa908c7c5fb4667a6e4d8a47,AXIS1__N1_C_DIGITS__conventional__sigma_0.10__rep28,AXIS2__N1_C_DIGITS__conventional__sigma_0.10__rep28,digits_1797x64_scaled16,conventional,0.1,28,23a53393488b04f92efc45ebc92767e2dcfdf206ba37a928f497d261e42267d2,ac1b95d8899a6a5023f9bd1787b1f67df32206271c3174ff56afed111f90fabc,prospective_matched_axis1_axis2
INDEX__N1_C_DIGITS__f_mapper__sigma_0.10__rep28,,6c3655adb65a8fbc62b1adb43b624718e8b2f3c2b5a5e82f496217863e4a0b3d,AXIS1__N1_C_DIGITS__f_mapper__sigma_0.10__rep28,AXIS2__N1_C_DIGITS__f_mapper__sigma_0.10__rep28,digits_1797x64_scaled16,f_mapper,0.1,28,23a53393488b04f92efc45ebc92767e2dcfdf206ba37a928f497d261e42267d2,ac1b95d8899a6a5023f9bd1787b1f67df32206271c3174ff56afed111f90fabc,prospective_matched_axis1_axis2
INDEX__N1_C_DIGITS__conventional__sigma_0.10__rep29,,e2523c3dcd79b3c8c78644f4104dc8153e6ef96fc79c517ca943f95291f16104,AXIS1__N1_C_DIGITS__conventional__sigma_0.10__rep29,AXIS2__N1_C_DIGITS__conventional__sigma_0.10__rep29,digits_1797x64_scaled16,conventional,0.1,29,23a53393488b04f92efc45ebc92767e2dcfdf206ba37a928f497d261e42267d2,75c8647de5edaa0f46fc0d3e07121b00bcdedbdb93cae68bc66c9afbeb59a8a9,prospective_matched_axis1_axis2
INDEX__N1_C_DIGITS__f_mapper__sigma_0.10__rep29,,3bbfc2c2e7966a13db747ce1315b2843a6afd70c0e73b178b26b8b05e52b5f74,AXIS1__N1_C_DIGITS__f_mapper__sigma_0.10__rep29,AXIS2__N1_C_DIGITS__f_mapper__sigma_0.10__rep29,digits_1797x64_scaled16,f_mapper,0.1,29,23a53393488b04f92efc45ebc92767e2dcfdf206ba37a928f497d261e42267d2,75c8647de5edaa0f46fc0d3e07121b00bcdedbdb93cae68bc66c9afbeb59a8a9,prospective_matched_axis1_axis2
INDEX__N1_C_DIGITS__conventional__sigma_0.10__rep30,,6cb9901d17406a66fd2ef3dad9dc1cb6d12c31f6c0913b9d1421bea605bb0379,AXIS1__N1_C_DIGITS__conventional__sigma_0.10__rep30,AXIS2__N1_C_DIGITS__conventional__sigma_0.10__rep30,digits_1797x64_scaled16,conventional,0.1,30,23a53393488b04f92efc45ebc92767e2dcfdf206ba37a928f497d261e42267d2,b508177eb5eb93914a66951e4f502e19033ac7b6e32267e22dd6dcfab08fb7d7,prospective_matched_axis1_axis2
INDEX__N1_C_DIGITS__f_mapper__sigma_0.10__rep30,,696e95ec01c9c504220a364426f076e91ee2d8939862752b4b3377730d9bb338,AXIS1__N1_C_DIGITS__f_mapper__sigma_0.10__rep30,AXIS2__N1_C_DIGITS__f_mapper__sigma_0.10__rep30,digits_1797x64_scaled16,f_mapper,0.1,30,23a53393488b04f92efc45ebc92767e2dcfdf206ba37a928f497d261e42267d2,b508177eb5eb93914a66951e4f502e19033ac7b6e32267e22dd6dcfab08fb7d7,prospective_matched_axis1_axis2
