planned_unit_id,campaign_category,dataset_id,method_id,noise_sigma,replicate_id,construction_time_seconds,axis1_metric_time_seconds,axis2_metric_time_seconds,wall_time_seconds,cpu_time_seconds,peak_memory_bytes
N1_C_RETRO__M6A__unit_circle_S1__N1000__conventional__sigma_0.00__rep0__clean,circle_retrospective,unit_circle_S1,conventional,0.0,0,0.04096876900030111,0.0,0.06128543400018316,0.1023922060003315,0.377983191,534712
N1_C_RETRO__M6A__unit_circle_S1__N1000__f_mapper__sigma_0.00__rep0__clean,circle_retrospective,unit_circle_S1,f_mapper,0.0,0,5.391178277000108,0.0,0.03673020699989138,5.4279915429997345,6.3884079080000005,604458
N1_C_RETRO__M6A__unit_circle_S1__N1000__conventional__sigma_0.01__rep01,circle_retrospective,unit_circle_S1,conventional,0.01,1,0.03656047300000864,0.0,0.03692131199977666,0.073847422000199,0.44298960699999945,637655
N1_C_RETRO__M6A__unit_circle_S1__N1000__f_mapper__sigma_0.01__rep01,circle_retrospective,unit_circle_S1,f_mapper,0.01,1,4.901473039999928,0.0,0.037963006000154564,4.939668557999994,5.945750651999999,606938
N1_C_RETRO__M6A__unit_circle_S1__N1000__conventional__sigma_0.01__rep02,circle_retrospective,unit_circle_S1,conventional,0.01,2,0.035116597000069305,0.0,0.03592447799974252,0.07124263900004735,0.4273694730000006,613713
N1_C_RETRO__M6A__unit_circle_S1__N1000__f_mapper__sigma_0.01__rep02,circle_retrospective,unit_circle_S1,f_mapper,0.01,2,5.234449808000136,0.0,0.03650414100002308,5.271195329999955,6.2683789480000005,614988
N1_C_RETRO__M6A__unit_circle_S1__N1000__conventional__sigma_0.01__rep03,circle_retrospective,unit_circle_S1,conventional,0.01,3,0.03560574700031793,0.0,0.03638835999981893,0.0722490140001355,0.4333376009999981,601184
N1_C_RETRO__M6A__unit_circle_S1__N1000__f_mapper__sigma_0.01__rep03,circle_retrospective,unit_circle_S1,f_mapper,0.01,3,6.057361799999853,0.0,0.03973699900006977,6.097363694999785,7.101156898999999,613497
N1_C_RETRO__M6A__unit_circle_S1__N1000__conventional__sigma_0.01__rep04,circle_retrospective,unit_circle_S1,conventional,0.01,4,0.03595385700009501,0.0,0.03617863599993143,0.07233418699979666,0.43394498199999987,635664
N1_C_RETRO__M6A__unit_circle_S1__N1000__f_mapper__sigma_0.01__rep04,circle_retrospective,unit_circle_S1,f_mapper,0.01,4,9.140719320999779,0.0,0.036423179999928834,9.177347953000208,10.173691198999997,614355
N1_C_RETRO__M6A__unit_circle_S1__N1000__conventional__sigma_0.01__rep05,circle_retrospective,unit_circle_S1,conventional,0.01,5,0.03495044300007066,0.0,0.036268694999762374,0.0715048030001526,0.4288821609999971,613646
N1_C_RETRO__M6A__unit_circle_S1__N1000__f_mapper__sigma_0.01__rep05,circle_retrospective,unit_circle_S1,f_mapper,0.01,5,6.328261403999932,0.0,0.03542136499982007,6.363900183000169,7.356855381999999,612794
N1_C_RETRO__M6A__unit_circle_S1__N1000__conventional__sigma_0.01__rep06,circle_retrospective,unit_circle_S1,conventional,0.01,6,0.0350464699999975,0.0,0.035833771000397974,0.07116979299962622,0.4269596450000037,637094
N1_C_RETRO__M6A__unit_circle_S1__N1000__f_mapper__sigma_0.01__rep06,circle_retrospective,unit_circle_S1,f_mapper,0.01,6,5.382847176999803,0.0,0.039123858000039036,5.422188629000175,6.4308643780000025,614971
N1_C_RETRO__M6A__unit_circle_S1__N1000__conventional__sigma_0.01__rep07,circle_retrospective,unit_circle_S1,conventional,0.01,7,0.039166388000012375,0.0,0.03669476000004579,0.07614694300036717,0.45667635600000267,610054
N1_C_RETRO__M6A__unit_circle_S1__N1000__f_mapper__sigma_0.01__rep07,circle_retrospective,unit_circle_S1,f_mapper,0.01,7,7.729519543000151,0.0,0.03797052099980647,7.767870558000141,8.770322610999997,592402
N1_C_RETRO__M6A__unit_circle_S1__N1000__conventional__sigma_0.01__rep08,circle_retrospective,unit_circle_S1,conventional,0.01,8,0.03709154699981809,0.0,0.03620957700013605,0.07368400299992572,0.4420629689999984,626939
N1_C_RETRO__M6A__unit_circle_S1__N1000__f_mapper__sigma_0.01__rep08,circle_retrospective,unit_circle_S1,f_mapper,0.01,8,4.394642927999939,0.0,0.038267904999884195,4.4331368029997975,5.440452587000003,614691
N1_C_RETRO__M6A__unit_circle_S1__N1000__conventional__sigma_0.01__rep09,circle_retrospective,unit_circle_S1,conventional,0.01,9,0.03777588899993134,0.0,0.038186821000181226,0.07619589399973847,0.4570483809999928,609265
N1_C_RETRO__M6A__unit_circle_S1__N1000__f_mapper__sigma_0.01__rep09,circle_retrospective,unit_circle_S1,f_mapper,0.01,9,5.905843956999888,0.0,0.03836597800000163,5.944478235999668,6.945424563000003,612818
N1_C_RETRO__M6A__unit_circle_S1__N1000__conventional__sigma_0.01__rep10,circle_retrospective,unit_circle_S1,conventional,0.01,10,0.03649808199998006,0.0,0.04090892000021995,0.07761734199993953,0.465556131999989,612843
N1_C_RETRO__M6A__unit_circle_S1__N1000__f_mapper__sigma_0.01__rep10,circle_retrospective,unit_circle_S1,f_mapper,0.01,10,5.814847954000015,0.0,0.03719544500017946,5.852272456000264,6.846403932000001,620296
N1_C_RETRO__M6A__unit_circle_S1__N1000__conventional__sigma_0.01__rep11,circle_retrospective,unit_circle_S1,conventional,0.01,11,0.037074915999710356,0.0,0.03668179800024518,0.07408531999999468,0.4444459990000098,605117
N1_C_RETRO__M6A__unit_circle_S1__N1000__f_mapper__sigma_0.01__rep11,circle_retrospective,unit_circle_S1,f_mapper,0.01,11,4.569957535999947,0.0,0.04009527599964713,4.610261268999693,5.627207260000006,613218
N1_C_RETRO__M6A__unit_circle_S1__N1000__conventional__sigma_0.01__rep12,circle_retrospective,unit_circle_S1,conventional,0.01,12,0.039311113999701774,0.0,0.03660988199999338,0.07620969600020544,0.4571433309999975,625981
N1_C_RETRO__M6A__unit_circle_S1__N1000__f_mapper__sigma_0.01__rep12,circle_retrospective,unit_circle_S1,f_mapper,0.01,12,4.2124607010000545,0.0,0.03704085200024565,4.249873389000186,5.2471713850000015,615359
N1_C_RETRO__M6A__unit_circle_S1__N1000__conventional__sigma_0.01__rep13,circle_retrospective,unit_circle_S1,conventional,0.01,13,0.0388105900001392,0.0,0.03745611200019994,0.07647912599986739,0.4585937320000113,608576
N1_C_RETRO__M6A__unit_circle_S1__N1000__f_mapper__sigma_0.01__rep13,circle_retrospective,unit_circle_S1,f_mapper,0.01,13,5.109788713000398,0.0,0.04023441700019248,5.1502862520001145,6.162283584000008,611602
N1_C_RETRO__M6A__unit_circle_S1__N1000__conventional__sigma_0.01__rep14,circle_retrospective,unit_circle_S1,conventional,0.01,14,0.040100793999954476,0.0,0.03885774699983813,0.07925906199989186,0.4752160709999913,621606
N1_C_RETRO__M6A__unit_circle_S1__N1000__f_mapper__sigma_0.01__rep14,circle_retrospective,unit_circle_S1,f_mapper,0.01,14,6.814549193999937,0.0,0.03740992799976084,6.852274482000212,7.841297076999993,614540
N1_C_RETRO__M6A__unit_circle_S1__N1000__conventional__sigma_0.01__rep15,circle_retrospective,unit_circle_S1,conventional,0.01,15,0.03743167899983746,0.0,0.038636820999727206,0.07639736600003744,0.4580783319999995,623101
N1_C_RETRO__M6A__unit_circle_S1__N1000__f_mapper__sigma_0.01__rep15,circle_retrospective,unit_circle_S1,f_mapper,0.01,15,6.203905090000262,0.0,0.040987068000049476,6.245331483999962,7.258327623999989,612345
N1_C_RETRO__M6A__unit_circle_S1__N1000__conventional__sigma_0.01__rep16,circle_retrospective,unit_circle_S1,conventional,0.01,16,0.04014295299975856,0.0,0.04029027299975496,0.08067797200010318,0.4840121109999984,609779
N1_C_RETRO__M6A__unit_circle_S1__N1000__f_mapper__sigma_0.01__rep16,circle_retrospective,unit_circle_S1,f_mapper,0.01,16,4.701680142999976,0.0,0.04045869199990193,4.742537193000317,5.7492511489999885,615926
N1_C_RETRO__M6A__unit_circle_S1__N1000__conventional__sigma_0.01__rep17,circle_retrospective,unit_circle_S1,conventional,0.01,17,0.0395836769998823,0.0,0.040248221999718226,0.08007581300034872,0.4803899789999946,613765
N1_C_RETRO__M6A__unit_circle_S1__N1000__f_mapper__sigma_0.01__rep17,circle_retrospective,unit_circle_S1,f_mapper,0.01,17,6.257474443000319,0.0,0.043893779999962135,6.301717527000164,7.330744402999983,613145
N1_C_RETRO__M6A__unit_circle_S1__N1000__conventional__sigma_0.01__rep18,circle_retrospective,unit_circle_S1,conventional,0.01,18,0.04063492300019789,0.0,0.0408697090001624,0.08187604800014014,0.4911893539999994,630718
N1_C_RETRO__M6A__unit_circle_S1__N1000__f_mapper__sigma_0.01__rep18,circle_retrospective,unit_circle_S1,f_mapper,0.01,18,4.681464358000085,0.0,0.039936713999850326,4.721720199000174,5.724815751999984,614780
N1_C_RETRO__M6A__unit_circle_S1__N1000__conventional__sigma_0.01__rep19,circle_retrospective,unit_circle_S1,conventional,0.01,19,0.04052962099967772,0.0,0.040454928999679396,0.08120534099998622,0.4865779629999736,618301
N1_C_RETRO__M6A__unit_circle_S1__N1000__f_mapper__sigma_0.01__rep19,circle_retrospective,unit_circle_S1,f_mapper,0.01,19,6.9294809039997745,0.0,0.04121268399967448,6.9710117829999945,7.980946783000007,612362
N1_C_RETRO__M6A__unit_circle_S1__N1000__conventional__sigma_0.01__rep20,circle_retrospective,unit_circle_S1,conventional,0.01,20,0.03900604000000385,0.0,0.04155199899969375,0.08082598900000448,0.48485857700001134,622968
N1_C_RETRO__M6A__unit_circle_S1__N1000__f_mapper__sigma_0.01__rep20,circle_retrospective,unit_circle_S1,f_mapper,0.01,20,5.444829909999953,0.0,0.0384841659997619,5.48361634999992,6.483124662000023,612635
N1_C_RETRO__M6A__unit_circle_S1__N1000__conventional__sigma_0.01__rep21,circle_retrospective,unit_circle_S1,conventional,0.01,21,0.03668916399965383,0.0,0.03789386399967043,0.07495401300002413,0.449668427000006,641567
N1_C_RETRO__M6A__unit_circle_S1__N1000__f_mapper__sigma_0.01__rep21,circle_retrospective,unit_circle_S1,f_mapper,0.01,21,3.883567641999889,0.0,0.0401434599998538,3.923928695000086,4.938976255,611402
N1_C_RETRO__M6A__unit_circle_S1__N1000__conventional__sigma_0.01__rep22,circle_retrospective,unit_circle_S1,conventional,0.01,22,0.03928343500001574,0.0,0.04090895499984981,0.0805004559997542,0.482915265999992,617188
N1_C_RETRO__M6A__unit_circle_S1__N1000__f_mapper__sigma_0.01__rep22,circle_retrospective,unit_circle_S1,f_mapper,0.01,22,4.908620472000166,0.0,0.03961858299999221,4.94846415200027,5.953572283,620223
N1_C_RETRO__M6A__unit_circle_S1__N1000__conventional__sigma_0.01__rep23,circle_retrospective,unit_circle_S1,conventional,0.01,23,0.04013201800034949,0.0,0.04123431200014238,0.08167613800014806,0.48959698400000207,613185
N1_C_RETRO__M6A__unit_circle_S1__N1000__f_mapper__sigma_0.01__rep23,circle_retrospective,unit_circle_S1,f_mapper,0.01,23,6.032910412999627,0.0,0.041063214000132575,6.074400328000138,7.088171595000006,611770
N1_C_RETRO__M6A__unit_circle_S1__N1000__conventional__sigma_0.01__rep24,circle_retrospective,unit_circle_S1,conventional,0.01,24,0.042483251000248856,0.0,0.040469365999797446,0.08324811800002863,0.49945692500000405,621316
N1_C_RETRO__M6A__unit_circle_S1__N1000__f_mapper__sigma_0.01__rep24,circle_retrospective,unit_circle_S1,f_mapper,0.01,24,4.68757252200021,0.0,0.044298829000126716,4.732125804000134,5.758467177,613539
N1_C_RETRO__M6A__unit_circle_S1__N1000__conventional__sigma_0.01__rep25,circle_retrospective,unit_circle_S1,conventional,0.01,25,0.0478664550000758,0.0,0.03978314200003297,0.08797616699985156,0.5277713149999954,649449
N1_C_RETRO__M6A__unit_circle_S1__N1000__f_mapper__sigma_0.01__rep25,circle_retrospective,unit_circle_S1,f_mapper,0.01,25,5.353936141999839,0.0,0.04028391199972248,5.394628670000202,6.405421103999998,611386
N1_C_RETRO__M6A__unit_circle_S1__N1000__conventional__sigma_0.01__rep26,circle_retrospective,unit_circle_S1,conventional,0.01,26,0.03894288499986942,0.0,0.044493826999769226,0.08373586100015018,0.5021066250000104,608009
N1_C_RETRO__M6A__unit_circle_S1__N1000__f_mapper__sigma_0.01__rep26,circle_retrospective,unit_circle_S1,f_mapper,0.01,26,8.00695596100013,0.0,0.03791688100000101,8.045127355999739,9.020633091999997,613923
N1_C_RETRO__M6A__unit_circle_S1__N1000__conventional__sigma_0.01__rep27,circle_retrospective,unit_circle_S1,conventional,0.01,27,0.036509860000023764,0.0,0.03832555700000739,0.07504361299970697,0.4500734449999868,598440
N1_C_RETRO__M6A__unit_circle_S1__N1000__f_mapper__sigma_0.01__rep27,circle_retrospective,unit_circle_S1,f_mapper,0.01,27,5.186771193000368,0.0,0.037172276999626774,5.224214875000143,6.221528055999983,612730
N1_C_RETRO__M6A__unit_circle_S1__N1000__conventional__sigma_0.01__rep28,circle_retrospective,unit_circle_S1,conventional,0.01,28,0.03529908100017565,0.0,0.03677316900029837,0.072298137999951,0.433676657999996,625847
N1_C_RETRO__M6A__unit_circle_S1__N1000__f_mapper__sigma_0.01__rep28,circle_retrospective,unit_circle_S1,f_mapper,0.01,28,5.957749736000096,0.0,0.03760655999985829,5.995568117999937,6.99622955800001,614420
N1_C_RETRO__M6A__unit_circle_S1__N1000__conventional__sigma_0.01__rep29,circle_retrospective,unit_circle_S1,conventional,0.01,29,0.035990872999718704,0.0,0.035813385999972525,0.07202328500034128,0.43201281000000336,621199
N1_C_RETRO__M6A__unit_circle_S1__N1000__f_mapper__sigma_0.01__rep29,circle_retrospective,unit_circle_S1,f_mapper,0.01,29,5.8507729399998425,0.0,0.04506099499985794,5.896055726000213,6.931209604000003,612985
N1_C_RETRO__M6A__unit_circle_S1__N1000__conventional__sigma_0.01__rep30,circle_retrospective,unit_circle_S1,conventional,0.01,30,0.04435989400008111,0.0,0.044641670000146405,0.08923752300006527,0.5348404399999822,625915
N1_C_RETRO__M6A__unit_circle_S1__N1000__f_mapper__sigma_0.01__rep30,circle_retrospective,unit_circle_S1,f_mapper,0.01,30,10.253709850999712,0.0,0.037142639999729,10.291091123000115,11.277264970000004,614228
N1_C_RETRO__M6A__unit_circle_S1__N1000__conventional__sigma_0.03__rep01,circle_retrospective,unit_circle_S1,conventional,0.03,1,0.03723028600006728,0.0,0.039486776999638096,0.07693444599999566,0.46156478999998285,700197
N1_C_RETRO__M6A__unit_circle_S1__N1000__f_mapper__sigma_0.03__rep01,circle_retrospective,unit_circle_S1,f_mapper,0.03,1,3.2966434049999407,0.0,0.03803029799973956,3.334883641000033,4.337661094000026,610873
N1_C_RETRO__M6A__unit_circle_S1__N1000__conventional__sigma_0.03__rep02,circle_retrospective,unit_circle_S1,conventional,0.03,2,0.037321120999877166,0.0,0.039069898999969155,0.07669191199966008,0.45943312099998934,660109
N1_C_RETRO__M6A__unit_circle_S1__N1000__f_mapper__sigma_0.03__rep02,circle_retrospective,unit_circle_S1,f_mapper,0.03,2,4.425585326000146,0.0,0.03752732500015554,4.463339332000032,5.462611550999981,639231
N1_C_RETRO__M6A__unit_circle_S1__N1000__conventional__sigma_0.03__rep03,circle_retrospective,unit_circle_S1,conventional,0.03,3,0.03573814199990011,0.0,0.0373928710000655,0.07339885000010327,0.4403495970000222,678725
N1_C_RETRO__M6A__unit_circle_S1__N1000__f_mapper__sigma_0.03__rep03,circle_retrospective,unit_circle_S1,f_mapper,0.03,3,5.8550345819999166,0.0,0.03692759699970338,5.892166877999898,6.891696752000001,613065
N1_C_RETRO__M6A__unit_circle_S1__N1000__conventional__sigma_0.03__rep04,circle_retrospective,unit_circle_S1,conventional,0.03,4,0.03562669000029928,0.0,0.037047734999759996,0.07290055500016024,0.4373746619999963,655178
N1_C_RETRO__M6A__unit_circle_S1__N1000__f_mapper__sigma_0.03__rep04,circle_retrospective,unit_circle_S1,f_mapper,0.03,4,5.524970621999728,0.0,0.03628444700007094,5.56153348800035,6.558156612000005,606803
N1_C_RETRO__M6A__unit_circle_S1__N1000__conventional__sigma_0.03__rep05,circle_retrospective,unit_circle_S1,conventional,0.03,5,0.035747138999795425,0.0,0.03713685399998212,0.07309763700004623,0.43849505099998964,734755
N1_C_RETRO__M6A__unit_circle_S1__N1000__f_mapper__sigma_0.03__rep05,circle_retrospective,unit_circle_S1,f_mapper,0.03,5,11.224208742999963,0.0,0.054483582000102615,11.278897474000132,12.362426736999993,614154
N1_C_RETRO__M6A__unit_circle_S1__N1000__conventional__sigma_0.03__rep06,circle_retrospective,unit_circle_S1,conventional,0.03,6,0.05422346800014566,0.0,0.056391519000044354,0.11100215199985541,0.6658969570000295,709976
N1_C_RETRO__M6A__unit_circle_S1__N1000__f_mapper__sigma_0.03__rep06,circle_retrospective,unit_circle_S1,f_mapper,0.03,6,5.33168890900015,0.0,0.03783851700018204,5.36978782999995,6.331706078000025,672817
N1_C_RETRO__M6A__unit_circle_S1__N1000__conventional__sigma_0.03__rep07,circle_retrospective,unit_circle_S1,conventional,0.03,7,0.03766393500018239,0.0,0.040756697000233544,0.07864386500023102,0.47164076899997553,658490
N1_C_RETRO__M6A__unit_circle_S1__N1000__f_mapper__sigma_0.03__rep07,circle_retrospective,unit_circle_S1,f_mapper,0.03,7,5.817516235000312,0.0,0.03754237600014676,5.85538028999963,6.845192028000042,613001
N1_C_RETRO__M6A__unit_circle_S1__N1000__conventional__sigma_0.03__rep08,circle_retrospective,unit_circle_S1,conventional,0.03,8,0.03545032000010906,0.0,0.036286976000155846,0.07214727300015511,0.4328804770000261,663433
N1_C_RETRO__M6A__unit_circle_S1__N1000__f_mapper__sigma_0.03__rep08,circle_retrospective,unit_circle_S1,f_mapper,0.03,8,7.781278313999792,0.0,0.036731696000060765,7.818356707000021,8.814332222999951,674411
N1_C_RETRO__M6A__unit_circle_S1__N1000__conventional__sigma_0.03__rep09,circle_retrospective,unit_circle_S1,conventional,0.03,9,0.03708766099998684,0.0,0.037602676000005886,0.07494286600012856,0.4496151469999745,743677
N1_C_RETRO__M6A__unit_circle_S1__N1000__f_mapper__sigma_0.03__rep09,circle_retrospective,unit_circle_S1,f_mapper,0.03,9,4.344837276999897,0.0,0.03714953000007881,4.382193768999969,5.381131086999972,610489
N1_C_RETRO__M6A__unit_circle_S1__N1000__conventional__sigma_0.03__rep10,circle_retrospective,unit_circle_S1,conventional,0.03,10,0.03699020800013386,0.0,0.03716711400011263,0.0745623190000515,0.4473091759999761,699407
N1_C_RETRO__M6A__unit_circle_S1__N1000__f_mapper__sigma_0.03__rep10,circle_retrospective,unit_circle_S1,f_mapper,0.03,10,8.5078890890004,0.0,0.03731381799980227,8.54543723200004,9.546295794999992,623560
N1_C_RETRO__M6A__unit_circle_S1__N1000__conventional__sigma_0.03__rep11,circle_retrospective,unit_circle_S1,conventional,0.03,11,0.0361989259999973,0.0,0.03700622599990311,0.07342454699983136,0.44049341900000627,710179
N1_C_RETRO__M6A__unit_circle_S1__N1000__f_mapper__sigma_0.03__rep11,circle_retrospective,unit_circle_S1,f_mapper,0.03,11,10.30125596400012,0.0,0.03701539600024262,10.338476197000091,11.33766393000002,612616
N1_C_RETRO__M6A__unit_circle_S1__N1000__conventional__sigma_0.03__rep12,circle_retrospective,unit_circle_S1,conventional,0.03,12,0.03541585600032704,0.0,0.03713773699973899,0.07278767699972377,0.4366654609999614,674387
N1_C_RETRO__M6A__unit_circle_S1__N1000__f_mapper__sigma_0.03__rep12,circle_retrospective,unit_circle_S1,f_mapper,0.03,12,6.447360132000085,0.0,0.03753281599983893,6.485101672999917,7.485774105000019,612387
N1_C_RETRO__M6A__unit_circle_S1__N1000__conventional__sigma_0.03__rep13,circle_retrospective,unit_circle_S1,conventional,0.03,13,0.03667728599975817,0.0,0.03723015400009899,0.07429810899975564,0.44565282799999295,682053
N1_C_RETRO__M6A__unit_circle_S1__N1000__f_mapper__sigma_0.03__rep13,circle_retrospective,unit_circle_S1,f_mapper,0.03,13,8.71695002100023,0.0,0.05270266500019716,8.769940139000028,9.84211013700002,611593
N1_C_RETRO__M6A__unit_circle_S1__N1000__conventional__sigma_0.03__rep14,circle_retrospective,unit_circle_S1,conventional,0.03,14,0.053331654999965394,0.0,0.056753645000299,0.11036936799973773,0.6620264420000126,654521
N1_C_RETRO__M6A__unit_circle_S1__N1000__f_mapper__sigma_0.03__rep14,circle_retrospective,unit_circle_S1,f_mapper,0.03,14,4.061149892999765,0.0,0.03720989599969471,4.098702827000125,5.066170371999988,629424
N1_C_RETRO__M6A__unit_circle_S1__N1000__conventional__sigma_0.03__rep15,circle_retrospective,unit_circle_S1,conventional,0.03,15,0.036524818000089,0.0,0.037346823000007134,0.07418431399992187,0.44506139999998595,641319
N1_C_RETRO__M6A__unit_circle_S1__N1000__f_mapper__sigma_0.03__rep15,circle_retrospective,unit_circle_S1,f_mapper,0.03,15,5.1047448350000195,0.0,0.037721815000168135,5.14267824999979,6.142894029000047,612154
N1_C_RETRO__M6A__unit_circle_S1__N1000__conventional__sigma_0.03__rep16,circle_retrospective,unit_circle_S1,conventional,0.03,16,0.03582182799982547,0.0,0.03886684300005072,0.07492627100009486,0.4494669590000058,678874
N1_C_RETRO__M6A__unit_circle_S1__N1000__f_mapper__sigma_0.03__rep16,circle_retrospective,unit_circle_S1,f_mapper,0.03,16,5.294825170999957,0.0,0.03702251400000023,5.332067800999994,6.324905631999968,620589
N1_C_RETRO__M6A__unit_circle_S1__N1000__conventional__sigma_0.03__rep17,circle_retrospective,unit_circle_S1,conventional,0.03,17,0.03642300899991824,0.0,0.037146139000014955,0.07378271200013842,0.4426587049999853,726216
N1_C_RETRO__M6A__unit_circle_S1__N1000__f_mapper__sigma_0.03__rep17,circle_retrospective,unit_circle_S1,f_mapper,0.03,17,6.034597430999838,0.0,0.03708630599976459,6.0720033719999265,7.068641867999986,610570
N1_C_RETRO__M6A__unit_circle_S1__N1000__conventional__sigma_0.03__rep18,circle_retrospective,unit_circle_S1,conventional,0.03,18,0.0372506369999428,0.0,0.038145851000081166,0.07575932600002488,0.45450668500001257,720317
N1_C_RETRO__M6A__unit_circle_S1__N1000__f_mapper__sigma_0.03__rep18,circle_retrospective,unit_circle_S1,f_mapper,0.03,18,10.992731937999906,0.0,0.05086767599959785,11.04383007999968,12.10796220100002,612388
N1_C_RETRO__M6A__unit_circle_S1__N1000__conventional__sigma_0.03__rep19,circle_retrospective,unit_circle_S1,conventional,0.03,19,0.055358633999730955,0.0,0.05760435199999847,0.11357644700001401,0.6813465209999663,721817
N1_C_RETRO__M6A__unit_circle_S1__N1000__f_mapper__sigma_0.03__rep19,circle_retrospective,unit_circle_S1,f_mapper,0.03,19,6.959127377000186,0.0,0.03808912800013786,6.997587968000062,7.964321579,610393
N1_C_RETRO__M6A__unit_circle_S1__N1000__conventional__sigma_0.03__rep20,circle_retrospective,unit_circle_S1,conventional,0.03,20,0.04240385999992213,0.0,0.03683148699974481,0.07945930200003204,0.4766980100000069,762216
N1_C_RETRO__M6A__unit_circle_S1__N1000__f_mapper__sigma_0.03__rep20,circle_retrospective,unit_circle_S1,f_mapper,0.03,20,5.7643689420001465,0.0,0.03679190599996218,5.801414517000012,6.797596573999954,654149
N1_C_RETRO__M6A__unit_circle_S1__N1000__conventional__sigma_0.03__rep21,circle_retrospective,unit_circle_S1,conventional,0.03,21,0.03583965400002853,0.0,0.03749431400001413,0.07374118899997484,0.4423250479999865,798482
N1_C_RETRO__M6A__unit_circle_S1__N1000__f_mapper__sigma_0.03__rep21,circle_retrospective,unit_circle_S1,f_mapper,0.03,21,5.448608151999906,0.0,0.036379568000029394,5.485193960999823,6.481809382000051,612298
N1_C_RETRO__M6A__unit_circle_S1__N1000__conventional__sigma_0.03__rep22,circle_retrospective,unit_circle_S1,conventional,0.03,22,0.037039797000034014,0.0,0.03747737399999096,0.0747387900000831,0.4484111900000016,694942
N1_C_RETRO__M6A__unit_circle_S1__N1000__f_mapper__sigma_0.03__rep22,circle_retrospective,unit_circle_S1,f_mapper,0.03,22,6.584791686000244,0.0,0.05439991699995517,6.63950185900012,7.717900595999993,616270
N1_C_RETRO__M6A__unit_circle_S1__N1000__conventional__sigma_0.03__rep23,circle_retrospective,unit_circle_S1,conventional,0.03,23,0.05460633799975767,0.0,0.05694014100026834,0.11183343099992271,0.6705884329999776,714566
N1_C_RETRO__M6A__unit_circle_S1__N1000__f_mapper__sigma_0.03__rep23,circle_retrospective,unit_circle_S1,f_mapper,0.03,23,6.662837541000044,0.0,0.037180935999913345,6.7002892489999795,7.6586447139999905,611130
N1_C_RETRO__M6A__unit_circle_S1__N1000__conventional__sigma_0.03__rep24,circle_retrospective,unit_circle_S1,conventional,0.03,24,0.03635415300004752,0.0,0.03738411999984237,0.07408319400019536,0.4444384739999805,669489
N1_C_RETRO__M6A__unit_circle_S1__N1000__f_mapper__sigma_0.03__rep24,circle_retrospective,unit_circle_S1,f_mapper,0.03,24,4.323100981000152,0.0,0.03856134900024699,4.361872929000128,5.363930119999964,614370
N1_C_RETRO__M6A__unit_circle_S1__N1000__conventional__sigma_0.03__rep25,circle_retrospective,unit_circle_S1,conventional,0.03,25,0.03831338999998479,0.0,0.0405432870002187,0.0792052550000335,0.47500280199994904,625972
N1_C_RETRO__M6A__unit_circle_S1__N1000__f_mapper__sigma_0.03__rep25,circle_retrospective,unit_circle_S1,f_mapper,0.03,25,6.223490494000089,0.0,0.0382318690003558,6.261937108999973,7.2661775739999825,612282
N1_C_RETRO__M6A__unit_circle_S1__N1000__conventional__sigma_0.03__rep26,circle_retrospective,unit_circle_S1,conventional,0.03,26,0.03768746900004771,0.0,0.037298874000043725,0.07522059599978093,0.45128119100002095,709716
N1_C_RETRO__M6A__unit_circle_S1__N1000__f_mapper__sigma_0.03__rep26,circle_retrospective,unit_circle_S1,f_mapper,0.03,26,5.868521756000064,0.0,0.0390257300000485,5.9078032900001745,6.913492904999998,658908
N1_C_RETRO__M6A__unit_circle_S1__N1000__conventional__sigma_0.03__rep27,circle_retrospective,unit_circle_S1,conventional,0.03,27,0.0572819110002456,0.0,0.058710592000352335,0.1163500180000483,0.6979761659999895,698581
N1_C_RETRO__M6A__unit_circle_S1__N1000__f_mapper__sigma_0.03__rep27,circle_retrospective,unit_circle_S1,f_mapper,0.03,27,4.199357311999847,0.0,0.0376080539999748,4.237243100999876,5.204076372000031,611961
N1_C_RETRO__M6A__unit_circle_S1__N1000__conventional__sigma_0.03__rep28,circle_retrospective,unit_circle_S1,conventional,0.03,28,0.03862534700010656,0.0,0.03734682999993311,0.0762590409999575,0.4573950630000354,710423
N1_C_RETRO__M6A__unit_circle_S1__N1000__f_mapper__sigma_0.03__rep28,circle_retrospective,unit_circle_S1,f_mapper,0.03,28,6.22646778599983,0.0,0.037823402999947575,6.264520143000027,7.266372676999993,625049
N1_C_RETRO__M6A__unit_circle_S1__N1000__conventional__sigma_0.03__rep29,circle_retrospective,unit_circle_S1,conventional,0.03,29,0.03735613099979673,0.0,0.036499842000011995,0.07413587200016991,0.44475224199999275,684900
N1_C_RETRO__M6A__unit_circle_S1__N1000__f_mapper__sigma_0.03__rep29,circle_retrospective,unit_circle_S1,f_mapper,0.03,29,6.364472556000237,0.0,0.038733445999696414,6.403418404000149,7.409129495999991,612154
N1_C_RETRO__M6A__unit_circle_S1__N1000__conventional__sigma_0.03__rep30,circle_retrospective,unit_circle_S1,conventional,0.03,30,0.03599374900022667,0.0,0.037462633999894024,0.07369089600024381,0.4420903799999678,663518
N1_C_RETRO__M6A__unit_circle_S1__N1000__f_mapper__sigma_0.03__rep30,circle_retrospective,unit_circle_S1,f_mapper,0.03,30,5.819956603000264,0.0,0.05502679499977603,5.875206919999982,6.963214348000008,619694
N1_C_RETRO__M6A__unit_circle_S1__N1000__conventional__sigma_0.05__rep01,circle_retrospective,unit_circle_S1,conventional,0.05,1,0.055264804999751505,0.0,0.055891499000154,0.11147798100000728,0.6688219209999602,845099
N1_C_RETRO__M6A__unit_circle_S1__N1000__f_mapper__sigma_0.05__rep01,circle_retrospective,unit_circle_S1,f_mapper,0.05,1,5.596148962999905,0.0,0.03414869800008091,5.630676076999862,6.582284399000002,615202
N1_C_RETRO__M6A__unit_circle_S1__N1000__conventional__sigma_0.05__rep02,circle_retrospective,unit_circle_S1,conventional,0.05,2,0.03762035800036756,0.0,0.03810661599982268,0.07603458500034321,0.4561369830000217,761991
N1_C_RETRO__M6A__unit_circle_S1__N1000__f_mapper__sigma_0.05__rep02,circle_retrospective,unit_circle_S1,f_mapper,0.05,2,11.598147163000249,0.0,4.409998837218154e-07,11.598368871000275,12.420017936000022,429182
N1_C_RETRO__M6A__unit_circle_S1__N1000__conventional__sigma_0.05__rep03,circle_retrospective,unit_circle_S1,conventional,0.05,3,0.038713137000286224,0.0,0.035495981000167376,0.07441784100001314,0.24008670699998902,685578
N1_C_RETRO__M6A__unit_circle_S1__N1000__f_mapper__sigma_0.05__rep03,circle_retrospective,unit_circle_S1,f_mapper,0.05,3,8.924538646000201,0.0,0.03528946000005817,8.960242668999854,9.946426398000028,618652
N1_C_RETRO__M6A__unit_circle_S1__N1000__conventional__sigma_0.05__rep04,circle_retrospective,unit_circle_S1,conventional,0.05,4,0.038672809999752644,0.0,0.03946679000000586,0.07837859100027345,0.4702233129999627,704804
N1_C_RETRO__M6A__unit_circle_S1__N1000__f_mapper__sigma_0.05__rep04,circle_retrospective,unit_circle_S1,f_mapper,0.05,4,6.3599401229998875,0.0,0.031328964000294945,6.3915299399996,7.352953458999991,615212
N1_C_RETRO__M6A__unit_circle_S1__N1000__conventional__sigma_0.05__rep05,circle_retrospective,unit_circle_S1,conventional,0.05,5,0.055127047000041784,0.0,0.05753029500010598,0.1129961500000718,0.677928823000002,690433
N1_C_RETRO__M6A__unit_circle_S1__N1000__f_mapper__sigma_0.05__rep05,circle_retrospective,unit_circle_S1,f_mapper,0.05,5,8.078992436000135,0.0,0.03650554099976944,8.115924483000072,9.06816523699996,696172
N1_C_RETRO__M6A__unit_circle_S1__N1000__conventional__sigma_0.05__rep06,circle_retrospective,unit_circle_S1,conventional,0.05,6,0.03774388900001213,0.0,0.03877546599960624,0.07673176599973885,0.46035385099992254,675150
N1_C_RETRO__M6A__unit_circle_S1__N1000__f_mapper__sigma_0.05__rep06,circle_retrospective,unit_circle_S1,f_mapper,0.05,6,4.105294687999958,0.0,0.05438399100012248,4.159892944000148,5.240341046000026,699167
N1_C_RETRO__M6A__unit_circle_S1__N1000__conventional__sigma_0.05__rep07,circle_retrospective,unit_circle_S1,conventional,0.05,7,0.056946039000195015,0.0,0.056622518000040145,0.11392755499991836,0.6834787180000603,817227
N1_C_RETRO__M6A__unit_circle_S1__N1000__f_mapper__sigma_0.05__rep07,circle_retrospective,unit_circle_S1,f_mapper,0.05,7,4.925947972999893,0.0,0.03574359200001709,4.961970271000155,5.919984767999949,618411
N1_C_RETRO__M6A__unit_circle_S1__N1000__conventional__sigma_0.05__rep08,circle_retrospective,unit_circle_S1,conventional,0.05,8,0.0376078909998796,0.0,0.03970337800001289,0.07754919800026983,0.4652616680000392,756609
N1_C_RETRO__M6A__unit_circle_S1__N1000__f_mapper__sigma_0.05__rep08,circle_retrospective,unit_circle_S1,f_mapper,0.05,8,6.6098374989996955,0.0,0.038486162000026525,6.648562030999983,7.648320646999991,699081
N1_C_RETRO__M6A__unit_circle_S1__N1000__conventional__sigma_0.05__rep09,circle_retrospective,unit_circle_S1,conventional,0.05,9,0.0361768619995928,0.0,0.038773233000028995,0.07518332499967073,0.45102967000002536,732311
N1_C_RETRO__M6A__unit_circle_S1__N1000__f_mapper__sigma_0.05__rep09,circle_retrospective,unit_circle_S1,f_mapper,0.05,9,3.701250870000422,0.0,0.03762747699965985,3.7392409029998817,4.733157088999974,638694
N1_C_RETRO__M6A__unit_circle_S1__N1000__conventional__sigma_0.05__rep10,circle_retrospective,unit_circle_S1,conventional,0.05,10,0.037549108999883174,0.0,0.03578666300018085,0.07357903000001897,0.4413938169999483,582957
N1_C_RETRO__M6A__unit_circle_S1__N1000__f_mapper__sigma_0.05__rep10,circle_retrospective,unit_circle_S1,f_mapper,0.05,10,11.500183368999842,0.0,7.010003173490986e-07,11.500412781999785,12.322869386999969,429182
N1_C_RETRO__M6A__unit_circle_S1__N1000__conventional__sigma_0.05__rep11,circle_retrospective,unit_circle_S1,conventional,0.05,11,0.03603163199977644,0.0,0.03919947099984711,0.07543124099993292,0.2612570630000164,786171
N1_C_RETRO__M6A__unit_circle_S1__N1000__f_mapper__sigma_0.05__rep11,circle_retrospective,unit_circle_S1,f_mapper,0.05,11,10.279652983000233,0.0,0.03696278899997196,10.316955753000002,11.310880603999976,674770
N1_C_RETRO__M6A__unit_circle_S1__N1000__conventional__sigma_0.05__rep12,circle_retrospective,unit_circle_S1,conventional,0.05,12,0.036953010999695834,0.0,0.035753297000155726,0.07294406500022887,0.43757021800001894,748277
N1_C_RETRO__M6A__unit_circle_S1__N1000__f_mapper__sigma_0.05__rep12,circle_retrospective,unit_circle_S1,f_mapper,0.05,12,7.007703965000019,0.0,0.03540502199984985,7.043327087999842,8.027048170999933,610690
N1_C_RETRO__M6A__unit_circle_S1__N1000__conventional__sigma_0.05__rep13,circle_retrospective,unit_circle_S1,conventional,0.05,13,0.037378375999651325,0.0,0.03880520800021259,0.07646433400032038,0.45867596499999763,804287
N1_C_RETRO__M6A__unit_circle_S1__N1000__f_mapper__sigma_0.05__rep13,circle_retrospective,unit_circle_S1,f_mapper,0.05,13,5.846113652999975,0.0,0.036509380000097735,5.882873717000166,6.876270005999913,683613
N1_C_RETRO__M6A__unit_circle_S1__N1000__conventional__sigma_0.05__rep14,circle_retrospective,unit_circle_S1,conventional,0.05,14,0.03660247600009825,0.0,0.03833631699990292,0.07517969699983951,0.4510340990000259,763944
N1_C_RETRO__M6A__unit_circle_S1__N1000__f_mapper__sigma_0.05__rep14,circle_retrospective,unit_circle_S1,f_mapper,0.05,14,11.377395012999841,0.0,0.03743693800015535,11.41536255200026,12.412150758000053,611170
N1_C_RETRO__M6A__unit_circle_S1__N1000__conventional__sigma_0.05__rep15,circle_retrospective,unit_circle_S1,conventional,0.05,15,0.042866128999776265,0.0,0.03793918500014115,0.08104387499997756,0.48596609499998067,792326
N1_C_RETRO__M6A__unit_circle_S1__N1000__f_mapper__sigma_0.05__rep15,circle_retrospective,unit_circle_S1,f_mapper,0.05,15,11.558094097999856,0.0,7.920002644823398e-07,11.558485206000114,12.379828101000044,429179
N1_C_RETRO__M6A__unit_circle_S1__N1000__conventional__sigma_0.05__rep16,circle_retrospective,unit_circle_S1,conventional,0.05,16,0.036085206999814545,0.0,0.03813651500013293,0.07443290100036393,0.2550602000000026,834097
N1_C_RETRO__M6A__unit_circle_S1__N1000__f_mapper__sigma_0.05__rep16,circle_retrospective,unit_circle_S1,f_mapper,0.05,16,6.3038115629997264,0.0,0.039010508000046684,6.343054419000055,7.348620551000067,684891
N1_C_RETRO__M6A__unit_circle_S1__N1000__conventional__sigma_0.05__rep17,circle_retrospective,unit_circle_S1,conventional,0.05,17,0.03727646700008336,0.0,0.03928451399997357,0.07677463500021986,0.46064597700001286,713652
N1_C_RETRO__M6A__unit_circle_S1__N1000__f_mapper__sigma_0.05__rep17,circle_retrospective,unit_circle_S1,f_mapper,0.05,17,9.42787588400006,0.0,0.0374996190003003,9.465625445000114,10.459424963999936,724541
N1_C_RETRO__M6A__unit_circle_S1__N1000__conventional__sigma_0.05__rep18,circle_retrospective,unit_circle_S1,conventional,0.05,18,0.03624238800011881,0.0,0.038149985000018205,0.07468396400008714,0.44806754800004,833303
N1_C_RETRO__M6A__unit_circle_S1__N1000__f_mapper__sigma_0.05__rep18,circle_retrospective,unit_circle_S1,f_mapper,0.05,18,11.59393941899998,0.0,4.409998837218154e-07,11.594164283999817,12.416574758000024,429182
N1_C_RETRO__M6A__unit_circle_S1__N1000__conventional__sigma_0.05__rep19,circle_retrospective,unit_circle_S1,conventional,0.05,19,0.036194256999806385,0.0,0.05625635100022919,0.09265838000010262,0.36045028199998796,743703
N1_C_RETRO__M6A__unit_circle_S1__N1000__f_mapper__sigma_0.05__rep19,circle_retrospective,unit_circle_S1,f_mapper,0.05,19,4.361026583000239,0.0,0.035545550000279036,4.396883149999667,5.3467109750000645,614210
N1_C_RETRO__M6A__unit_circle_S1__N1000__conventional__sigma_0.05__rep20,circle_retrospective,unit_circle_S1,conventional,0.05,20,0.03597020100005466,0.0,0.03797142400026132,0.07425500499994087,0.44531797000001916,783080
N1_C_RETRO__M6A__unit_circle_S1__N1000__f_mapper__sigma_0.05__rep20,circle_retrospective,unit_circle_S1,f_mapper,0.05,20,11.598746749999918,0.0,1.0120002116309479e-06,11.59902015500029,12.41540813100005,429182
N1_C_RETRO__M6A__unit_circle_S1__N1000__conventional__sigma_0.05__rep21,circle_retrospective,unit_circle_S1,conventional,0.05,21,0.03455960200017216,0.0,0.035497339999892574,0.0703244569999697,0.23606385599998703,671118
N1_C_RETRO__M6A__unit_circle_S1__N1000__f_mapper__sigma_0.05__rep21,circle_retrospective,unit_circle_S1,f_mapper,0.05,21,9.97359501300025,0.0,0.03516071700005341,10.00910349700007,10.992731102999983,633489
N1_C_RETRO__M6A__unit_circle_S1__N1000__conventional__sigma_0.05__rep22,circle_retrospective,unit_circle_S1,conventional,0.05,22,0.03677917699997124,0.0,0.03818777200012846,0.07517632300005062,0.4510632829999395,671358
N1_C_RETRO__M6A__unit_circle_S1__N1000__f_mapper__sigma_0.05__rep22,circle_retrospective,unit_circle_S1,f_mapper,0.05,22,4.072105277999981,0.0,0.03958030199964924,4.112075665000248,5.1171032190000005,678450
N1_C_RETRO__M6A__unit_circle_S1__N1000__conventional__sigma_0.05__rep23,circle_retrospective,unit_circle_S1,conventional,0.05,23,0.03620352799998727,0.0,0.03838691199962341,0.07480717899989031,0.4487740700000131,831374
N1_C_RETRO__M6A__unit_circle_S1__N1000__f_mapper__sigma_0.05__rep23,circle_retrospective,unit_circle_S1,f_mapper,0.05,23,4.3718021300001055,0.0,0.03758833399979267,4.409630217000085,5.403947580000022,700520
N1_C_RETRO__M6A__unit_circle_S1__N1000__conventional__sigma_0.05__rep24,circle_retrospective,unit_circle_S1,conventional,0.05,24,0.03796161700029188,0.0,0.03883220899979278,0.07719340000039665,0.46310409499994876,702406
N1_C_RETRO__M6A__unit_circle_S1__N1000__f_mapper__sigma_0.05__rep24,circle_retrospective,unit_circle_S1,f_mapper,0.05,24,5.41824129700035,0.0,0.03511002900040694,5.453822953999861,6.438585012999965,630991
N1_C_RETRO__M6A__unit_circle_S1__N1000__conventional__sigma_0.05__rep25,circle_retrospective,unit_circle_S1,conventional,0.05,25,0.03783183799987455,0.0,0.03729097900031775,0.07551350300036574,0.4530213430000458,739257
N1_C_RETRO__M6A__unit_circle_S1__N1000__f_mapper__sigma_0.05__rep25,circle_retrospective,unit_circle_S1,f_mapper,0.05,25,2.7400828949998868,0.0,0.05382291800015082,2.7941222509998624,3.8737634650000246,648128
N1_C_RETRO__M6A__unit_circle_S1__N1000__conventional__sigma_0.05__rep26,circle_retrospective,unit_circle_S1,conventional,0.05,26,0.055286354000145366,0.0,0.05665704700004426,0.11222453100026542,0.6730943229999866,748848
N1_C_RETRO__M6A__unit_circle_S1__N1000__f_mapper__sigma_0.05__rep26,circle_retrospective,unit_circle_S1,f_mapper,0.05,26,5.012816766999549,0.0,0.05521644700002071,5.068317908999688,6.112591150999947,657379
N1_C_RETRO__M6A__unit_circle_S1__N1000__conventional__sigma_0.05__rep27,circle_retrospective,unit_circle_S1,conventional,0.05,27,0.05428700499987826,0.0,0.05701033599962102,0.11156344300025012,0.6691954410000562,840568
N1_C_RETRO__M6A__unit_circle_S1__N1000__f_mapper__sigma_0.05__rep27,circle_retrospective,unit_circle_S1,f_mapper,0.05,27,9.941087711999899,0.0,0.03453192599999966,9.975911157000155,10.918546976000016,615964
N1_C_RETRO__M6A__unit_circle_S1__N1000__conventional__sigma_0.05__rep28,circle_retrospective,unit_circle_S1,conventional,0.05,28,0.03691947399966011,0.0,0.03761147700015499,0.0747470789997351,0.44844225000008464,718287
N1_C_RETRO__M6A__unit_circle_S1__N1000__f_mapper__sigma_0.05__rep28,circle_retrospective,unit_circle_S1,f_mapper,0.05,28,3.707719238000209,0.0,0.035216121999837924,3.7432337730001564,4.730665196999894,567346
N1_C_RETRO__M6A__unit_circle_S1__N1000__conventional__sigma_0.05__rep29,circle_retrospective,unit_circle_S1,conventional,0.05,29,0.03718447999972341,0.0,0.038589155999943614,0.07600900900024499,0.45599599000001945,788676
N1_C_RETRO__M6A__unit_circle_S1__N1000__f_mapper__sigma_0.05__rep29,circle_retrospective,unit_circle_S1,f_mapper,0.05,29,7.201048304999858,0.0,0.03544441700023526,7.236708126999929,8.223232897000003,698659
N1_C_RETRO__M6A__unit_circle_S1__N1000__conventional__sigma_0.05__rep30,circle_retrospective,unit_circle_S1,conventional,0.05,30,0.0378584539998883,0.0,0.038926154999899154,0.07705108099980862,0.4622542209999665,779673
N1_C_RETRO__M6A__unit_circle_S1__N1000__f_mapper__sigma_0.05__rep30,circle_retrospective,unit_circle_S1,f_mapper,0.05,30,7.629468002000067,0.0,0.035582089999934396,7.665278100999785,8.653512042999978,617105
N1_C_RETRO__M6A__unit_circle_S1__N1000__conventional__sigma_0.08__rep01,circle_retrospective,unit_circle_S1,conventional,0.08,1,0.036425959000098374,0.0,0.033061010999972495,0.06971470000007685,0.41826382499993997,578554
N1_C_RETRO__M6A__unit_circle_S1__N1000__f_mapper__sigma_0.08__rep01,circle_retrospective,unit_circle_S1,f_mapper,0.08,1,4.25975956900038,0.0,0.03146916000014244,4.291600178999943,5.252617472999987,612940
N1_C_RETRO__M6A__unit_circle_S1__N1000__conventional__sigma_0.08__rep02,circle_retrospective,unit_circle_S1,conventional,0.08,2,0.037197628999820154,0.0,0.03386288899991996,0.07129225399967254,0.4276308629999903,613819
N1_C_RETRO__M6A__unit_circle_S1__N1000__f_mapper__sigma_0.08__rep02,circle_retrospective,unit_circle_S1,f_mapper,0.08,2,7.302824301999863,0.0,0.032010816000365594,7.335091380999984,8.29877061000002,613452
N1_C_RETRO__M6A__unit_circle_S1__N1000__conventional__sigma_0.08__rep03,circle_retrospective,unit_circle_S1,conventional,0.08,3,0.03643976699959239,0.0,0.03237586300019757,0.06901774100015245,0.41406048300007114,526245
N1_C_RETRO__M6A__unit_circle_S1__N1000__f_mapper__sigma_0.08__rep03,circle_retrospective,unit_circle_S1,f_mapper,0.08,3,4.947848846999932,0.0,0.03275388100018972,4.980851346999771,5.948959646999924,612660
N1_C_RETRO__M6A__unit_circle_S1__N1000__conventional__sigma_0.08__rep04,circle_retrospective,unit_circle_S1,conventional,0.08,4,0.03623826300008659,0.0,0.03262736299984681,0.06914222700015671,0.4148231519999399,652987
N1_C_RETRO__M6A__unit_circle_S1__N1000__f_mapper__sigma_0.08__rep04,circle_retrospective,unit_circle_S1,f_mapper,0.08,4,7.360566835999634,0.0,0.03529504099969927,7.396078716000375,8.382651801000065,613226
N1_C_RETRO__M6A__unit_circle_S1__N1000__conventional__sigma_0.08__rep05,circle_retrospective,unit_circle_S1,conventional,0.08,5,0.037289516999862826,0.0,0.03380439399961688,0.07132757199997286,0.4278367719999778,618859
N1_C_RETRO__M6A__unit_circle_S1__N1000__f_mapper__sigma_0.08__rep05,circle_retrospective,unit_circle_S1,f_mapper,0.08,5,9.480518998999742,0.0,0.03625196699977096,9.517049318999852,10.497617156000047,612072
N1_C_RETRO__M6A__unit_circle_S1__N1000__conventional__sigma_0.08__rep06,circle_retrospective,unit_circle_S1,conventional,0.08,6,0.03731500799995047,0.0,0.0340603600002396,0.071635267000147,0.42966331399998126,578111
N1_C_RETRO__M6A__unit_circle_S1__N1000__f_mapper__sigma_0.08__rep06,circle_retrospective,unit_circle_S1,f_mapper,0.08,6,11.62341330199979,0.0,5.510000846697949e-07,11.623645389999638,12.437253782000084,429182
N1_C_RETRO__M6A__unit_circle_S1__N1000__conventional__sigma_0.08__rep07,circle_retrospective,unit_circle_S1,conventional,0.08,7,0.036737752000135515,0.0,0.03438937100008843,0.07133060799969826,0.22810278000008566,718280
N1_C_RETRO__M6A__unit_circle_S1__N1000__f_mapper__sigma_0.08__rep07,circle_retrospective,unit_circle_S1,f_mapper,0.08,7,5.130283340000005,0.0,0.03208247599968672,5.1626288399997975,6.130482755999992,630203
N1_C_RETRO__M6A__unit_circle_S1__N1000__conventional__sigma_0.08__rep08,circle_retrospective,unit_circle_S1,conventional,0.08,8,0.03702547000011691,0.0,0.034260044999882666,0.07152267200035567,0.4290043579999292,633989
N1_C_RETRO__M6A__unit_circle_S1__N1000__f_mapper__sigma_0.08__rep08,circle_retrospective,unit_circle_S1,f_mapper,0.08,8,7.802276988999893,0.0,0.03453799299995808,7.8370467069998995,8.812605355999949,566698
N1_C_RETRO__M6A__unit_circle_S1__N1000__conventional__sigma_0.08__rep09,circle_retrospective,unit_circle_S1,conventional,0.08,9,0.03694613500010746,0.0,0.03378387299972019,0.07094748899999104,0.4256360740000673,591398
N1_C_RETRO__M6A__unit_circle_S1__N1000__f_mapper__sigma_0.08__rep09,circle_retrospective,unit_circle_S1,f_mapper,0.08,9,6.789859816999979,0.0,0.05369464500017784,6.843766992000383,7.9156294509999725,680458
N1_C_RETRO__M6A__unit_circle_S1__N1000__conventional__sigma_0.08__rep10,circle_retrospective,unit_circle_S1,conventional,0.08,10,0.06266215400000874,0.0,0.04819875100019999,0.11126962400021512,0.6670219289999295,636803
N1_C_RETRO__M6A__unit_circle_S1__N1000__f_mapper__sigma_0.08__rep10,circle_retrospective,unit_circle_S1,f_mapper,0.08,10,11.59496905900005,0.0,6.310001481324434e-07,11.59525318399983,12.375222698000016,429182
N1_C_RETRO__M6A__unit_circle_S1__N1000__conventional__sigma_0.08__rep11,circle_retrospective,unit_circle_S1,conventional,0.08,11,0.040359396999974706,0.0,0.04768861000002289,0.08825027700004284,0.3163265739999588,620208
N1_C_RETRO__M6A__unit_circle_S1__N1000__f_mapper__sigma_0.08__rep11,circle_retrospective,unit_circle_S1,f_mapper,0.08,11,12.953698163999888,0.0,5.709998731617816e-07,12.95398779900006,13.725756486000023,429254
N1_C_RETRO__M6A__unit_circle_S1__N1000__conventional__sigma_0.08__rep12,circle_retrospective,unit_circle_S1,conventional,0.08,12,0.035390807000112545,0.0,0.04760907899981248,0.08320795800000269,0.3081090910000057,542123
N1_C_RETRO__M6A__unit_circle_S1__N1000__f_mapper__sigma_0.08__rep12,circle_retrospective,unit_circle_S1,f_mapper,0.08,12,5.329804715999671,0.0,0.03224082700035069,5.3623475809999945,6.298368430999972,612771
N1_C_RETRO__M6A__unit_circle_S1__N1000__conventional__sigma_0.08__rep13,circle_retrospective,unit_circle_S1,conventional,0.08,13,0.036946381000234396,0.0,0.0336423730000206,0.07082106200005,0.424881570000025,672944
N1_C_RETRO__M6A__unit_circle_S1__N1000__f_mapper__sigma_0.08__rep13,circle_retrospective,unit_circle_S1,f_mapper,0.08,13,4.0909861219997765,0.0,0.03149424999992334,4.1227040110002235,5.084812028999977,614292
N1_C_RETRO__M6A__unit_circle_S1__N1000__conventional__sigma_0.08__rep14,circle_retrospective,unit_circle_S1,conventional,0.08,14,0.0371169390000432,0.0,0.03305814199984525,0.07046134900019752,0.42260013299994625,643736
N1_C_RETRO__M6A__unit_circle_S1__N1000__f_mapper__sigma_0.08__rep14,circle_retrospective,unit_circle_S1,f_mapper,0.08,14,6.89676769100015,0.0,0.0318913920000341,6.928880400000253,7.895996539000066,565922
N1_C_RETRO__M6A__unit_circle_S1__N1000__conventional__sigma_0.08__rep15,circle_retrospective,unit_circle_S1,conventional,0.08,15,0.036605472000246664,0.0,0.0331528859996979,0.07017904999975144,0.42093998899997587,555821
N1_C_RETRO__M6A__unit_circle_S1__N1000__f_mapper__sigma_0.08__rep15,circle_retrospective,unit_circle_S1,f_mapper,0.08,15,7.09638559799987,0.0,0.048125321000043186,7.1448406290001,8.187092156000062,612892
N1_C_RETRO__M6A__unit_circle_S1__N1000__conventional__sigma_0.08__rep16,circle_retrospective,unit_circle_S1,conventional,0.08,16,0.057346819000031246,0.0,0.04807756000036534,0.10577102200022637,0.6344602039999927,634237
N1_C_RETRO__M6A__unit_circle_S1__N1000__f_mapper__sigma_0.08__rep16,circle_retrospective,unit_circle_S1,f_mapper,0.08,16,11.69221831599998,0.0,5.510000846697949e-07,11.692512610000449,12.473338196999975,429182
N1_C_RETRO__M6A__unit_circle_S1__N1000__conventional__sigma_0.08__rep17,circle_retrospective,unit_circle_S1,conventional,0.08,17,0.04142588800004887,0.0,0.04927177700028551,0.09089603800020996,0.3207736000000523,636929
N1_C_RETRO__M6A__unit_circle_S1__N1000__f_mapper__sigma_0.08__rep17,circle_retrospective,unit_circle_S1,f_mapper,0.08,17,9.065103739999813,0.0,0.03165125599980456,9.097153765000257,10.027770666000038,563506
N1_C_RETRO__M6A__unit_circle_S1__N1000__conventional__sigma_0.08__rep18,circle_retrospective,unit_circle_S1,conventional,0.08,18,0.038016198000150325,0.0,0.03448586800004705,0.07280888300010702,0.4366992449999998,618254
N1_C_RETRO__M6A__unit_circle_S1__N1000__f_mapper__sigma_0.08__rep18,circle_retrospective,unit_circle_S1,f_mapper,0.08,18,10.619428943999992,0.0,0.032366335000006075,10.652049958999669,11.61325294300002,613723
N1_C_RETRO__M6A__unit_circle_S1__N1000__conventional__sigma_0.08__rep19,circle_retrospective,unit_circle_S1,conventional,0.08,19,0.03635289300018485,0.0,0.03323875600017345,0.06992791099992246,0.41937749099997745,694393
N1_C_RETRO__M6A__unit_circle_S1__N1000__f_mapper__sigma_0.08__rep19,circle_retrospective,unit_circle_S1,f_mapper,0.08,19,9.171693722000327,0.0,0.037962094000249635,9.209890819000066,10.202429638000012,613387
N1_C_RETRO__M6A__unit_circle_S1__N1000__conventional__sigma_0.08__rep20,circle_retrospective,unit_circle_S1,conventional,0.08,20,0.04288000299993655,0.0,0.03521452799986946,0.07835055199984708,0.47004096099999515,556366
N1_C_RETRO__M6A__unit_circle_S1__N1000__f_mapper__sigma_0.08__rep20,circle_retrospective,unit_circle_S1,f_mapper,0.08,20,10.662871557000017,0.0,0.047313953999946534,10.710412287000054,11.756168171000013,702432
N1_C_RETRO__M6A__unit_circle_S1__N1000__conventional__sigma_0.08__rep21,circle_retrospective,unit_circle_S1,conventional,0.08,21,0.05648023200001262,0.0,0.04837766399987231,0.10543664400029229,0.6325272300000506,652891
N1_C_RETRO__M6A__unit_circle_S1__N1000__f_mapper__sigma_0.08__rep21,circle_retrospective,unit_circle_S1,f_mapper,0.08,21,8.769287749999876,0.0,0.03193542000008165,8.801495542000339,9.733389531999933,614220
N1_C_RETRO__M6A__unit_circle_S1__N1000__conventional__sigma_0.08__rep22,circle_retrospective,unit_circle_S1,conventional,0.08,22,0.03584112499993353,0.0,0.032034095999733836,0.06845551200012778,0.41067404499995064,590364
N1_C_RETRO__M6A__unit_circle_S1__N1000__f_mapper__sigma_0.08__rep22,circle_retrospective,unit_circle_S1,f_mapper,0.08,22,7.582032569000148,0.0,0.034270115999788686,7.616522879000058,8.594758474999935,565049
N1_C_RETRO__M6A__unit_circle_S1__N1000__conventional__sigma_0.08__rep23,circle_retrospective,unit_circle_S1,conventional,0.08,23,0.03725910599996496,0.0,0.03625031999990824,0.07390398899997308,0.44071504199996525,635494
N1_C_RETRO__M6A__unit_circle_S1__N1000__f_mapper__sigma_0.08__rep23,circle_retrospective,unit_circle_S1,f_mapper,0.08,23,7.612776922999728,0.0,0.031213034999836964,7.644238716000018,8.592037104000042,626127
N1_C_RETRO__M6A__unit_circle_S1__N1000__conventional__sigma_0.08__rep24,circle_retrospective,unit_circle_S1,conventional,0.08,24,0.03751457299995309,0.0,0.03618579399972077,0.07410296499983815,0.44438645599996107,722097
N1_C_RETRO__M6A__unit_circle_S1__N1000__f_mapper__sigma_0.08__rep24,circle_retrospective,unit_circle_S1,f_mapper,0.08,24,11.60585521999974,0.0,4.410003384691663e-07,11.60608923000018,12.422356364999928,429182
N1_C_RETRO__M6A__unit_circle_S1__N1000__conventional__sigma_0.08__rep25,circle_retrospective,unit_circle_S1,conventional,0.08,25,0.035525447000054555,0.0,0.03299461899996459,0.06873976799988668,0.223574360999919,656470
N1_C_RETRO__M6A__unit_circle_S1__N1000__f_mapper__sigma_0.08__rep25,circle_retrospective,unit_circle_S1,f_mapper,0.08,25,11.754052438000144,0.0,4.110002009838354e-07,11.754578247000154,12.56879586499997,429205
N1_C_RETRO__M6A__unit_circle_S1__N1000__conventional__sigma_0.08__rep26,circle_retrospective,unit_circle_S1,conventional,0.08,26,0.037011715000062395,0.0,0.033625669999764796,0.070847509000032,0.22508617500000128,583387
N1_C_RETRO__M6A__unit_circle_S1__N1000__f_mapper__sigma_0.08__rep26,circle_retrospective,unit_circle_S1,f_mapper,0.08,26,7.0567356100000325,0.0,0.03199416899997232,7.08896531299979,8.051164484000083,656511
N1_C_RETRO__M6A__unit_circle_S1__N1000__conventional__sigma_0.08__rep27,circle_retrospective,unit_circle_S1,conventional,0.08,27,0.03643600900022648,0.0,0.032108383999911894,0.06891301599989674,0.4133572019999292,606144
N1_C_RETRO__M6A__unit_circle_S1__N1000__f_mapper__sigma_0.08__rep27,circle_retrospective,unit_circle_S1,f_mapper,0.08,27,10.634333720000086,0.0,0.04166415000008783,10.676216551999914,11.688318448000018,620018
N1_C_RETRO__M6A__unit_circle_S1__N1000__conventional__sigma_0.08__rep28,circle_retrospective,unit_circle_S1,conventional,0.08,28,0.04814489099999264,0.0,0.043667705999723694,0.09207863700021335,0.5523585180000055,628208
N1_C_RETRO__M6A__unit_circle_S1__N1000__f_mapper__sigma_0.08__rep28,circle_retrospective,unit_circle_S1,f_mapper,0.08,28,5.854244181000013,0.0,0.05549480199988466,5.909985796000001,6.965259622000076,740012
N1_C_RETRO__M6A__unit_circle_S1__N1000__conventional__sigma_0.08__rep29,circle_retrospective,unit_circle_S1,conventional,0.08,29,0.05660357600027055,0.0,0.05403271399973164,0.1113515830002143,0.6679255730000477,664490
N1_C_RETRO__M6A__unit_circle_S1__N1000__f_mapper__sigma_0.08__rep29,circle_retrospective,unit_circle_S1,f_mapper,0.08,29,7.048907509999935,0.0,0.038876021999840304,7.088055131999681,8.057708607999984,708842
N1_C_RETRO__M6A__unit_circle_S1__N1000__conventional__sigma_0.08__rep30,circle_retrospective,unit_circle_S1,conventional,0.08,30,0.03687226700003521,0.0,0.03238028399982795,0.0694671650003329,0.41673465700000634,554946
N1_C_RETRO__M6A__unit_circle_S1__N1000__f_mapper__sigma_0.08__rep30,circle_retrospective,unit_circle_S1,f_mapper,0.08,30,5.992551006999747,0.0,0.030289412000001903,6.023155441999734,6.982880020000039,613939
N1_C_RETRO__M6A__unit_circle_S1__N1000__conventional__sigma_0.10__rep01,circle_retrospective,unit_circle_S1,conventional,0.1,1,0.03836329600017052,0.0,0.034656259000257705,0.07341447700036952,0.44014081600005284,715635
N1_C_RETRO__M6A__unit_circle_S1__N1000__f_mapper__sigma_0.10__rep01,circle_retrospective,unit_circle_S1,f_mapper,0.1,1,6.243729020000046,0.0,0.031480798999837134,6.2754520239996054,7.236149423000029,614570
N1_C_RETRO__M6A__unit_circle_S1__N1000__conventional__sigma_0.10__rep02,circle_retrospective,unit_circle_S1,conventional,0.1,2,0.03610633099970073,0.0,0.032926075999967,0.06944888999987597,0.41663669500007927,749104
N1_C_RETRO__M6A__unit_circle_S1__N1000__f_mapper__sigma_0.10__rep02,circle_retrospective,unit_circle_S1,f_mapper,0.1,2,5.54282157300031,0.0,0.031093789999886212,5.5741474199999175,6.537969172999965,613251
N1_C_RETRO__M6A__unit_circle_S1__N1000__conventional__sigma_0.10__rep03,circle_retrospective,unit_circle_S1,conventional,0.1,3,0.05563219099985872,0.0,0.0533316979999654,0.10925696999993306,0.6554464360001475,818320
N1_C_RETRO__M6A__unit_circle_S1__N1000__f_mapper__sigma_0.10__rep03,circle_retrospective,unit_circle_S1,f_mapper,0.1,3,5.7440338159999556,0.0,0.04680825600007665,5.7911336799998026,6.796276603000024,580847
N1_C_RETRO__M6A__unit_circle_S1__N1000__conventional__sigma_0.10__rep04,circle_retrospective,unit_circle_S1,conventional,0.1,4,0.0558811149999201,0.0,0.04928103300017028,0.10549711600015144,0.6329234530001031,671977
N1_C_RETRO__M6A__unit_circle_S1__N1000__f_mapper__sigma_0.10__rep04,circle_retrospective,unit_circle_S1,f_mapper,0.1,4,6.015991447000033,0.0,0.031627829000171914,6.048060914999951,6.979969874000062,616938
N1_C_RETRO__M6A__unit_circle_S1__N1000__conventional__sigma_0.10__rep05,circle_retrospective,unit_circle_S1,conventional,0.1,5,0.04302097700019658,0.0,0.0331396289998338,0.0767211090001183,0.4600815680000778,717491
N1_C_RETRO__M6A__unit_circle_S1__N1000__f_mapper__sigma_0.10__rep05,circle_retrospective,unit_circle_S1,f_mapper,0.1,5,6.521898857999986,0.0,0.03457261899984587,6.556693012999858,7.543496557000026,615554
N1_C_RETRO__M6A__unit_circle_S1__N1000__conventional__sigma_0.10__rep06,circle_retrospective,unit_circle_S1,conventional,0.1,6,0.03762859099970228,0.0,0.03373585700001058,0.07160500000009051,0.42960517500000606,610436
N1_C_RETRO__M6A__unit_circle_S1__N1000__f_mapper__sigma_0.10__rep06,circle_retrospective,unit_circle_S1,f_mapper,0.1,6,11.491619406999689,0.0,4.500002432905603e-07,11.49183851900034,12.311653247999857,429181
N1_C_RETRO__M6A__unit_circle_S1__N1000__conventional__sigma_0.10__rep07,circle_retrospective,unit_circle_S1,conventional,0.1,7,0.035782287000074575,0.0,0.03518363200009844,0.07122737100007726,0.23365392699997756,785237
N1_C_RETRO__M6A__unit_circle_S1__N1000__f_mapper__sigma_0.10__rep07,circle_retrospective,unit_circle_S1,f_mapper,0.1,7,5.278644260999954,0.0,0.0305457659997046,5.309405582000181,6.271915338000099,611547
N1_C_RETRO__M6A__unit_circle_S1__N1000__conventional__sigma_0.10__rep08,circle_retrospective,unit_circle_S1,conventional,0.1,8,0.03799888899993675,0.0,0.035554636000142636,0.07388234400013971,0.44326934099990467,707276
N1_C_RETRO__M6A__unit_circle_S1__N1000__f_mapper__sigma_0.10__rep08,circle_retrospective,unit_circle_S1,f_mapper,0.1,8,11.542388184999709,0.0,4.90999809699133e-07,11.542640909000056,12.360382542999787,429181
N1_C_RETRO__M6A__unit_circle_S1__N1000__conventional__sigma_0.10__rep09,circle_retrospective,unit_circle_S1,conventional,0.1,9,0.04857936999997037,0.0,0.03507801699970514,0.0839743820001786,0.24640569200005302,850824
N1_C_RETRO__M6A__unit_circle_S1__N1000__f_mapper__sigma_0.10__rep09,circle_retrospective,unit_circle_S1,f_mapper,0.1,9,11.556995567000286,0.0,5.010001586924773e-07,11.557218276000185,12.375031639999861,429205
N1_C_RETRO__M6A__unit_circle_S1__N1000__conventional__sigma_0.10__rep10,circle_retrospective,unit_circle_S1,conventional,0.1,10,0.037041671000224596,0.0,0.03408011700003044,0.07134163099999569,0.22892154800001663,687081
N1_C_RETRO__M6A__unit_circle_S1__N1000__f_mapper__sigma_0.10__rep10,circle_retrospective,unit_circle_S1,f_mapper,0.1,10,11.576179524000054,0.0,4.2099964048247784e-07,11.576402722999774,12.392472006999924,429180
N1_C_RETRO__M6A__unit_circle_S1__N1000__conventional__sigma_0.10__rep11,circle_retrospective,unit_circle_S1,conventional,0.1,11,0.03518900700009908,0.0,0.047514707000118506,0.08290280700020958,0.3079572230001304,708871
N1_C_RETRO__M6A__unit_circle_S1__N1000__f_mapper__sigma_0.10__rep11,circle_retrospective,unit_circle_S1,f_mapper,0.1,11,7.710321712999757,0.0,0.03153066100003343,7.742171082999903,8.668732231999911,615250
N1_C_RETRO__M6A__unit_circle_S1__N1000__conventional__sigma_0.10__rep12,circle_retrospective,unit_circle_S1,conventional,0.1,12,0.035821750999730284,0.0,0.0330417000000125,0.06911119599999438,0.4146049050000329,696925
N1_C_RETRO__M6A__unit_circle_S1__N1000__f_mapper__sigma_0.10__rep12,circle_retrospective,unit_circle_S1,f_mapper,0.1,12,6.829906299000413,0.0,0.033970170999964466,6.864086484999916,7.840880237999954,606209
N1_C_RETRO__M6A__unit_circle_S1__N1000__conventional__sigma_0.10__rep13,circle_retrospective,unit_circle_S1,conventional,0.1,13,0.036800237000079505,0.0,0.034205351999844424,0.0712294899999506,0.4273136980000345,713788
N1_C_RETRO__M6A__unit_circle_S1__N1000__f_mapper__sigma_0.10__rep13,circle_retrospective,unit_circle_S1,f_mapper,0.1,13,6.015437882999777,0.0,0.033304438999948616,6.049005555999884,7.017873025999961,622603
N1_C_RETRO__M6A__unit_circle_S1__N1000__conventional__sigma_0.10__rep14,circle_retrospective,unit_circle_S1,conventional,0.1,14,0.03731211500007703,0.0,0.03358647800041581,0.07111496000015904,0.426588319000075,599774
N1_C_RETRO__M6A__unit_circle_S1__N1000__f_mapper__sigma_0.10__rep14,circle_retrospective,unit_circle_S1,f_mapper,0.1,14,9.219406308000089,0.0,0.03293253599986201,9.25255567100021,10.220215217000032,613450
N1_C_RETRO__M6A__unit_circle_S1__N1000__conventional__sigma_0.10__rep15,circle_retrospective,unit_circle_S1,conventional,0.1,15,0.05733012500013501,0.0,0.04952302299989242,0.10731632799979707,0.6437919380000494,678065
N1_C_RETRO__M6A__unit_circle_S1__N1000__f_mapper__sigma_0.10__rep15,circle_retrospective,unit_circle_S1,f_mapper,0.1,15,11.585465868000028,0.0,1.232000158779556e-06,11.585831853999935,12.364470213999994,429181
N1_C_RETRO__M6A__unit_circle_S1__N1000__conventional__sigma_0.10__rep16,circle_retrospective,unit_circle_S1,conventional,0.1,16,0.03735340399998677,0.0,0.035068142999989504,0.07272967700009758,0.23695416400005342,704659
N1_C_RETRO__M6A__unit_circle_S1__N1000__f_mapper__sigma_0.10__rep16,circle_retrospective,unit_circle_S1,f_mapper,0.1,16,3.850112595000155,0.0,0.03251935499974934,3.8829208639999706,4.851411707000125,612379
N1_C_RETRO__M6A__unit_circle_S1__N1000__conventional__sigma_0.10__rep17,circle_retrospective,unit_circle_S1,conventional,0.1,17,0.036648690000220085,0.0,0.033007332000124734,0.06993655899987061,0.41958399800000734,686393
N1_C_RETRO__M6A__unit_circle_S1__N1000__f_mapper__sigma_0.10__rep17,circle_retrospective,unit_circle_S1,f_mapper,0.1,17,11.54870930900006,0.0,3.909999577444978e-07,11.548976460000176,12.369395196999903,429181
N1_C_RETRO__M6A__unit_circle_S1__N1000__conventional__sigma_0.10__rep18,circle_retrospective,unit_circle_S1,conventional,0.1,18,0.036487081999894144,0.0,0.032633817000260024,0.06932934000042223,0.21903576399995472,747771
N1_C_RETRO__M6A__unit_circle_S1__N1000__f_mapper__sigma_0.10__rep18,circle_retrospective,unit_circle_S1,f_mapper,0.1,18,6.420679631999974,0.0,0.03235731599988867,6.453283459999966,7.423548197000173,563170
N1_C_RETRO__M6A__unit_circle_S1__N1000__conventional__sigma_0.10__rep19,circle_retrospective,unit_circle_S1,conventional,0.1,19,0.03792703299995992,0.0,0.03414176700016469,0.07242599000028349,0.4344821189999948,783223
N1_C_RETRO__M6A__unit_circle_S1__N1000__f_mapper__sigma_0.10__rep19,circle_retrospective,unit_circle_S1,f_mapper,0.1,19,11.544877528000143,0.0,4.0100030673784204e-07,11.545171218999712,12.357322948000046,429179
N1_C_RETRO__M6A__unit_circle_S1__N1000__conventional__sigma_0.10__rep20,circle_retrospective,unit_circle_S1,conventional,0.1,20,0.037396532999991905,0.0,0.033480230000350275,0.07107511499998509,0.22715227100002267,606072
N1_C_RETRO__M6A__unit_circle_S1__N1000__f_mapper__sigma_0.10__rep20,circle_retrospective,unit_circle_S1,f_mapper,0.1,20,11.448884888000066,0.0,4.409998837218154e-07,11.449202814999808,12.262371523999946,429180
N1_C_RETRO__M6A__unit_circle_S1__N1000__conventional__sigma_0.10__rep21,circle_retrospective,unit_circle_S1,conventional,0.1,21,0.036563875999945594,0.0,0.03392139500010671,0.07068693000019266,0.23012195800015434,714854
N1_C_RETRO__M6A__unit_circle_S1__N1000__f_mapper__sigma_0.10__rep21,circle_retrospective,unit_circle_S1,f_mapper,0.1,21,5.938497887999802,0.0,0.03243870999995124,5.971198598999763,6.936745071999894,612210
N1_C_RETRO__M6A__unit_circle_S1__N1000__conventional__sigma_0.10__rep22,circle_retrospective,unit_circle_S1,conventional,0.1,22,0.03917993499999284,0.0,0.034186350000254606,0.07363915799987808,0.44156612100005077,535272
N1_C_RETRO__M6A__unit_circle_S1__N1000__f_mapper__sigma_0.10__rep22,circle_retrospective,unit_circle_S1,f_mapper,0.1,22,7.257050888999856,0.0,0.032439397999951325,7.28981020800029,8.25281774999985,612394
N1_C_RETRO__M6A__unit_circle_S1__N1000__conventional__sigma_0.10__rep23,circle_retrospective,unit_circle_S1,conventional,0.1,23,0.03732674399998359,0.0,0.032390465999924345,0.07013908200042351,0.42079383700001927,580273
N1_C_RETRO__M6A__unit_circle_S1__N1000__f_mapper__sigma_0.10__rep23,circle_retrospective,unit_circle_S1,f_mapper,0.1,23,8.632136978999824,0.0,0.032064512000033574,8.664425301000392,9.635533886000076,613563
N1_C_RETRO__M6A__unit_circle_S1__N1000__conventional__sigma_0.10__rep24,circle_retrospective,unit_circle_S1,conventional,0.1,24,0.037213889000213385,0.0,0.03339243499976874,0.07081791100017654,0.424869426999976,675528
N1_C_RETRO__M6A__unit_circle_S1__N1000__f_mapper__sigma_0.10__rep24,circle_retrospective,unit_circle_S1,f_mapper,0.1,24,9.327956040000117,0.0,0.03252480300034222,9.360700646000168,10.327309491000051,570569
N1_C_RETRO__M6A__unit_circle_S1__N1000__conventional__sigma_0.10__rep25,circle_retrospective,unit_circle_S1,conventional,0.1,25,0.0368971610000699,0.0,0.032771045999652415,0.07001654099985899,0.42004784100004144,702585
N1_C_RETRO__M6A__unit_circle_S1__N1000__f_mapper__sigma_0.10__rep25,circle_retrospective,unit_circle_S1,f_mapper,0.1,25,10.0089683289998,0.0,0.030970493000040733,10.040209349999714,11.005194225999958,615730
N1_C_RETRO__M6A__unit_circle_S1__N1000__conventional__sigma_0.10__rep26,circle_retrospective,unit_circle_S1,conventional,0.1,26,0.03720308199990541,0.0,0.03572772300003635,0.0731396359997234,0.43882250399997247,706161
N1_C_RETRO__M6A__unit_circle_S1__N1000__f_mapper__sigma_0.10__rep26,circle_retrospective,unit_circle_S1,f_mapper,0.1,26,5.896518973000184,0.0,0.03248446299994612,5.929217938999955,6.901178967000078,615058
N1_C_RETRO__M6A__unit_circle_S1__N1000__conventional__sigma_0.10__rep27,circle_retrospective,unit_circle_S1,conventional,0.1,27,0.03686612799992872,0.0,0.03376442600028895,0.07088040200005707,0.425197229999867,650615
N1_C_RETRO__M6A__unit_circle_S1__N1000__f_mapper__sigma_0.10__rep27,circle_retrospective,unit_circle_S1,f_mapper,0.1,27,11.536485207999704,0.0,4.0099985199049115e-07,11.536875961000078,12.352683008999975,429181
N1_C_RETRO__M6A__unit_circle_S1__N1000__conventional__sigma_0.10__rep28,circle_retrospective,unit_circle_S1,conventional,0.1,28,0.03715676899992104,0.0,0.033339545000217186,0.07070070800000394,0.22417203000009067,714587
N1_C_RETRO__M6A__unit_circle_S1__N1000__f_mapper__sigma_0.10__rep28,circle_retrospective,unit_circle_S1,f_mapper,0.1,28,11.523593506999987,0.0,6.519999260490295e-07,11.523824069000057,12.341928912000185,429181
N1_C_RETRO__M6A__unit_circle_S1__N1000__conventional__sigma_0.10__rep29,circle_retrospective,unit_circle_S1,conventional,0.1,29,0.03656262100003005,0.0,0.03368029100010972,0.07050497399995947,0.2269955670001309,714927
N1_C_RETRO__M6A__unit_circle_S1__N1000__f_mapper__sigma_0.10__rep29,circle_retrospective,unit_circle_S1,f_mapper,0.1,29,4.3448480450001625,0.0,0.03279238400000395,4.377856183999938,5.349722761999828,618011
N1_C_RETRO__M6A__unit_circle_S1__N1000__conventional__sigma_0.10__rep30,circle_retrospective,unit_circle_S1,conventional,0.1,30,0.04382592999991175,0.0,0.0323117610000736,0.07643138299999919,0.45852395999986584,568628
N1_C_RETRO__M6A__unit_circle_S1__N1000__f_mapper__sigma_0.10__rep30,circle_retrospective,unit_circle_S1,f_mapper,0.1,30,9.36071308999999,0.0,0.02948792000006506,9.390451239999948,10.341165197999999,626101
N1_C_RETRO__M6A2__swiss_roll_with_hole__conventional__sigma_0.00__rep0__3b96f0f2e3f276f4,swiss_retrospective,swiss_roll_with_hole,conventional,0.0,0,0.08938498799989247,0.0,0.1348136629999317,0.224303688999953,1.3457652669999334,1647345
N1_C_RETRO__M6A2__swiss_roll_with_hole__f_mapper__sigma_0.00__rep0__ae0847ec6f406743,swiss_retrospective,swiss_roll_with_hole,f_mapper,0.0,0,14.098274443999799,0.0,0.11565880199987078,14.214128753000296,15.463581257999977,1281132
N1_C_RETRO__M6A2__swiss_roll_with_hole__conventional__sigma_0.01__rep1__585e822912d37235,swiss_retrospective,swiss_roll_with_hole,conventional,0.01,1,0.08642933100009031,0.0,0.1349162010001237,0.22182986000007077,1.330884142999821,1712047
N1_C_RETRO__M6A2__swiss_roll_with_hole__f_mapper__sigma_0.01__rep1__bf0652bc6119fd6d,swiss_retrospective,swiss_roll_with_hole,f_mapper,0.01,1,14.31913829899986,0.0,0.11846392400002514,14.438057517000288,15.701086685000064,1333756
N1_C_RETRO__M6A2__swiss_roll_with_hole__conventional__sigma_0.01__rep2__96b506b9b06e78d7,swiss_retrospective,swiss_roll_with_hole,conventional,0.01,2,0.0848401099997318,0.0,0.1329329139998663,0.21834409599978244,1.310065793000149,1701191
N1_C_RETRO__M6A2__swiss_roll_with_hole__f_mapper__sigma_0.01__rep2__aaf6e2c2e5bcb5dd,swiss_retrospective,swiss_roll_with_hole,f_mapper,0.01,2,13.81810163099999,0.0,0.11413176299993211,13.932680143000198,15.176575356000058,1334222
N1_C_RETRO__M6A2__swiss_roll_with_hole__conventional__sigma_0.01__rep3__0ae94d0d1e613dd1,swiss_retrospective,swiss_roll_with_hole,conventional,0.01,3,0.08647403600025427,0.0,0.12640470999986064,0.21325096500004292,1.279451852999955,1751422
N1_C_RETRO__M6A2__swiss_roll_with_hole__f_mapper__sigma_0.01__rep3__0eefc3fe280b0d9a,swiss_retrospective,swiss_roll_with_hole,f_mapper,0.01,3,13.757093861999692,0.0,0.11575133999986065,13.873408998999821,15.12741496500007,1371880
N1_C_RETRO__M6A2__swiss_roll_with_hole__conventional__sigma_0.01__rep4__05477d232b894911,swiss_retrospective,swiss_roll_with_hole,conventional,0.01,4,0.08499563399982435,0.0,0.13388660600003277,0.21927085900006205,1.3155215499998576,1721390
N1_C_RETRO__M6A2__swiss_roll_with_hole__f_mapper__sigma_0.01__rep4__37ea991d993b8024,swiss_retrospective,swiss_roll_with_hole,f_mapper,0.01,4,14.519892088000233,0.0,0.11584046600000875,14.63608957300039,15.892089240000132,1335636
N1_C_RETRO__M6A2__swiss_roll_with_hole__conventional__sigma_0.01__rep5__c4cefaa8e4f50b28,swiss_retrospective,swiss_roll_with_hole,conventional,0.01,5,0.08414724399972329,0.0,0.13259049999987838,0.21734068399973694,1.3040271019999636,1696270
N1_C_RETRO__M6A2__swiss_roll_with_hole__f_mapper__sigma_0.01__rep5__81eacb8f22f5b8fe,swiss_retrospective,swiss_roll_with_hole,f_mapper,0.01,5,14.190260476000276,0.0,0.11809330000005502,14.30874747300004,15.568002670999931,1322572
N1_C_RETRO__M6A2__swiss_roll_with_hole__conventional__sigma_0.01__rep6__4beca16a5612147c,swiss_retrospective,swiss_roll_with_hole,conventional,0.01,6,0.08636510599990288,0.0,0.1309950340000796,0.21779331300012927,1.3066480479999427,1733574
N1_C_RETRO__M6A2__swiss_roll_with_hole__f_mapper__sigma_0.01__rep6__9773d8b2ba792b18,swiss_retrospective,swiss_roll_with_hole,f_mapper,0.01,6,14.547221851999893,0.0,0.11804585900017628,14.665698639000311,15.927272268000024,1327735
N1_C_RETRO__M6A2__swiss_roll_with_hole__conventional__sigma_0.01__rep7__5e0d3c112c3f2c0c,swiss_retrospective,swiss_roll_with_hole,conventional,0.01,7,0.08963358899973173,0.0,0.13787722200004282,0.22787820999974429,1.3671614499999123,1691445
N1_C_RETRO__M6A2__swiss_roll_with_hole__f_mapper__sigma_0.01__rep7__6852ea8fc82d3257,swiss_retrospective,swiss_roll_with_hole,f_mapper,0.01,7,13.99576015599996,0.0,0.12378967299991928,14.120189478999691,15.410181803999876,1372718
N1_C_RETRO__M6A2__swiss_roll_with_hole__conventional__sigma_0.01__rep8__1c7df33d0cfe5a22,swiss_retrospective,swiss_roll_with_hole,conventional,0.01,8,0.08674811799983217,0.0,0.13016053399996963,0.21732285899997805,1.3038299019999613,1753241
N1_C_RETRO__M6A2__swiss_roll_with_hole__f_mapper__sigma_0.01__rep8__ab8464d1aeab4bd2,swiss_retrospective,swiss_roll_with_hole,f_mapper,0.01,8,14.253324340999825,0.0,0.12438774299971556,14.378189398999893,15.662269502999834,1377329
N1_C_RETRO__M6A2__swiss_roll_with_hole__conventional__sigma_0.01__rep9__b42cf2bc7ff1d793,swiss_retrospective,swiss_roll_with_hole,conventional,0.01,9,0.08531320900010542,0.0,0.13092358299991247,0.21661793699968257,1.299499534000006,1700658
N1_C_RETRO__M6A2__swiss_roll_with_hole__f_mapper__sigma_0.01__rep9__f81fdf832d137f09,swiss_retrospective,swiss_roll_with_hole,f_mapper,0.01,9,14.426774852000108,0.0,0.12041460999989795,14.547652210999786,15.81953757999986,1329533
N1_C_RETRO__M6A2__swiss_roll_with_hole__conventional__sigma_0.01__rep10__e4a3add1d0ec7e1f,swiss_retrospective,swiss_roll_with_hole,conventional,0.01,10,0.08703330699972867,0.0,0.13781856399964454,0.22530353799993463,1.351654931999974,1705696
N1_C_RETRO__M6A2__swiss_roll_with_hole__f_mapper__sigma_0.01__rep10__178ce23be7214359,swiss_retrospective,swiss_roll_with_hole,f_mapper,0.01,10,14.720213454999794,0.0,0.11919280800020715,14.83980024099992,16.105127520999986,1378651
N1_C_RETRO__M6A2__swiss_roll_with_hole__conventional__sigma_0.01__rep11__06e9f7482385cfd1,swiss_retrospective,swiss_roll_with_hole,conventional,0.01,11,0.08682336499987287,0.0,0.1359256920000007,0.22312960099998236,1.3386760539999614,1753663
N1_C_RETRO__M6A2__swiss_roll_with_hole__f_mapper__sigma_0.01__rep11__3470ce98d778f652,swiss_retrospective,swiss_roll_with_hole,f_mapper,0.01,11,13.690043399999922,0.0,0.12039044399989507,13.810841357999834,15.081908485999975,1363784
N1_C_RETRO__M6A2__swiss_roll_with_hole__conventional__sigma_0.01__rep12__0f1a7d668f09c8bc,swiss_retrospective,swiss_roll_with_hole,conventional,0.01,12,0.08620510900027512,0.0,0.13067668600024263,0.21725598700004412,1.3034276490000138,1717980
N1_C_RETRO__M6A2__swiss_roll_with_hole__f_mapper__sigma_0.01__rep12__4376a70edab807c2,swiss_retrospective,swiss_roll_with_hole,f_mapper,0.01,12,14.269988739000382,0.0,0.12061464599992178,14.39101637900012,15.667327192999892,1378761
N1_C_RETRO__M6A2__swiss_roll_with_hole__conventional__sigma_0.01__rep13__28192938bfee802d,swiss_retrospective,swiss_roll_with_hole,conventional,0.01,13,0.08446598099999392,0.0,0.13809712199963542,0.2229497979997177,1.3376412699999491,1712402
N1_C_RETRO__M6A2__swiss_roll_with_hole__f_mapper__sigma_0.01__rep13__4ab92120ea4381c4,swiss_retrospective,swiss_roll_with_hole,f_mapper,0.01,13,14.156457484000384,0.0,0.12142529599987029,14.278287899000134,15.547073028999876,1366002
N1_C_RETRO__M6A2__swiss_roll_with_hole__conventional__sigma_0.01__rep14__f0d6aeedc83e5774,swiss_retrospective,swiss_roll_with_hole,conventional,0.01,14,0.08813004500007082,0.0,0.13925517300003776,0.22779024800001935,1.3666185530000803,1705982
N1_C_RETRO__M6A2__swiss_roll_with_hole__f_mapper__sigma_0.01__rep14__a82355fb06d6d729,swiss_retrospective,swiss_roll_with_hole,f_mapper,0.01,14,13.748718185000143,0.0,0.11779820499987181,13.866958779000015,15.11643603199991,1324966
N1_C_RETRO__M6A2__swiss_roll_with_hole__conventional__sigma_0.01__rep15__a683d5bf879c35f0,swiss_retrospective,swiss_roll_with_hole,conventional,0.01,15,0.08909574999961478,0.0,0.13246440800003256,0.22192796799981807,1.3314706610001394,1695408
N1_C_RETRO__M6A2__swiss_roll_with_hole__f_mapper__sigma_0.01__rep15__9d6a7fecfc8e56a5,swiss_retrospective,swiss_roll_with_hole,f_mapper,0.01,15,14.091088137000042,0.0,0.1214550039999267,14.212926911000068,15.492811335999932,1378712
N1_C_RETRO__M6A2__swiss_roll_with_hole__conventional__sigma_0.01__rep16__aec65931afbe4455,swiss_retrospective,swiss_roll_with_hole,conventional,0.01,16,0.08497580799985371,0.0,0.13472746300021754,0.22038299399991956,1.322252990999914,1727137
N1_C_RETRO__M6A2__swiss_roll_with_hole__f_mapper__sigma_0.01__rep16__b92072eea25db043,swiss_retrospective,swiss_roll_with_hole,f_mapper,0.01,16,13.733971238000322,0.0,0.1179130539999278,13.852312705000259,15.112227612999959,1318519
N1_C_RETRO__M6A2__swiss_roll_with_hole__conventional__sigma_0.01__rep17__c635e18ed37f4d94,swiss_retrospective,swiss_roll_with_hole,conventional,0.01,17,0.08669557699977304,0.0,0.13086175399985223,0.21792944800017722,1.307531162000032,1717025
N1_C_RETRO__M6A2__swiss_roll_with_hole__f_mapper__sigma_0.01__rep17__0fd119814c751fd5,swiss_retrospective,swiss_roll_with_hole,f_mapper,0.01,17,14.235421846999998,0.0,0.12055559999998877,14.356345838999914,15.633330787999967,1369097
N1_C_RETRO__M6A2__swiss_roll_with_hole__conventional__sigma_0.01__rep18__5421584c992db48b,swiss_retrospective,swiss_roll_with_hole,conventional,0.01,18,0.08768021700007012,0.0,0.1383236360002229,0.22645583099983924,1.3587222579999434,1721266
N1_C_RETRO__M6A2__swiss_roll_with_hole__f_mapper__sigma_0.01__rep18__0bea9cd97c044c33,swiss_retrospective,swiss_roll_with_hole,f_mapper,0.01,18,13.175058563999755,0.0,0.12007977099983691,13.295534005999798,14.56030662299986,1380751
N1_C_RETRO__M6A2__swiss_roll_with_hole__conventional__sigma_0.01__rep19__bb31037cda4cb33d,swiss_retrospective,swiss_roll_with_hole,conventional,0.01,19,0.08509327999991001,0.0,0.12943936900001063,0.21491019799987043,1.2893502080000872,1712938
N1_C_RETRO__M6A2__swiss_roll_with_hole__f_mapper__sigma_0.01__rep19__0a258dcf25d6cef9,swiss_retrospective,swiss_roll_with_hole,f_mapper,0.01,19,13.94493555400004,0.0,0.11397709999982908,14.059321930999886,15.301331316000187,1379258
N1_C_RETRO__M6A2__swiss_roll_with_hole__conventional__sigma_0.01__rep20__3d6092f8c3587c64,swiss_retrospective,swiss_roll_with_hole,conventional,0.01,20,0.08703375300001426,0.0,0.14110130700009904,0.22864808099984657,1.3717370470001242,1705329
N1_C_RETRO__M6A2__swiss_roll_with_hole__f_mapper__sigma_0.01__rep20__2f9773650bd06d3f,swiss_retrospective,swiss_roll_with_hole,f_mapper,0.01,20,14.269008582999959,0.0,0.1197702249996837,14.389221345999886,15.648224745000107,1367769
N1_C_RETRO__M6A2__swiss_roll_with_hole__conventional__sigma_0.01__rep21__0177327feaf2edc5,swiss_retrospective,swiss_roll_with_hole,conventional,0.01,21,0.08548777899977722,0.0,0.13283369600003425,0.21907987700024023,1.3144006400000308,1747854
N1_C_RETRO__M6A2__swiss_roll_with_hole__f_mapper__sigma_0.01__rep21__de0d39d22253647c,swiss_retrospective,swiss_roll_with_hole,f_mapper,0.01,21,13.600721293999868,0.0,0.11877744599996731,13.719887167999786,14.980088936999891,1366007
N1_C_RETRO__M6A2__swiss_roll_with_hole__conventional__sigma_0.01__rep22__45b6b7084c8b73a6,swiss_retrospective,swiss_roll_with_hole,conventional,0.01,22,0.08463764099997206,0.0,0.12911519699991914,0.21415943000010884,1.2849179190000086,1729836
N1_C_RETRO__M6A2__swiss_roll_with_hole__f_mapper__sigma_0.01__rep22__8da4f2bd34ee7c44,swiss_retrospective,swiss_roll_with_hole,f_mapper,0.01,22,13.646351550999952,0.0,0.1004125199997361,13.747145584999998,14.913830697999856,1324484
N1_C_RETRO__M6A2__swiss_roll_with_hole__conventional__sigma_0.01__rep23__eea0838e2099ae1f,swiss_retrospective,swiss_roll_with_hole,conventional,0.01,23,0.07334474399976898,0.0,0.11109016699992935,0.18473859999994602,1.108395395000116,1698913
N1_C_RETRO__M6A2__swiss_roll_with_hole__f_mapper__sigma_0.01__rep23__b89d1b0852519c8f,swiss_retrospective,swiss_roll_with_hole,f_mapper,0.01,23,13.713790700000118,0.0,0.11627320800016605,13.830402682000113,15.111315728999898,1327965
N1_C_RETRO__M6A2__swiss_roll_with_hole__conventional__sigma_0.01__rep24__49c80749679f2014,swiss_retrospective,swiss_roll_with_hole,conventional,0.01,24,0.09449245499990866,0.0,0.12499466799999936,0.21998503599979813,1.3198814229999698,1741392
N1_C_RETRO__M6A2__swiss_roll_with_hole__f_mapper__sigma_0.01__rep24__9be77d1c40aa2351,swiss_retrospective,swiss_roll_with_hole,f_mapper,0.01,24,13.158246494000196,0.0,0.11868177599990304,13.277372834000289,14.544613290000143,1340191
N1_C_RETRO__M6A2__swiss_roll_with_hole__conventional__sigma_0.01__rep25__99f2d68bec404874,swiss_retrospective,swiss_roll_with_hole,conventional,0.01,25,0.08760055999982796,0.0,0.13619337399995857,0.22421828000005917,1.3451660440000524,1687525
N1_C_RETRO__M6A2__swiss_roll_with_hole__f_mapper__sigma_0.01__rep25__1db8716314afcd12,swiss_retrospective,swiss_roll_with_hole,f_mapper,0.01,25,14.190234732000135,0.0,0.12126106400000936,14.312080263000098,15.577029734999996,1377399
N1_C_RETRO__M6A2__swiss_roll_with_hole__conventional__sigma_0.01__rep26__47249aaa8b99f9b5,swiss_retrospective,swiss_roll_with_hole,conventional,0.01,26,0.0835018120001223,0.0,0.13065470399988044,0.21460395400026755,1.2875866229999247,1708896
N1_C_RETRO__M6A2__swiss_roll_with_hole__f_mapper__sigma_0.01__rep26__a0e62d8888047c62,swiss_retrospective,swiss_roll_with_hole,f_mapper,0.01,26,13.6229170470001,0.0,0.11710077999987334,13.740443384000173,14.996040988000004,1378913
N1_C_RETRO__M6A2__swiss_roll_with_hole__conventional__sigma_0.01__rep27__ee435a1ba80e8a65,swiss_retrospective,swiss_roll_with_hole,conventional,0.01,27,0.08658812300018326,0.0,0.12983007100001487,0.21681656999999177,1.3008487650001825,1710331
N1_C_RETRO__M6A2__swiss_roll_with_hole__f_mapper__sigma_0.01__rep27__664beacfa3d4df14,swiss_retrospective,swiss_roll_with_hole,f_mapper,0.01,27,13.604876963999686,0.0,0.12354151699992144,13.728814522999983,15.018523999000081,1371209
N1_C_RETRO__M6A2__swiss_roll_with_hole__conventional__sigma_0.01__rep28__25d26c6e42e8ea7a,swiss_retrospective,swiss_roll_with_hole,conventional,0.01,28,0.09693358100003024,0.0,0.13331504799998584,0.23069341100017482,1.3839483090000613,1692398
N1_C_RETRO__M6A2__swiss_roll_with_hole__f_mapper__sigma_0.01__rep28__09760577ba3d20ac,swiss_retrospective,swiss_roll_with_hole,f_mapper,0.01,28,14.6661955579998,0.0,0.12408220299994355,14.790658775999873,16.081843427999956,1371538
N1_C_RETRO__M6A2__swiss_roll_with_hole__conventional__sigma_0.01__rep29__924d9e5a7649d243,swiss_retrospective,swiss_roll_with_hole,conventional,0.01,29,0.08574548400019921,0.0,0.134805284000322,0.2209437040000921,1.3256361029998516,1702867
N1_C_RETRO__M6A2__swiss_roll_with_hole__f_mapper__sigma_0.01__rep29__ea81b8de877062de,swiss_retrospective,swiss_roll_with_hole,f_mapper,0.01,29,14.30047377200026,0.0,0.17626437599983547,14.477192109000043,16.016506477999883,1330607
N1_C_RETRO__M6A2__swiss_roll_with_hole__conventional__sigma_0.01__rep30__4f719dd5a28ea5f2,swiss_retrospective,swiss_roll_with_hole,conventional,0.01,30,0.1275279659998887,0.0,0.1292724659997475,0.2572721760002423,1.4957647900000666,1748584
N1_C_RETRO__M6A2__swiss_roll_with_hole__f_mapper__sigma_0.01__rep30__f0865c6325c5898f,swiss_retrospective,swiss_roll_with_hole,f_mapper,0.01,30,14.607643720999931,0.0,0.1716132300002755,14.779670897000415,16.30625467699997,1342542
N1_C_RETRO__M6A2__swiss_roll_with_hole__conventional__sigma_0.03__rep1__aee0851470d1801a,swiss_retrospective,swiss_roll_with_hole,conventional,0.03,1,0.12815761999991082,0.0,0.1309675369998331,0.2596128709997174,1.5147965999999542,1770221
N1_C_RETRO__M6A2__swiss_roll_with_hole__f_mapper__sigma_0.03__rep1__3c16f78bd46917df,swiss_retrospective,swiss_roll_with_hole,f_mapper,0.03,1,13.535431722999874,0.0,0.11958043799995721,13.655497530000048,14.920455670000138,1366326
N1_C_RETRO__M6A2__swiss_roll_with_hole__conventional__sigma_0.03__rep2__c6976a19e1139fcd,swiss_retrospective,swiss_roll_with_hole,conventional,0.03,2,0.08453820899967468,0.0,0.12879468799974347,0.21383165199995346,1.282886721000068,1766380
N1_C_RETRO__M6A2__swiss_roll_with_hole__f_mapper__sigma_0.03__rep2__a881437d060f49b2,swiss_retrospective,swiss_roll_with_hole,f_mapper,0.03,2,13.728705459000139,0.0,0.12427293700011433,13.853444540000055,15.15231665400006,1382241
N1_C_RETRO__M6A2__swiss_roll_with_hole__conventional__sigma_0.03__rep3__7f8c3cbab7ecab3d,swiss_retrospective,swiss_roll_with_hole,conventional,0.03,3,0.08453647199985426,0.0,0.12877103799974066,0.2136783240002842,1.2820514549998734,1759850
N1_C_RETRO__M6A2__swiss_roll_with_hole__f_mapper__sigma_0.03__rep3__af2a0c54e7da2b29,swiss_retrospective,swiss_roll_with_hole,f_mapper,0.03,3,14.775469362999957,0.0,0.11470893599971532,14.890595061000113,16.12999508500002,1338684
N1_C_RETRO__M6A2__swiss_roll_with_hole__conventional__sigma_0.03__rep4__9917499861cd0299,swiss_retrospective,swiss_roll_with_hole,conventional,0.03,4,0.08220367600006284,0.0,0.12932930799979658,0.2119714450000174,1.27178852499992,1747835
N1_C_RETRO__M6A2__swiss_roll_with_hole__f_mapper__sigma_0.03__rep4__e82ab45d0a116341,swiss_retrospective,swiss_roll_with_hole,f_mapper,0.03,4,13.597537782000018,0.0,0.1201615709996986,13.718088641999657,14.987952004000135,1345975
N1_C_RETRO__M6A2__swiss_roll_with_hole__conventional__sigma_0.03__rep5__a9740a6398387801,swiss_retrospective,swiss_roll_with_hole,conventional,0.03,5,0.08897891000015079,0.0,0.13765060800005813,0.22708273799980816,1.3624960350000492,1768618
N1_C_RETRO__M6A2__swiss_roll_with_hole__f_mapper__sigma_0.03__rep5__c9a723d370c35889,swiss_retrospective,swiss_roll_with_hole,f_mapper,0.03,5,13.695124708000094,0.0,0.1851420269999835,13.880913537000197,15.46222346200011,1382469
N1_C_RETRO__M6A2__swiss_roll_with_hole__conventional__sigma_0.03__rep6__9c2387402611994a,swiss_retrospective,swiss_roll_with_hole,conventional,0.03,6,0.12495676300022751,0.0,0.13602690000016082,0.26186423199987985,1.523501658999976,1795194
N1_C_RETRO__M6A2__swiss_roll_with_hole__f_mapper__sigma_0.03__rep6__a79f995bacc71e31,swiss_retrospective,swiss_roll_with_hole,f_mapper,0.03,6,12.85487964899994,0.0,0.1140861959997892,12.969418723999752,14.205647577999798,1331677
N1_C_RETRO__M6A2__swiss_roll_with_hole__conventional__sigma_0.03__rep7__d523fc37e5ebcb45,swiss_retrospective,swiss_roll_with_hole,conventional,0.03,7,0.08984049699984098,0.0,0.13715298400029496,0.22770005599977594,1.3660592920000454,1759053
N1_C_RETRO__M6A2__swiss_roll_with_hole__f_mapper__sigma_0.03__rep7__4681076ef1e139d2,swiss_retrospective,swiss_roll_with_hole,f_mapper,0.03,7,14.187592402000064,0.0,0.13134758999967744,14.319464423999761,15.640192117999959,1345200
N1_C_RETRO__M6A2__swiss_roll_with_hole__conventional__sigma_0.03__rep8__6a7bd2eef0b3683e,swiss_retrospective,swiss_roll_with_hole,conventional,0.03,8,0.08281232299987096,0.0,0.12381448199994338,0.207207464000021,1.2431770969999434,1738838
N1_C_RETRO__M6A2__swiss_roll_with_hole__f_mapper__sigma_0.03__rep8__cf18953e5e5fddf4,swiss_retrospective,swiss_roll_with_hole,f_mapper,0.03,8,14.599045450000176,0.0,0.11459028099989155,14.714013448999594,15.969968391999828,1300213
N1_C_RETRO__M6A2__swiss_roll_with_hole__conventional__sigma_0.03__rep9__b90ac7528ff4b024,swiss_retrospective,swiss_roll_with_hole,conventional,0.03,9,0.08452187300008518,0.0,0.13117758499993215,0.21606819099997665,1.2962799800000084,1742704
N1_C_RETRO__M6A2__swiss_roll_with_hole__f_mapper__sigma_0.03__rep9__1bd4d27f51266e31,swiss_retrospective,swiss_roll_with_hole,f_mapper,0.03,9,19.59475145999977,0.0,0.12346709000030387,19.718603249999887,21.008275551999986,1342669
N1_C_RETRO__M6A2__swiss_roll_with_hole__conventional__sigma_0.03__rep10__a04ee4c4830e13fa,swiss_retrospective,swiss_roll_with_hole,conventional,0.03,10,0.08750931699978537,0.0,0.1291145130003315,0.21715413399988392,1.3028702350000003,1738431
N1_C_RETRO__M6A2__swiss_roll_with_hole__f_mapper__sigma_0.03__rep10__cce605e5bccdaabd,swiss_retrospective,swiss_roll_with_hole,f_mapper,0.03,10,15.09514283200042,0.0,0.11616871899968828,15.211714435999511,16.4579619550002,1298304
N1_C_RETRO__M6A2__swiss_roll_with_hole__conventional__sigma_0.03__rep11__5bb672aada4cc04e,swiss_retrospective,swiss_roll_with_hole,conventional,0.03,11,0.0866942469992864,0.0,0.13095783300013863,0.21815397000045778,1.3088833770000292,1777484
N1_C_RETRO__M6A2__swiss_roll_with_hole__f_mapper__sigma_0.03__rep11__f1d65f0120844984,swiss_retrospective,swiss_roll_with_hole,f_mapper,0.03,11,12.73315748799996,0.0,0.11925727300058497,12.852851429999646,14.110838565999984,1375199
N1_C_RETRO__M6A2__swiss_roll_with_hole__conventional__sigma_0.03__rep12__ef04160fdd6a2c0a,swiss_retrospective,swiss_roll_with_hole,conventional,0.03,12,0.08667639000032068,0.0,0.1326113360000818,0.21966876100032096,1.3179398750000928,1735391
N1_C_RETRO__M6A2__swiss_roll_with_hole__f_mapper__sigma_0.03__rep12__03d24de70423dcef,swiss_retrospective,swiss_roll_with_hole,f_mapper,0.03,12,12.925120423999942,0.0,0.126342575000308,13.052042195000467,14.354104813000049,1330738
N1_C_RETRO__M6A2__swiss_roll_with_hole__conventional__sigma_0.03__rep13__fde28e0386c032cc,swiss_retrospective,swiss_roll_with_hole,conventional,0.03,13,0.08431991100042069,0.0,0.126465344999815,0.21117016900007002,1.2669267920000493,1779759
N1_C_RETRO__M6A2__swiss_roll_with_hole__f_mapper__sigma_0.03__rep13__d3d77c47749d53f9,swiss_retrospective,swiss_roll_with_hole,f_mapper,0.03,13,13.146561769000073,0.0,0.12022211299972696,13.267198368999743,14.54710070100009,1407037
N1_C_RETRO__M6A2__swiss_roll_with_hole__conventional__sigma_0.03__rep14__44c7f086f8560d5f,swiss_retrospective,swiss_roll_with_hole,conventional,0.03,14,0.0865077280004698,0.0,0.1284326980003243,0.21533461600029113,1.2919293949998973,1754611
N1_C_RETRO__M6A2__swiss_roll_with_hole__f_mapper__sigma_0.03__rep14__4059aa44d379ec8b,swiss_retrospective,swiss_roll_with_hole,f_mapper,0.03,14,15.790922806999333,0.0,0.12081109300015669,15.912184333999903,17.18093589,1337677
N1_C_RETRO__M6A2__swiss_roll_with_hole__conventional__sigma_0.03__rep15__8682512d9c07aa4e,swiss_retrospective,swiss_roll_with_hole,conventional,0.03,15,0.08730350700079725,0.0,0.13699022799937666,0.22468413700062229,1.348032701000193,1753490
N1_C_RETRO__M6A2__swiss_roll_with_hole__f_mapper__sigma_0.03__rep15__e0f9a01293a81599,swiss_retrospective,swiss_roll_with_hole,f_mapper,0.03,15,15.744192710999414,0.0,0.12645646599958127,15.871024089999992,17.178109852000034,1337916
N1_C_RETRO__M6A2__swiss_roll_with_hole__conventional__sigma_0.03__rep16__b35b27a3e8621195,swiss_retrospective,swiss_roll_with_hole,conventional,0.03,16,0.08435125200048788,0.0,0.13326558500011743,0.21798726100041677,1.3078915890000644,1779409
N1_C_RETRO__M6A2__swiss_roll_with_hole__f_mapper__sigma_0.03__rep16__ee65123645288a99,swiss_retrospective,swiss_roll_with_hole,f_mapper,0.03,16,15.0583036550006,0.0,0.1205571680002322,15.179268686999421,16.453709784999774,1302497
N1_C_RETRO__M6A2__swiss_roll_with_hole__conventional__sigma_0.03__rep17__3bcb7fc6aceec94d,swiss_retrospective,swiss_roll_with_hole,conventional,0.03,17,0.08404745000007097,0.0,0.13493586000004143,0.2193628009999884,1.316078965000088,1739211
N1_C_RETRO__M6A2__swiss_roll_with_hole__f_mapper__sigma_0.03__rep17__9de53fa2d6c32564,swiss_retrospective,swiss_roll_with_hole,f_mapper,0.03,17,13.859845422000035,0.0,0.10988576999989164,13.970198297000024,15.181163790000028,1302937
N1_C_RETRO__M6A2__swiss_roll_with_hole__conventional__sigma_0.03__rep18__fb74c17bf25caf61,swiss_retrospective,swiss_roll_with_hole,conventional,0.03,18,0.08558790400002181,0.0,0.12692560699997557,0.2128775229994062,1.277218504999837,1774700
N1_C_RETRO__M6A2__swiss_roll_with_hole__f_mapper__sigma_0.03__rep18__840e5ccddac903c3,swiss_retrospective,swiss_roll_with_hole,f_mapper,0.03,18,14.249559439000222,0.0,0.12182215199936763,14.371849547000238,15.645230764999724,1328461
N1_C_RETRO__M6A2__swiss_roll_with_hole__conventional__sigma_0.03__rep19__ae96e05ee5c458f1,swiss_retrospective,swiss_roll_with_hole,conventional,0.03,19,0.0928037610001411,0.0,0.14684512500025448,0.2402189640006327,1.4369936409998445,1758906
N1_C_RETRO__M6A2__swiss_roll_with_hole__f_mapper__sigma_0.03__rep19__79bc773ae939d951,swiss_retrospective,swiss_roll_with_hole,f_mapper,0.03,19,13.969023531999483,0.0,0.1241862079996281,14.093589150000298,15.299384052999812,1377650
N1_C_RETRO__M6A2__swiss_roll_with_hole__conventional__sigma_0.03__rep20__356aafa79b1cbe69,swiss_retrospective,swiss_roll_with_hole,conventional,0.03,20,0.08723532500061992,0.0,0.1305346710005324,0.2182029280002098,1.3091171769997345,1770817
N1_C_RETRO__M6A2__swiss_roll_with_hole__f_mapper__sigma_0.03__rep20__eb3d4018a590baee,swiss_retrospective,swiss_roll_with_hole,f_mapper,0.03,20,13.177979464999225,0.0,0.1268467089994374,13.305294663000495,14.610393574000227,1341305
N1_C_RETRO__M6A2__swiss_roll_with_hole__conventional__sigma_0.03__rep21__205b2720fd34489a,swiss_retrospective,swiss_roll_with_hole,conventional,0.03,21,0.08897054499993828,0.0,0.1333717939996859,0.22275095399982092,1.3362726260002091,1756992
N1_C_RETRO__M6A2__swiss_roll_with_hole__f_mapper__sigma_0.03__rep21__4e2f454bced2ba77,swiss_retrospective,swiss_roll_with_hole,f_mapper,0.03,21,16.274112432000038,0.0,0.12019819799934339,16.394687055999384,17.663766697000028,1317230
N1_C_RETRO__M6A2__swiss_roll_with_hole__conventional__sigma_0.03__rep22__fe4bfacf37dacbb8,swiss_retrospective,swiss_roll_with_hole,conventional,0.03,22,0.0998442949994569,0.0,0.12591522000002442,0.22632151699963288,1.3550427989998752,1815984
N1_C_RETRO__M6A2__swiss_roll_with_hole__f_mapper__sigma_0.03__rep22__692be4c5f73a5fed,swiss_retrospective,swiss_roll_with_hole,f_mapper,0.03,22,11.397687261000101,0.0,0.12235181100004411,11.520460290000301,12.801985942000101,1386773
N1_C_RETRO__M6A2__swiss_roll_with_hole__conventional__sigma_0.03__rep23__168587e3ffc18984,swiss_retrospective,swiss_roll_with_hole,conventional,0.03,23,0.08658656299940048,0.0,0.13042010699973616,0.2174163480003699,1.3043152340001143,1740233
N1_C_RETRO__M6A2__swiss_roll_with_hole__f_mapper__sigma_0.03__rep23__38d4f51951c0eff5,swiss_retrospective,swiss_roll_with_hole,f_mapper,0.03,23,15.021845625999958,0.0,0.15906134099986957,15.18132839900045,16.635350977000144,1299376
N1_C_RETRO__M6A2__swiss_roll_with_hole__conventional__sigma_0.03__rep24__4c131686da31290e,swiss_retrospective,swiss_roll_with_hole,conventional,0.03,24,0.12456541499977902,0.0,0.12758463699992717,0.25297853400024906,1.489596108999649,1772670
N1_C_RETRO__M6A2__swiss_roll_with_hole__f_mapper__sigma_0.03__rep24__afb0fa247b85df0e,swiss_retrospective,swiss_roll_with_hole,f_mapper,0.03,24,13.714670158000445,0.0,0.12077824500011047,13.836158603000513,15.107394658999965,1366164
N1_C_RETRO__M6A2__swiss_roll_with_hole__conventional__sigma_0.03__rep25__dce22639979e79a7,swiss_retrospective,swiss_roll_with_hole,conventional,0.03,25,0.08328625099966303,0.0,0.12509990399939852,0.20884905799994158,1.2530132480001157,1778362
N1_C_RETRO__M6A2__swiss_roll_with_hole__f_mapper__sigma_0.03__rep25__e83ea99c54ce703a,swiss_retrospective,swiss_roll_with_hole,f_mapper,0.03,25,14.132903332000751,0.0,0.11813138700017589,14.251457555999878,15.516386181000144,1292670
N1_C_RETRO__M6A2__swiss_roll_with_hole__conventional__sigma_0.03__rep26__259a69b17eadc6c2,swiss_retrospective,swiss_roll_with_hole,conventional,0.03,26,0.09042288700038625,0.0,0.13793109000016557,0.22899840100035362,1.3738529459997153,1724543
N1_C_RETRO__M6A2__swiss_roll_with_hole__f_mapper__sigma_0.03__rep26__a0a8d3b1842d4142,swiss_retrospective,swiss_roll_with_hole,f_mapper,0.03,26,14.083029755999632,0.0,0.12327943500076799,14.206722660000196,15.475758086000042,1373764
N1_C_RETRO__M6A2__swiss_roll_with_hole__conventional__sigma_0.03__rep27__681de457ee52c5c2,swiss_retrospective,swiss_roll_with_hole,conventional,0.03,27,0.08637383899986162,0.0,0.1357265130000087,0.22251414299989847,1.3350029950001954,1783247
N1_C_RETRO__M6A2__swiss_roll_with_hole__f_mapper__sigma_0.03__rep27__e5e77cd41078163e,swiss_retrospective,swiss_roll_with_hole,f_mapper,0.03,27,13.711611513999742,0.0,0.1237201300000379,13.835741715999575,15.126938634999988,1334261
N1_C_RETRO__M6A2__swiss_roll_with_hole__conventional__sigma_0.03__rep28__7a61e7ceda6f9ba5,swiss_retrospective,swiss_roll_with_hole,conventional,0.03,28,0.08568912399914552,0.0,0.12489143699986016,0.21102729299946077,1.2661042089998773,1792367
N1_C_RETRO__M6A2__swiss_roll_with_hole__f_mapper__sigma_0.03__rep28__dc5416b461a10a16,swiss_retrospective,swiss_roll_with_hole,f_mapper,0.03,28,14.505737055000282,0.0,0.12848925899925234,14.634646616000282,15.944466110000121,1384340
N1_C_RETRO__M6A2__swiss_roll_with_hole__conventional__sigma_0.03__rep29__0ae02cc1ba96d556,swiss_retrospective,swiss_roll_with_hole,conventional,0.03,29,0.08629964900046616,0.0,0.12498380499982886,0.21176611200007756,1.2702966269998797,1793927
N1_C_RETRO__M6A2__swiss_roll_with_hole__f_mapper__sigma_0.03__rep29__120e59e005a759e3,swiss_retrospective,swiss_roll_with_hole,f_mapper,0.03,29,13.188391392000085,0.0,0.11243998999998439,13.301264588999402,14.528123687000061,1377283
N1_C_RETRO__M6A2__swiss_roll_with_hole__conventional__sigma_0.03__rep30__c63de71d8f205564,swiss_retrospective,swiss_roll_with_hole,conventional,0.03,30,0.08473428600063926,0.0,0.130031659999986,0.2151771610006108,1.291104538000127,1764144
N1_C_RETRO__M6A2__swiss_roll_with_hole__f_mapper__sigma_0.03__rep30__57599a2269ba9454,swiss_retrospective,swiss_roll_with_hole,f_mapper,0.03,30,14.889181578000716,0.0,0.1151807699998244,15.00477485600004,16.244437510999887,1336303
N1_C_RETRO__M6A2__swiss_roll_with_hole__conventional__sigma_0.05__rep1__fbb9da425f396cee,swiss_retrospective,swiss_roll_with_hole,conventional,0.05,1,0.08626215000003867,0.0,0.13229531600063638,0.21895290199972806,1.313673498999833,1787051
N1_C_RETRO__M6A2__swiss_roll_with_hole__f_mapper__sigma_0.05__rep1__6bfff4dce9a4cd8e,swiss_retrospective,swiss_roll_with_hole,f_mapper,0.05,1,14.614690078000422,0.0,0.1193875119997756,14.734500806000142,16.004158896999797,1360167
N1_C_RETRO__M6A2__swiss_roll_with_hole__conventional__sigma_0.05__rep2__c9600b5f572e38ee,swiss_retrospective,swiss_roll_with_hole,conventional,0.05,2,0.08871245099999214,0.0,0.13993175200084806,0.2290773190006803,1.3743831009996939,1801928
N1_C_RETRO__M6A2__swiss_roll_with_hole__f_mapper__sigma_0.05__rep2__83e8d6bc40ea3fa6,swiss_retrospective,swiss_roll_with_hole,f_mapper,0.05,2,15.74499692000063,0.0,0.1321055560001696,15.877516785000807,17.198147515000073,1346073
N1_C_RETRO__M6A2__swiss_roll_with_hole__conventional__sigma_0.05__rep3__05780819efb8507a,swiss_retrospective,swiss_roll_with_hole,conventional,0.05,3,0.08887243800018041,0.0,0.13714868199986086,0.22647997300009592,1.358800945999974,1788712
N1_C_RETRO__M6A2__swiss_roll_with_hole__f_mapper__sigma_0.05__rep3__fca4fb7de3438b7c,swiss_retrospective,swiss_roll_with_hole,f_mapper,0.05,3,13.503013014000317,0.0,0.1266726350004319,13.630104477000714,14.922406386000148,1329342
N1_C_RETRO__M6A2__swiss_roll_with_hole__conventional__sigma_0.05__rep4__8b35dd305ba514b4,swiss_retrospective,swiss_roll_with_hole,conventional,0.05,4,0.08485618399936357,0.0,0.14070465399981913,0.22594721500081505,1.3554317289999744,1791548
N1_C_RETRO__M6A2__swiss_roll_with_hole__f_mapper__sigma_0.05__rep4__0e54f85fe0ee139a,swiss_retrospective,swiss_roll_with_hole,f_mapper,0.05,4,14.107412807999935,0.0,0.10047980600029405,14.208290424000552,15.379740187000152,1364875
N1_C_RETRO__M6A2__swiss_roll_with_hole__conventional__sigma_0.05__rep5__b70b3a823f38accd,swiss_retrospective,swiss_roll_with_hole,conventional,0.05,5,0.07802523500049574,0.0,0.12050240999997186,0.19885908799915342,1.1931140070000765,1771810
N1_C_RETRO__M6A2__swiss_roll_with_hole__f_mapper__sigma_0.05__rep5__5e7d1b864e72c682,swiss_retrospective,swiss_roll_with_hole,f_mapper,0.05,5,13.73253996999938,0.0,0.10624578699935228,13.839098874999763,15.064256101999945,1389027
N1_C_RETRO__M6A2__swiss_roll_with_hole__conventional__sigma_0.05__rep6__c4955e24a1b376ad,swiss_retrospective,swiss_roll_with_hole,conventional,0.05,6,0.07669481300035841,0.0,0.12753849599994282,0.20454674800021166,1.227231626000048,1776800
N1_C_RETRO__M6A2__swiss_roll_with_hole__f_mapper__sigma_0.05__rep6__d18f78e9f37f9b6e,swiss_retrospective,swiss_roll_with_hole,f_mapper,0.05,6,14.315179111999896,0.0,0.0995187309999892,14.415028123999946,15.57784357599985,1339509
N1_C_RETRO__M6A2__swiss_roll_with_hole__conventional__sigma_0.05__rep7__b7bd5fc82f638562,swiss_retrospective,swiss_roll_with_hole,conventional,0.05,7,0.0747332130003997,0.0,0.11862992900023528,0.1936806499998056,1.1620412839997698,1730760
N1_C_RETRO__M6A2__swiss_roll_with_hole__f_mapper__sigma_0.05__rep7__ba29b6e03b386b14,swiss_retrospective,swiss_roll_with_hole,f_mapper,0.05,7,11.38266090200068,0.0,0.10308703899954708,11.48607946499942,12.688969100000122,1311932
N1_C_RETRO__M6A2__swiss_roll_with_hole__conventional__sigma_0.05__rep8__77db14f852a57e2d,swiss_retrospective,swiss_roll_with_hole,conventional,0.05,8,0.07590699800039147,0.0,0.11569016500016005,0.1919069360001231,1.151376331999927,1745931
N1_C_RETRO__M6A2__swiss_roll_with_hole__f_mapper__sigma_0.05__rep8__4b025d79b9d021ed,swiss_retrospective,swiss_roll_with_hole,f_mapper,0.05,8,11.35418455800027,0.0,0.11124542299967288,11.465762273999644,12.709249050999915,1398948
N1_C_RETRO__M6A2__swiss_roll_with_hole__conventional__sigma_0.05__rep9__307e172a12aa83fe,swiss_retrospective,swiss_roll_with_hole,conventional,0.05,9,0.07736220300012064,0.0,0.11958173899984104,0.19726543700016919,1.1835502950002592,1729990
N1_C_RETRO__M6A2__swiss_roll_with_hole__f_mapper__sigma_0.05__rep9__5274af1bd34f19b9,swiss_retrospective,swiss_roll_with_hole,f_mapper,0.05,9,13.2025379910001,0.0,0.1138638450001963,13.316718633999699,14.580035282999688,1309294
N1_C_RETRO__M6A2__swiss_roll_with_hole__conventional__sigma_0.05__rep10__bf0f8827d1077303,swiss_retrospective,swiss_roll_with_hole,conventional,0.05,10,0.07785727899954509,0.0,0.11573724000027141,0.1939128290005101,1.1633757570002672,1808333
N1_C_RETRO__M6A2__swiss_roll_with_hole__f_mapper__sigma_0.05__rep10__729cdca28c707a06,swiss_retrospective,swiss_roll_with_hole,f_mapper,0.05,10,15.39522648699949,0.0,0.10157432100004371,15.497101363000183,16.69061492999981,1279912
N1_C_RETRO__M6A2__swiss_roll_with_hole__conventional__sigma_0.05__rep11__fab8e50909716b23,swiss_retrospective,swiss_roll_with_hole,conventional,0.05,11,0.11616191499979323,0.0,0.117161815000145,0.23366127400004189,1.4019229280002037,1731344
N1_C_RETRO__M6A2__swiss_roll_with_hole__f_mapper__sigma_0.05__rep11__d310080d94983097,swiss_retrospective,swiss_roll_with_hole,f_mapper,0.05,11,16.093754403000275,0.0,0.14836511299927224,16.242437754999628,17.67261046700014,1400350
N1_C_RETRO__M6A2__swiss_roll_with_hole__conventional__sigma_0.05__rep12__ade2b1d6e7643a47,swiss_retrospective,swiss_roll_with_hole,conventional,0.05,12,0.11764501700054097,0.0,0.17127255400009744,0.28936115600026824,1.7360979119998774,1729407
N1_C_RETRO__M6A2__swiss_roll_with_hole__f_mapper__sigma_0.05__rep12__4faf61e9e7714a4d,swiss_retrospective,swiss_roll_with_hole,f_mapper,0.05,12,13.878720937999788,0.0,0.10897647099955066,13.988128599999982,15.147920255999907,1387768
N1_C_RETRO__M6A2__swiss_roll_with_hole__conventional__sigma_0.05__rep13__cddb7d3cf5906365,swiss_retrospective,swiss_roll_with_hole,conventional,0.05,13,0.07830434999959834,0.0,0.1163575740001761,0.19497200699970563,1.1697656849996747,1834548
N1_C_RETRO__M6A2__swiss_roll_with_hole__f_mapper__sigma_0.05__rep13__76bf383634b5b9df,swiss_retrospective,swiss_roll_with_hole,f_mapper,0.05,13,15.64748025300014,0.0,0.10122152399981132,15.749025596000138,16.932066551999924,1325895
N1_C_RETRO__M6A2__swiss_roll_with_hole__conventional__sigma_0.05__rep14__f321eb4791e0de8d,swiss_retrospective,swiss_roll_with_hole,conventional,0.05,14,0.0837539830008609,0.0,0.11340853300043818,0.19755033500041463,1.1852079529999173,1793406
N1_C_RETRO__M6A2__swiss_roll_with_hole__f_mapper__sigma_0.05__rep14__0bc9496a94dd04c7,swiss_retrospective,swiss_roll_with_hole,f_mapper,0.05,14,13.990374629000144,0.0,0.10657765799987828,14.097283469999638,15.325121285000023,1353505
N1_C_RETRO__M6A2__swiss_roll_with_hole__conventional__sigma_0.05__rep15__5fb4cb78c1223fc4,swiss_retrospective,swiss_roll_with_hole,conventional,0.05,15,0.07529077300023346,0.0,0.1159220079998704,0.1915259010002046,1.14911087199971,1730270
N1_C_RETRO__M6A2__swiss_roll_with_hole__f_mapper__sigma_0.05__rep15__9e2583b8d18ee299,swiss_retrospective,swiss_roll_with_hole,f_mapper,0.05,15,14.959325396000168,0.0,0.11679036899931816,15.076427641999544,16.349060067999744,1317014
N1_C_RETRO__M6A2__swiss_roll_with_hole__conventional__sigma_0.05__rep16__da6b5c862ec6e44e,swiss_retrospective,swiss_roll_with_hole,conventional,0.05,16,0.07794286500029557,0.0,0.11982528600037767,0.1982197699999233,1.1891772040003161,1793056
N1_C_RETRO__M6A2__swiss_roll_with_hole__f_mapper__sigma_0.05__rep16__73225c960d49c6f1,swiss_retrospective,swiss_roll_with_hole,f_mapper,0.05,16,11.053132785000344,0.0,0.10070731599989813,11.154297490000317,12.339485748999778,1387364
N1_C_RETRO__M6A2__swiss_roll_with_hole__conventional__sigma_0.05__rep17__29ea917bdffcf942,swiss_retrospective,swiss_roll_with_hole,conventional,0.05,17,0.08087947599960899,0.0,0.11717079899972305,0.19838377199994284,1.1902621770000223,1796442
N1_C_RETRO__M6A2__swiss_roll_with_hole__f_mapper__sigma_0.05__rep17__0e1b4825efb499b3,swiss_retrospective,swiss_roll_with_hole,f_mapper,0.05,17,14.267437139999856,0.0,0.11339014100030909,14.381151079999654,15.643505873999857,1439880
N1_C_RETRO__M6A2__swiss_roll_with_hole__conventional__sigma_0.05__rep18__46a7d5c4af0707a4,swiss_retrospective,swiss_roll_with_hole,conventional,0.05,18,0.07724521899945103,0.0,0.1173167930001,0.19487541199941916,1.1691965539998819,1757264
N1_C_RETRO__M6A2__swiss_roll_with_hole__f_mapper__sigma_0.05__rep18__1fca655699e2598e,swiss_retrospective,swiss_roll_with_hole,f_mapper,0.05,18,13.440514501000507,0.0,0.11330528500002401,13.554159733999768,14.819218378000187,1338854
N1_C_RETRO__M6A2__swiss_roll_with_hole__conventional__sigma_0.05__rep19__30a0d6cad872a9e3,swiss_retrospective,swiss_roll_with_hole,conventional,0.05,19,0.07502180800020142,0.0,0.11541347799993673,0.19076136900002894,1.1445193129998188,1747864
N1_C_RETRO__M6A2__swiss_roll_with_hole__f_mapper__sigma_0.05__rep19__b677a563b93dd910,swiss_retrospective,swiss_roll_with_hole,f_mapper,0.05,19,11.169028150000486,0.0,0.1075240730006044,11.27686871700007,12.50626265000028,1368059
N1_C_RETRO__M6A2__swiss_roll_with_hole__conventional__sigma_0.05__rep20__940658b96c9fc7b3,swiss_retrospective,swiss_roll_with_hole,conventional,0.05,20,0.0760473259997525,0.0,0.11375667799984512,0.19014584700016712,1.1408179059999384,1781275
N1_C_RETRO__M6A2__swiss_roll_with_hole__f_mapper__sigma_0.05__rep20__b3ae5954e119fa9e,swiss_retrospective,swiss_roll_with_hole,f_mapper,0.05,20,12.208044910000353,0.0,0.09694874199976766,12.305325204999463,13.481212315999983,1320990
N1_C_RETRO__M6A2__swiss_roll_with_hole__conventional__sigma_0.05__rep21__f140c9b0874765f6,swiss_retrospective,swiss_roll_with_hole,conventional,0.05,21,0.07216756300022098,0.0,0.10499333200004912,0.17747097900064546,1.0647818409997853,1756972
N1_C_RETRO__M6A2__swiss_roll_with_hole__f_mapper__sigma_0.05__rep21__ab6ab3744a72ad32,swiss_retrospective,swiss_roll_with_hole,f_mapper,0.05,21,16.667072985999766,0.0,0.09990143300001364,16.767292407999776,17.970233103000282,1359943
N1_C_RETRO__M6A2__swiss_roll_with_hole__conventional__sigma_0.05__rep22__0289c0e5c94437aa,swiss_retrospective,swiss_roll_with_hole,conventional,0.05,22,0.07873515400024189,0.0,0.11610267200012458,0.1951462459992399,1.170844857999782,1743727
N1_C_RETRO__M6A2__swiss_roll_with_hole__f_mapper__sigma_0.05__rep22__18072bb7a4606e98,swiss_retrospective,swiss_roll_with_hole,f_mapper,0.05,22,12.974602206999407,0.0,0.09852140699968004,13.073445779999929,14.24718239699996,1317820
N1_C_RETRO__M6A2__swiss_roll_with_hole__conventional__sigma_0.05__rep23__35264a3be3f28396,swiss_retrospective,swiss_roll_with_hole,conventional,0.05,23,0.07992000900048879,0.0,0.12081571299950156,0.20104415100013284,1.2061706529998446,1768444
N1_C_RETRO__M6A2__swiss_roll_with_hole__f_mapper__sigma_0.05__rep23__8ca05981553aaf96,swiss_retrospective,swiss_roll_with_hole,f_mapper,0.05,23,17.3328103140002,0.0,0.15305033399999957,17.48617354399994,18.93538092300014,1333746
N1_C_RETRO__M6A2__swiss_roll_with_hole__conventional__sigma_0.05__rep24__28d186c56af3bdc1,swiss_retrospective,swiss_roll_with_hole,conventional,0.05,24,0.11876992799989239,0.0,0.18821947800006456,0.30741623799985973,1.8444537529999252,1788657
N1_C_RETRO__M6A2__swiss_roll_with_hole__f_mapper__sigma_0.05__rep24__79df89bdbeb32bcd,swiss_retrospective,swiss_roll_with_hole,f_mapper,0.05,24,15.129088497999874,0.0,0.10779650099993887,15.237329012999908,16.355446889999712,1322555
N1_C_RETRO__M6A2__swiss_roll_with_hole__conventional__sigma_0.05__rep25__50c8c6622d831a7a,swiss_retrospective,swiss_roll_with_hole,conventional,0.05,25,0.07989957500012679,0.0,0.12452024399954098,0.20491807500002324,1.2294050400000742,1769752
N1_C_RETRO__M6A2__swiss_roll_with_hole__f_mapper__sigma_0.05__rep25__4c56a45aa551974f,swiss_retrospective,swiss_roll_with_hole,f_mapper,0.05,25,17.11798859800001,0.0,0.10424480100027722,17.222590639999908,18.41829879199986,1302560
N1_C_RETRO__M6A2__swiss_roll_with_hole__conventional__sigma_0.05__rep26__80ba81fd5a62a1b3,swiss_retrospective,swiss_roll_with_hole,conventional,0.05,26,0.07411045600019861,0.0,0.11350442799994198,0.18795160599984229,1.127634050999859,1779293
N1_C_RETRO__M6A2__swiss_roll_with_hole__f_mapper__sigma_0.05__rep26__009e071fec7602d9,swiss_retrospective,swiss_roll_with_hole,f_mapper,0.05,26,15.16070913600015,0.0,0.10259173099984764,15.263645916000314,16.467075045,1381918
N1_C_RETRO__M6A2__swiss_roll_with_hole__conventional__sigma_0.05__rep27__59cf2f5684f91bd9,swiss_retrospective,swiss_roll_with_hole,conventional,0.05,27,0.07172419200014701,0.0,0.1071525589995872,0.17920025900002656,1.0751382170001307,1782148
N1_C_RETRO__M6A2__swiss_roll_with_hole__f_mapper__sigma_0.05__rep27__ff5f7e091c6523a0,swiss_retrospective,swiss_roll_with_hole,f_mapper,0.05,27,14.47243204500046,0.0,0.10035996599981445,14.573113456000101,15.770320474000073,1388020
N1_C_RETRO__M6A2__swiss_roll_with_hole__conventional__sigma_0.05__rep28__46325681f13087ea,swiss_retrospective,swiss_roll_with_hole,conventional,0.05,28,0.08218158700037748,0.0,0.12302871900010359,0.20554026599984354,1.2331850460000169,1804872
N1_C_RETRO__M6A2__swiss_roll_with_hole__f_mapper__sigma_0.05__rep28__7dde9443159fbbd1,swiss_retrospective,swiss_roll_with_hole,f_mapper,0.05,28,16.077631195999857,0.0,0.10823921100018197,16.186199244999443,17.40043851700011,1378772
N1_C_RETRO__M6A2__swiss_roll_with_hole__conventional__sigma_0.05__rep29__bebb2cabeb342e8c,swiss_retrospective,swiss_roll_with_hole,conventional,0.05,29,0.07591567700001178,0.0,0.1191100309997637,0.19534192100036307,1.1719891019997704,1821037
N1_C_RETRO__M6A2__swiss_roll_with_hole__f_mapper__sigma_0.05__rep29__1b8162a77e8e574d,swiss_retrospective,swiss_roll_with_hole,f_mapper,0.05,29,11.52108624399989,0.0,0.09708701399995334,11.618511974000285,12.79712989699965,1290939
N1_C_RETRO__M6A2__swiss_roll_with_hole__conventional__sigma_0.05__rep30__850a5d57bbe544f4,swiss_retrospective,swiss_roll_with_hole,conventional,0.05,30,0.07897699899967847,0.0,0.12294576299973414,0.20224164100000053,1.2133574560002671,1820001
N1_C_RETRO__M6A2__swiss_roll_with_hole__f_mapper__sigma_0.05__rep30__d687b977a13bdee1,swiss_retrospective,swiss_roll_with_hole,f_mapper,0.05,30,13.561575698000524,0.0,0.10613206200014247,13.668035304000114,14.863050320000184,1282143
N1_C_RETRO__M6A2__swiss_roll_with_hole__conventional__sigma_0.08__rep1__ae95f4ae75a08ffe,swiss_retrospective,swiss_roll_with_hole,conventional,0.08,1,0.07903822499974922,0.0,0.11761638000007224,0.19695864599998458,1.1817024530000708,1765510
N1_C_RETRO__M6A2__swiss_roll_with_hole__f_mapper__sigma_0.08__rep1__cf30d1e3c923d4d5,swiss_retrospective,swiss_roll_with_hole,f_mapper,0.08,1,13.685699982999722,0.0,0.11483814100029122,13.800858376000178,15.057781809000062,1348070
N1_C_RETRO__M6A2__swiss_roll_with_hole__conventional__sigma_0.08__rep2__0db080d9de2dbfb1,swiss_retrospective,swiss_roll_with_hole,conventional,0.08,2,0.08418932999938988,0.0,0.13109441000051447,0.2156141099994784,1.2936604199999238,1800936
N1_C_RETRO__M6A2__swiss_roll_with_hole__f_mapper__sigma_0.08__rep2__a9c6bb57eb9e2abf,swiss_retrospective,swiss_roll_with_hole,f_mapper,0.08,2,11.884509389000414,0.0,0.10855764500047371,11.993393447000017,13.208039490999909,1298988
N1_C_RETRO__M6A2__swiss_roll_with_hole__conventional__sigma_0.08__rep3__4ddc076cfb69dfaa,swiss_retrospective,swiss_roll_with_hole,conventional,0.08,3,0.07425454600070225,0.0,0.11390763100007462,0.18848109699956694,1.1308210880001752,1799613
N1_C_RETRO__M6A2__swiss_roll_with_hole__f_mapper__sigma_0.08__rep3__057be61a4f20ac1c,swiss_retrospective,swiss_roll_with_hole,f_mapper,0.08,3,16.3721211080001,0.0,0.10561521599993284,16.47806932000003,17.698252173000128,1363311
N1_C_RETRO__M6A2__swiss_roll_with_hole__conventional__sigma_0.08__rep4__a72d4fc622ba584e,swiss_retrospective,swiss_roll_with_hole,conventional,0.08,4,0.07173245100057102,0.0,0.10820892699939577,0.18046318799952132,1.0827463499999794,1793613
N1_C_RETRO__M6A2__swiss_roll_with_hole__f_mapper__sigma_0.08__rep4__92af4a3bf94168fe,swiss_retrospective,swiss_roll_with_hole,f_mapper,0.08,4,19.108858592000615,0.0,0.1054168890004803,19.214613244999782,20.44265150399997,1290211
N1_C_RETRO__M6A2__swiss_roll_with_hole__conventional__sigma_0.08__rep5__07196e8c14d63029,swiss_retrospective,swiss_roll_with_hole,conventional,0.08,5,0.07687207100025262,0.0,0.11549020399979781,0.1926634199999171,1.15593748099991,1743362
N1_C_RETRO__M6A2__swiss_roll_with_hole__f_mapper__sigma_0.08__rep5__7a630041a26ed4a1,swiss_retrospective,swiss_roll_with_hole,f_mapper,0.08,5,14.057377052999982,0.0,0.10244934700040176,14.160167891999663,15.369036615000368,1334811
N1_C_RETRO__M6A2__swiss_roll_with_hole__conventional__sigma_0.08__rep6__bd74792a5e978696,swiss_retrospective,swiss_roll_with_hole,conventional,0.08,6,0.073470776999784,0.0,0.1126089929994123,0.18639374899976247,1.1183045100001436,1569138
N1_C_RETRO__M6A2__swiss_roll_with_hole__f_mapper__sigma_0.08__rep6__ec2974003b84f618,swiss_retrospective,swiss_roll_with_hole,f_mapper,0.08,6,12.167245419999745,0.0,0.10691198699987581,12.274479720999807,13.490515132999917,1329449
N1_C_RETRO__M6A2__swiss_roll_with_hole__conventional__sigma_0.08__rep7__aeeb62232172b452,swiss_retrospective,swiss_roll_with_hole,conventional,0.08,7,0.07493537000027573,0.0,0.11268997399929503,0.18794100800005253,1.1275495909999336,1846790
N1_C_RETRO__M6A2__swiss_roll_with_hole__f_mapper__sigma_0.08__rep7__9a69364dd8d1cab7,swiss_retrospective,swiss_roll_with_hole,f_mapper,0.08,7,12.038475884000036,0.0,0.09629888300059974,12.135100739000336,13.305950262999886,1306523
N1_C_RETRO__M6A2__swiss_roll_with_hole__conventional__sigma_0.08__rep8__d1a8da0509709451,swiss_retrospective,swiss_roll_with_hole,conventional,0.08,8,0.06963495400032116,0.0,0.11012541099989903,0.18008660699979373,1.080477176000386,1763819
N1_C_RETRO__M6A2__swiss_roll_with_hole__f_mapper__sigma_0.08__rep8__148d47b57cf1aad8,swiss_retrospective,swiss_roll_with_hole,f_mapper,0.08,8,16.618595659000675,0.0,0.109471110999948,16.728406506999818,17.967937306000294,1309164
N1_C_RETRO__M6A2__swiss_roll_with_hole__conventional__sigma_0.08__rep9__beef390a064c802f,swiss_retrospective,swiss_roll_with_hole,conventional,0.08,9,0.08351047500036657,0.0,0.12207198599935509,0.2060423440007071,1.2361760820003838,1828072
N1_C_RETRO__M6A2__swiss_roll_with_hole__f_mapper__sigma_0.08__rep9__15af88b49b4314dd,swiss_retrospective,swiss_roll_with_hole,f_mapper,0.08,9,13.011597939999774,0.0,0.11210034800024005,13.124034708000181,14.361379163000038,1319348
N1_C_RETRO__M6A2__swiss_roll_with_hole__conventional__sigma_0.08__rep10__12feddcefd7d25e3,swiss_retrospective,swiss_roll_with_hole,conventional,0.08,10,0.07839725899975747,0.0,0.11707532699983858,0.1957908039994436,1.1746823220000806,1833223
N1_C_RETRO__M6A2__swiss_roll_with_hole__f_mapper__sigma_0.08__rep10__70dfde08c7b0ca77,swiss_retrospective,swiss_roll_with_hole,f_mapper,0.08,10,13.5161106380001,0.0,0.103219476999584,13.619646228999954,14.819925793000039,1408711
N1_C_RETRO__M6A2__swiss_roll_with_hole__conventional__sigma_0.08__rep11__a84638ba2316eb29,swiss_retrospective,swiss_roll_with_hole,conventional,0.08,11,0.07424971700038441,0.0,0.11630241599959845,0.19086410799991427,1.145111204999921,1750100
N1_C_RETRO__M6A2__swiss_roll_with_hole__f_mapper__sigma_0.08__rep11__2a49e2127c378d97,swiss_retrospective,swiss_roll_with_hole,f_mapper,0.08,11,15.707246109999687,0.0,0.10375889100032509,15.811318759000642,17.024185833000047,1283509
N1_C_RETRO__M6A2__swiss_roll_with_hole__conventional__sigma_0.08__rep12__17faec61b1058bad,swiss_retrospective,swiss_roll_with_hole,conventional,0.08,12,0.0764514729999064,0.0,0.12134206500013534,0.1981109340003968,1.188578731999769,1773059
N1_C_RETRO__M6A2__swiss_roll_with_hole__f_mapper__sigma_0.08__rep12__47dbfe29d7c8f281,swiss_retrospective,swiss_roll_with_hole,f_mapper,0.08,12,11.8870608240004,0.0,0.1069530990007479,11.994351836999158,13.212939985000048,1372347
N1_C_RETRO__M6A2__swiss_roll_with_hole__conventional__sigma_0.08__rep13__8f43001274c96b88,swiss_retrospective,swiss_roll_with_hole,conventional,0.08,13,0.08412588200008031,0.0,0.12516424000023108,0.20962875900022482,1.2577107330002946,1715108
N1_C_RETRO__M6A2__swiss_roll_with_hole__f_mapper__sigma_0.08__rep13__e535e33d1cb8a81e,swiss_retrospective,swiss_roll_with_hole,f_mapper,0.08,13,13.94400396600031,0.0,0.11466540499986877,14.059010121000028,15.3001696489996,1316106
N1_C_RETRO__M6A2__swiss_roll_with_hole__conventional__sigma_0.08__rep14__0f343af335a51234,swiss_retrospective,swiss_roll_with_hole,conventional,0.08,14,0.08771278799940774,0.0,0.13831510299951333,0.22633210200001486,1.3579121110001324,1798153
N1_C_RETRO__M6A2__swiss_roll_with_hole__f_mapper__sigma_0.08__rep14__b1a974cb1261b77e,swiss_retrospective,swiss_roll_with_hole,f_mapper,0.08,14,13.868727641999612,0.0,0.11139918600019882,13.980515376999392,15.207314200999917,1377067
N1_C_RETRO__M6A2__swiss_roll_with_hole__conventional__sigma_0.08__rep15__1e526cae01706851,swiss_retrospective,swiss_roll_with_hole,conventional,0.08,15,0.07329727599972102,0.0,0.1116599060005683,0.18527265299962892,1.1115914340002746,1768617
N1_C_RETRO__M6A2__swiss_roll_with_hole__f_mapper__sigma_0.08__rep15__ae59d491a5522055,swiss_retrospective,swiss_roll_with_hole,f_mapper,0.08,15,12.335396843000126,0.0,0.10437126899978466,12.440141382000547,13.65180508900039,1372852
N1_C_RETRO__M6A2__swiss_roll_with_hole__conventional__sigma_0.08__rep16__ba3c882ab2dd1b0f,swiss_retrospective,swiss_roll_with_hole,conventional,0.08,16,0.07685429599951021,0.0,0.11764962899997045,0.1948064840007646,1.168822266999996,1779486
N1_C_RETRO__M6A2__swiss_roll_with_hole__f_mapper__sigma_0.08__rep16__976e0e4671a3ac4c,swiss_retrospective,swiss_roll_with_hole,f_mapper,0.08,16,19.511666170000353,0.0,0.09935845100062579,19.61135787800049,20.786591741999928,1305084
N1_C_RETRO__M6A2__swiss_roll_with_hole__conventional__sigma_0.08__rep17__bab0a4f5adfebd88,swiss_retrospective,swiss_roll_with_hole,conventional,0.08,17,0.08680954100054805,0.0,0.1304163470003914,0.21752062099949399,1.3050602690000233,1880888
N1_C_RETRO__M6A2__swiss_roll_with_hole__f_mapper__sigma_0.08__rep17__e4a48506c2a30603,swiss_retrospective,swiss_roll_with_hole,f_mapper,0.08,17,13.797204860999955,0.0,0.11621070900037012,13.913752632000069,15.160027678000006,1335165
N1_C_RETRO__M6A2__swiss_roll_with_hole__conventional__sigma_0.08__rep18__fd88b9a9392fddab,swiss_retrospective,swiss_roll_with_hole,conventional,0.08,18,0.08481643499999336,0.0,0.1277286530003039,0.21286473800046224,1.2771203300003435,1717388
N1_C_RETRO__M6A2__swiss_roll_with_hole__f_mapper__sigma_0.08__rep18__14ec3892eeecdec4,swiss_retrospective,swiss_roll_with_hole,f_mapper,0.08,18,14.417012235000584,0.0,0.11213224699986313,14.529471807000846,15.764809498999966,1390428
N1_C_RETRO__M6A2__swiss_roll_with_hole__conventional__sigma_0.08__rep19__39dcf2dc2116f718,swiss_retrospective,swiss_roll_with_hole,conventional,0.08,19,0.07423037399985333,0.0,0.11270148499988863,0.1872527120003724,1.1234540230002494,1736606
N1_C_RETRO__M6A2__swiss_roll_with_hole__f_mapper__sigma_0.08__rep19__f9b7712d1ef5535e,swiss_retrospective,swiss_roll_with_hole,f_mapper,0.08,19,13.19578658699993,0.0,0.10828002199923503,13.30438230100026,14.540819354000178,1405513
N1_C_RETRO__M6A2__swiss_roll_with_hole__conventional__sigma_0.08__rep20__1a539e4ee72b6e0a,swiss_retrospective,swiss_roll_with_hole,conventional,0.08,20,0.0795575860001918,0.0,0.12550868100061052,0.20537395300016215,1.232106654999825,1772639
N1_C_RETRO__M6A2__swiss_roll_with_hole__f_mapper__sigma_0.08__rep20__fa3295c4e9002a1c,swiss_retrospective,swiss_roll_with_hole,f_mapper,0.08,20,9.225722561000111,0.0,0.11235998300071515,9.338410569999724,10.566048018999936,1428618
N1_C_RETRO__M6A2__swiss_roll_with_hole__conventional__sigma_0.08__rep21__5ebcdccf9fbff035,swiss_retrospective,swiss_roll_with_hole,conventional,0.08,21,0.07756711700039887,0.0,0.11905507599931298,0.19693813499998214,1.1815791889998764,1723550
N1_C_RETRO__M6A2__swiss_roll_with_hole__f_mapper__sigma_0.08__rep21__a4f76410b9d88b07,swiss_retrospective,swiss_roll_with_hole,f_mapper,0.08,21,7.704677105999508,0.0,0.14794664300006843,7.852937335999741,9.276435840999966,1402563
N1_C_RETRO__M6A2__swiss_roll_with_hole__conventional__sigma_0.08__rep22__c340efe205b76274,swiss_retrospective,swiss_roll_with_hole,conventional,0.08,22,0.11906849600018177,0.0,0.18599709899990557,0.3055171829992105,1.8330592910001542,1764587
N1_C_RETRO__M6A2__swiss_roll_with_hole__f_mapper__sigma_0.08__rep22__9d4e7ef58d41deb7,swiss_retrospective,swiss_roll_with_hole,f_mapper,0.08,22,16.171201221000047,0.0,0.15991368499999226,16.331545695000386,17.717944689999968,1343421
N1_C_RETRO__M6A2__swiss_roll_with_hole__conventional__sigma_0.08__rep23__37ac28fa551a0a11,swiss_retrospective,swiss_roll_with_hole,conventional,0.08,23,0.11224086600032024,0.0,0.1736321640000824,0.28634295300071244,1.7179613019998214,1769512
N1_C_RETRO__M6A2__swiss_roll_with_hole__f_mapper__sigma_0.08__rep23__32d2b4510fcaa8b2,swiss_retrospective,swiss_roll_with_hole,f_mapper,0.08,23,13.768542149000496,0.0,0.11064484500002436,13.879631218999748,15.047725547000027,1439299
N1_C_RETRO__M6A2__swiss_roll_with_hole__conventional__sigma_0.08__rep24__78ec5abf3552a4c2,swiss_retrospective,swiss_roll_with_hole,conventional,0.08,24,0.08140107700000954,0.0,0.12880887600022106,0.2105247640001835,1.263120706999871,1800222
N1_C_RETRO__M6A2__swiss_roll_with_hole__f_mapper__sigma_0.08__rep24__df8284553cd7597c,swiss_retrospective,swiss_roll_with_hole,f_mapper,0.08,24,21.435182223000083,0.0,0.15943173699997715,21.594955690999996,23.065132866999647,1323868
N1_C_RETRO__M6A2__swiss_roll_with_hole__conventional__sigma_0.08__rep25__93664a90b9e98175,swiss_retrospective,swiss_roll_with_hole,conventional,0.08,25,0.11414556300042022,0.0,0.16872278800019558,0.2832975470000747,1.6996458539997548,1827705
N1_C_RETRO__M6A2__swiss_roll_with_hole__f_mapper__sigma_0.08__rep25__e1bbd4d3b5419c8f,swiss_retrospective,swiss_roll_with_hole,f_mapper,0.08,25,11.483709513000576,0.0,0.14288763100012147,11.627041768000709,12.958685880000303,1343878
N1_C_RETRO__M6A2__swiss_roll_with_hole__conventional__sigma_0.08__rep26__95704577ba05f1e8,swiss_retrospective,swiss_roll_with_hole,conventional,0.08,26,0.11138899600064178,0.0,0.16799553599958017,0.2798271930005285,1.678865556999881,1850074
N1_C_RETRO__M6A2__swiss_roll_with_hole__f_mapper__sigma_0.08__rep26__fa7a8ec70b64c469,swiss_retrospective,swiss_roll_with_hole,f_mapper,0.08,26,16.48829275099979,0.0,0.14032480399964697,16.6290369620001,17.946944127999814,1358328
N1_C_RETRO__M6A2__swiss_roll_with_hole__conventional__sigma_0.08__rep27__8b55170e665c79c9,swiss_retrospective,swiss_roll_with_hole,conventional,0.08,27,0.11147277600048255,0.0,0.15984373100036464,0.2717476970001371,1.6304283230001602,1636204
N1_C_RETRO__M6A2__swiss_roll_with_hole__f_mapper__sigma_0.08__rep27__72a332ad29107928,swiss_retrospective,swiss_roll_with_hole,f_mapper,0.08,27,13.958577551999952,0.0,0.10128781299954426,14.060291624000456,15.17551180700002,1237650
N1_C_RETRO__M6A2__swiss_roll_with_hole__conventional__sigma_0.08__rep28__444ad99ff3fbf39f,swiss_retrospective,swiss_roll_with_hole,conventional,0.08,28,0.07818678700004966,0.0,0.11642378800024744,0.19492759999957343,1.1695349010001337,1838939
N1_C_RETRO__M6A2__swiss_roll_with_hole__f_mapper__sigma_0.08__rep28__86609f5c8a00a87b,swiss_retrospective,swiss_roll_with_hole,f_mapper,0.08,28,14.232573820999278,0.0,0.09876870300013252,14.331675970000106,15.51068830000031,1398887
N1_C_RETRO__M6A2__swiss_roll_with_hole__conventional__sigma_0.08__rep29__3ef346d69eb7867a,swiss_retrospective,swiss_roll_with_hole,conventional,0.08,29,0.07518760600032692,0.0,0.1153851939998276,0.19086945700018987,1.1449428190003346,1770317
N1_C_RETRO__M6A2__swiss_roll_with_hole__f_mapper__sigma_0.08__rep29__727ab30145a1840b,swiss_retrospective,swiss_roll_with_hole,f_mapper,0.08,29,17.80811186200026,0.0,0.10471732499991049,17.91314420799972,19.13240795699994,1434994
N1_C_RETRO__M6A2__swiss_roll_with_hole__conventional__sigma_0.08__rep30__b99d1411bd5eed32,swiss_retrospective,swiss_roll_with_hole,conventional,0.08,30,0.07266224499926466,0.0,0.1129449290001503,0.18592138299936778,1.1154769590002616,1814774
N1_C_RETRO__M6A2__swiss_roll_with_hole__f_mapper__sigma_0.08__rep30__7cb56023d07c08c1,swiss_retrospective,swiss_roll_with_hole,f_mapper,0.08,30,11.815819864999867,0.0,0.09796704899963515,11.914112172999921,13.095753885999784,1438444
N1_C_RETRO__M6A2__swiss_roll_with_hole__conventional__sigma_0.10__rep1__c4c9d27599a7b855,swiss_retrospective,swiss_roll_with_hole,conventional,0.1,1,0.07906576299956214,0.0,0.11775584799943317,0.1971401290002177,1.1827748099999553,1620341
N1_C_RETRO__M6A2__swiss_roll_with_hole__f_mapper__sigma_0.10__rep1__6314feb250cb65b5,swiss_retrospective,swiss_roll_with_hole,f_mapper,0.1,1,19.718640400999902,0.0,0.1183178549999866,19.837289176999548,21.10347125699991,1306428
N1_C_RETRO__M6A2__swiss_roll_with_hole__conventional__sigma_0.10__rep2__6652364d4e613f0e,swiss_retrospective,swiss_roll_with_hole,conventional,0.1,2,0.08761853099986183,0.0,0.13542602500001522,0.22336738199919637,1.3401526259999628,1689058
N1_C_RETRO__M6A2__swiss_roll_with_hole__f_mapper__sigma_0.10__rep2__4997f345a603880e,swiss_retrospective,swiss_roll_with_hole,f_mapper,0.1,2,15.707872783999846,0.0,0.11557470400020975,15.823781973999758,17.06059240400009,1321674
N1_C_RETRO__M6A2__swiss_roll_with_hole__conventional__sigma_0.10__rep3__771b09fc98b76639,swiss_retrospective,swiss_roll_with_hole,conventional,0.1,3,0.07684164200054511,0.0,0.11876166199999716,0.19591608900009305,1.175403651999659,1740032
N1_C_RETRO__M6A2__swiss_roll_with_hole__f_mapper__sigma_0.10__rep3__7fbe26c77bfe5d40,swiss_retrospective,swiss_roll_with_hole,f_mapper,0.1,3,18.657832751999194,0.0,0.12580242100011674,18.784085626999513,20.08487524200018,1370850
N1_C_RETRO__M6A2__swiss_roll_with_hole__conventional__sigma_0.10__rep4__4d7c6aa6de800836,swiss_retrospective,swiss_roll_with_hole,conventional,0.1,4,0.09425473800001782,0.0,0.1392955390001589,0.23432541099919035,1.4057293239998216,1805044
N1_C_RETRO__M6A2__swiss_roll_with_hole__f_mapper__sigma_0.10__rep4__da4f3952d68a61e0,swiss_retrospective,swiss_roll_with_hole,f_mapper,0.1,4,14.040647161999914,0.0,0.12121675399976084,14.162397557000077,15.439085430999967,1300583
N1_C_RETRO__M6A2__swiss_roll_with_hole__conventional__sigma_0.10__rep5__a3cd07991854de99,swiss_retrospective,swiss_roll_with_hole,conventional,0.1,5,0.09445030000006227,0.0,0.1500008719995094,0.24495969700001297,1.4696742380001524,1742077
N1_C_RETRO__M6A2__swiss_roll_with_hole__f_mapper__sigma_0.10__rep5__354b51de8cff90c1,swiss_retrospective,swiss_roll_with_hole,f_mapper,0.1,5,18.309297464999872,0.0,0.13144379799996386,18.441187599999466,19.757254559000103,1279923
N1_C_RETRO__M6A2__swiss_roll_with_hole__conventional__sigma_0.10__rep6__f10ec11085013a5d,swiss_retrospective,swiss_roll_with_hole,conventional,0.1,6,0.08063937299993995,0.0,0.11676649000037287,0.19806975800020155,1.1877887139999075,1703423
N1_C_RETRO__M6A2__swiss_roll_with_hole__f_mapper__sigma_0.10__rep6__74043831a7e8f54e,swiss_retrospective,swiss_roll_with_hole,f_mapper,0.1,6,15.458758173000206,0.0,0.11632274299972778,15.57545833400036,16.841589936999753,1344967
N1_C_RETRO__M6A2__swiss_roll_with_hole__conventional__sigma_0.10__rep7__43c4d8dc7dfda4ef,swiss_retrospective,swiss_roll_with_hole,conventional,0.1,7,0.08816986300007557,0.0,0.13733828700060258,0.22605853200002457,1.3562197850001212,1761968
N1_C_RETRO__M6A2__swiss_roll_with_hole__f_mapper__sigma_0.10__rep7__a1db47943755e656,swiss_retrospective,swiss_roll_with_hole,f_mapper,0.1,7,16.654668965000383,0.0,0.12510106099944096,16.78025221000007,18.069990369000152,1333271
N1_C_RETRO__M6A2__swiss_roll_with_hole__conventional__sigma_0.10__rep8__d4d96ebc5eb3d1a0,swiss_retrospective,swiss_roll_with_hole,conventional,0.1,8,0.09038625500033959,0.0,0.14022746999944502,0.23098814700006187,1.3858475799997905,1736367
N1_C_RETRO__M6A2__swiss_roll_with_hole__f_mapper__sigma_0.10__rep8__2183d3a2eee657a6,swiss_retrospective,swiss_roll_with_hole,f_mapper,0.1,8,17.48542140600057,0.0,0.12389626599997428,17.610056667000208,18.889916607000032,1327661
N1_C_RETRO__M6A2__swiss_roll_with_hole__conventional__sigma_0.10__rep9__8027e65b3b9f3a0b,swiss_retrospective,swiss_roll_with_hole,conventional,0.1,9,0.08783666999988782,0.0,0.13792820100024983,0.2261921319995963,1.3570834469996953,1753881
N1_C_RETRO__M6A2__swiss_roll_with_hole__f_mapper__sigma_0.10__rep9__317bb02482296861,swiss_retrospective,swiss_roll_with_hole,f_mapper,0.1,9,15.161313929000244,0.0,0.12699131599947577,15.288696118000189,16.59555601000011,1308987
N1_C_RETRO__M6A2__swiss_roll_with_hole__conventional__sigma_0.10__rep10__14dea71245a5d30f,swiss_retrospective,swiss_roll_with_hole,conventional,0.1,10,0.08550888100035081,0.0,0.12529632699988724,0.21119444699979795,1.2669901190001838,1819562
N1_C_RETRO__M6A2__swiss_roll_with_hole__f_mapper__sigma_0.10__rep10__1b18077a1c6c94aa,swiss_retrospective,swiss_roll_with_hole,f_mapper,0.1,10,13.56143313299981,0.0,0.11531552500036923,13.677126587000203,14.92868038100005,1232750
N1_C_RETRO__M6A2__swiss_roll_with_hole__conventional__sigma_0.10__rep11__f5791ced90163f15,swiss_retrospective,swiss_roll_with_hole,conventional,0.1,11,0.08403333099977317,0.0,0.12826042100004997,0.21265610099999321,1.2758270760000414,1619711
N1_C_RETRO__M6A2__swiss_roll_with_hole__f_mapper__sigma_0.10__rep11__8e5d18b4abef3f76,swiss_retrospective,swiss_roll_with_hole,f_mapper,0.1,11,14.546483527000419,0.0,0.11216408099971886,14.659062816000187,15.883599701000094,1338441
N1_C_RETRO__M6A2__swiss_roll_with_hole__conventional__sigma_0.10__rep12__1159243422b72c9b,swiss_retrospective,swiss_roll_with_hole,conventional,0.1,12,0.08900189500036504,0.0,0.13778286300021136,0.2271976120000545,1.3631039199999577,1728346
N1_C_RETRO__M6A2__swiss_roll_with_hole__f_mapper__sigma_0.10__rep12__bc87a3a405564f1c,swiss_retrospective,swiss_roll_with_hole,f_mapper,0.1,12,13.59097018400007,0.0,0.17816695000055915,13.769598358999247,15.325550955999915,1418801
N1_C_RETRO__M6A2__swiss_roll_with_hole__conventional__sigma_0.10__rep13__61b3725bc20b4cb6,swiss_retrospective,swiss_roll_with_hole,conventional,0.1,13,0.13330597399999533,0.0,0.20692226399933134,0.34070933000020887,1.9792086560000826,1843828
N1_C_RETRO__M6A2__swiss_roll_with_hole__f_mapper__sigma_0.10__rep13__0bd52c131ec88ad4,swiss_retrospective,swiss_roll_with_hole,f_mapper,0.1,13,15.569358355000077,0.0,0.12984867499926622,15.699733937999554,16.907443842999783,1367751
N1_C_RETRO__M6A2__swiss_roll_with_hole__conventional__sigma_0.10__rep14__c3c2e17089385fa6,swiss_retrospective,swiss_roll_with_hole,conventional,0.1,14,0.13936936900063301,0.0,0.21819865199995547,0.3581378399994719,2.09438507699997,1869070
N1_C_RETRO__M6A2__swiss_roll_with_hole__f_mapper__sigma_0.10__rep14__bdc79809025feec2,swiss_retrospective,swiss_roll_with_hole,f_mapper,0.1,14,11.084101130999443,0.0,0.1300584959999469,11.214878976000364,12.425390941999922,1400258
N1_C_RETRO__M6A2__swiss_roll_with_hole__conventional__sigma_0.10__rep15__3be6f78b646df5d8,swiss_retrospective,swiss_roll_with_hole,conventional,0.1,15,0.0917020599999887,0.0,0.1398613880000994,0.23194155799956206,1.3915604119997624,1743037
N1_C_RETRO__M6A2__swiss_roll_with_hole__f_mapper__sigma_0.10__rep15__6ee60da5fcbb2b68,swiss_retrospective,swiss_roll_with_hole,f_mapper,0.1,15,12.56936915300048,0.0,0.12129267500040442,12.691081185000257,13.950557033999758,1273463
N1_C_RETRO__M6A2__swiss_roll_with_hole__conventional__sigma_0.10__rep16__06413b8fcce4599b,swiss_retrospective,swiss_roll_with_hole,conventional,0.1,16,0.0870605029995204,0.0,0.1283197820002897,0.2157969370000501,1.2943169899999702,1797277
N1_C_RETRO__M6A2__swiss_roll_with_hole__f_mapper__sigma_0.10__rep16__e28d16eb2017f7e9,swiss_retrospective,swiss_roll_with_hole,f_mapper,0.1,16,12.109458336999523,0.0,0.1196606609992159,12.229501165000329,13.499605053999858,1337146
N1_C_RETRO__M6A2__swiss_roll_with_hole__conventional__sigma_0.10__rep17__b0e4186bd55cf930,swiss_retrospective,swiss_roll_with_hole,conventional,0.1,17,0.08646411300014734,0.0,0.131239352999728,0.21809050199954072,1.3084602829999312,1762212
N1_C_RETRO__M6A2__swiss_roll_with_hole__f_mapper__sigma_0.10__rep17__e73903fcfc9b4191,swiss_retrospective,swiss_roll_with_hole,f_mapper,0.1,17,26.193206831999305,0.0,5.9100057114847e-07,26.193780358000367,26.89346075100002,973385
N1_C_RETRO__M6A2__swiss_roll_with_hole__conventional__sigma_0.10__rep18__b3b5423457f2ce8c,swiss_retrospective,swiss_roll_with_hole,conventional,0.1,18,0.08834986399961053,0.0,0.13905102300032013,0.22801948799951788,0.8914093829998819,1769053
N1_C_RETRO__M6A2__swiss_roll_with_hole__f_mapper__sigma_0.10__rep18__83e1808566f188a6,swiss_retrospective,swiss_roll_with_hole,f_mapper,0.1,18,10.292609950000042,0.0,0.11804500300058862,10.411228317999303,11.675550286000089,1285093
N1_C_RETRO__M6A2__swiss_roll_with_hole__conventional__sigma_0.10__rep19__873a8178ed331f7d,swiss_retrospective,swiss_roll_with_hole,conventional,0.1,19,0.08859920999930182,0.0,0.13736078100009763,0.22659121499964385,1.359383699999853,1830032
N1_C_RETRO__M6A2__swiss_roll_with_hole__f_mapper__sigma_0.10__rep19__4e207a47516eb8a3,swiss_retrospective,swiss_roll_with_hole,f_mapper,0.1,19,18.484865134000756,0.0,0.12128849100008665,18.60667985100008,19.883186200000182,1248241
N1_C_RETRO__M6A2__swiss_roll_with_hole__conventional__sigma_0.10__rep20__d5579ed823670767,swiss_retrospective,swiss_roll_with_hole,conventional,0.1,20,0.08805504599968117,0.0,0.13435486999969726,0.2228180620004423,1.3367693310001414,1688586
N1_C_RETRO__M6A2__swiss_roll_with_hole__f_mapper__sigma_0.10__rep20__9233c25b30f8de35,swiss_retrospective,swiss_roll_with_hole,f_mapper,0.1,20,18.537623535999955,0.0,0.12616720400001213,18.66428431499935,19.951250283000263,1502384
N1_C_RETRO__M6A2__swiss_roll_with_hole__conventional__sigma_0.10__rep21__2a3ee6d072e52f52,swiss_retrospective,swiss_roll_with_hole,conventional,0.1,21,0.08572796099997504,0.0,0.13176018099966313,0.21791645400026027,1.3073926520000896,1726833
N1_C_RETRO__M6A2__swiss_roll_with_hole__f_mapper__sigma_0.10__rep21__9eac376ecd3d6056,swiss_retrospective,swiss_roll_with_hole,f_mapper,0.1,21,19.302955500999815,0.0,0.11851064399979805,19.421850054999595,20.691521096000088,1276345
N1_C_RETRO__M6A2__swiss_roll_with_hole__conventional__sigma_0.10__rep22__79aff947e9787183,swiss_retrospective,swiss_roll_with_hole,conventional,0.1,22,0.09359706099985488,0.0,0.14111057799982518,0.2353438730006019,1.4119571760002145,1780744
N1_C_RETRO__M6A2__swiss_roll_with_hole__f_mapper__sigma_0.10__rep22__de27e5e6b07cc6f9,swiss_retrospective,swiss_roll_with_hole,f_mapper,0.1,22,13.3233126490004,0.0,0.12745074299982662,13.45118170600017,14.738960960999975,1277133
N1_C_RETRO__M6A2__swiss_roll_with_hole__conventional__sigma_0.10__rep23__a64e1439df36699a,swiss_retrospective,swiss_roll_with_hole,conventional,0.1,23,0.0950404349996461,0.0,0.14560800700019172,0.24108908899961534,1.446328671000174,1718047
N1_C_RETRO__M6A2__swiss_roll_with_hole__f_mapper__sigma_0.10__rep23__48e5dcffa3fc0ede,swiss_retrospective,swiss_roll_with_hole,f_mapper,0.1,23,18.368548629000543,0.0,0.1294079889994464,18.498369994000313,19.807128033000026,1368614
N1_C_RETRO__M6A2__swiss_roll_with_hole__conventional__sigma_0.10__rep24__540eb4a7fbd9fa84,swiss_retrospective,swiss_roll_with_hole,conventional,0.1,24,0.08687587500025984,0.0,0.1296738370001549,0.21706843500032846,1.3023857159996624,1804010
N1_C_RETRO__M6A2__swiss_roll_with_hole__f_mapper__sigma_0.10__rep24__5bf4a458f046b9d5,swiss_retrospective,swiss_roll_with_hole,f_mapper,0.1,24,17.454053186999772,0.0,0.12589800499972625,17.58038217900048,18.868718853000246,1472405
N1_C_RETRO__M6A2__swiss_roll_with_hole__conventional__sigma_0.10__rep25__e884664232afb8f4,swiss_retrospective,swiss_roll_with_hole,conventional,0.1,25,0.08940032600003178,0.0,0.13658375900013198,0.22639122800046607,1.3582761719999326,1762265
N1_C_RETRO__M6A2__swiss_roll_with_hole__f_mapper__sigma_0.10__rep25__1126f4bac2c7a57f,swiss_retrospective,swiss_roll_with_hole,f_mapper,0.1,25,14.039972120999664,0.0,0.1346383189993503,14.175141794999945,15.50827570399997,1364023
N1_C_RETRO__M6A2__swiss_roll_with_hole__conventional__sigma_0.10__rep26__f587b84182f959b9,swiss_retrospective,swiss_roll_with_hole,conventional,0.1,26,0.09039623100034078,0.0,0.1386777110001276,0.22947360200032563,1.376541775000078,1671958
N1_C_RETRO__M6A2__swiss_roll_with_hole__f_mapper__sigma_0.10__rep26__5917b0fa56316dae,swiss_retrospective,swiss_roll_with_hole,f_mapper,0.1,26,17.242038604999834,0.0,0.12964211800044723,17.372077676999652,18.676384185000188,1372495
N1_C_RETRO__M6A2__swiss_roll_with_hole__conventional__sigma_0.10__rep27__4546c83a86194e14,swiss_retrospective,swiss_roll_with_hole,conventional,0.1,27,0.09051668400024937,0.0,0.13576940500024648,0.22668973700001516,1.360078780999629,1668306
N1_C_RETRO__M6A2__swiss_roll_with_hole__f_mapper__sigma_0.10__rep27__3f38b4db2cf67fd1,swiss_retrospective,swiss_roll_with_hole,f_mapper,0.1,27,12.743884338000498,0.0,0.12933662300019932,12.873697474999972,14.17220394900005,1497365
N1_C_RETRO__M6A2__swiss_roll_with_hole__conventional__sigma_0.10__rep28__f40655ef91218ceb,swiss_retrospective,swiss_roll_with_hole,conventional,0.1,28,0.09031601599963324,0.0,0.13578856900039682,0.22649325399925146,1.3588580639998327,1805468
N1_C_RETRO__M6A2__swiss_roll_with_hole__f_mapper__sigma_0.10__rep28__dc43183034bf342f,swiss_retrospective,swiss_roll_with_hole,f_mapper,0.1,28,20.295818306,0.0,0.12436971700026334,20.420631805000085,21.703925632999926,1351115
N1_C_RETRO__M6A2__swiss_roll_with_hole__conventional__sigma_0.10__rep29__18b4a56b259a5f08,swiss_retrospective,swiss_roll_with_hole,conventional,0.1,29,0.09556046499983495,0.0,0.14495785599956434,0.24112914699981047,1.4458347159998084,1583817
N1_C_RETRO__M6A2__swiss_roll_with_hole__f_mapper__sigma_0.10__rep29__77cb9bafbb144cbc,swiss_retrospective,swiss_roll_with_hole,f_mapper,0.1,29,11.785389894000218,0.0,0.11172125200027949,11.897516846999679,13.098743274000299,1284933
N1_C_RETRO__M6A2__swiss_roll_with_hole__conventional__sigma_0.10__rep30__ecf0f0f780aed517,swiss_retrospective,swiss_roll_with_hole,conventional,0.1,30,0.08992629099975602,0.0,0.13448135199996614,0.22516239800006588,1.3506798819998949,1741135
N1_C_RETRO__M6A2__swiss_roll_with_hole__f_mapper__sigma_0.10__rep30__83ee7f52f69f46ef,swiss_retrospective,swiss_roll_with_hole,f_mapper,0.1,30,15.632523391999712,0.0,0.12021334000019124,15.753171456999553,17.019757604000006,1332220
N1_C_DIGITS__conventional__sigma_0.00__rep00,digits_prospective,digits_1797x64_scaled16,conventional,0.0,0,0.05900554999971064,0.011091082999882929,0.0037384389997896506,0.20417861300029472,1.2153054870000233,2301503
N1_C_DIGITS__f_mapper__sigma_0.00__rep00,digits_prospective,digits_1797x64_scaled16,f_mapper,0.0,0,20.8201667000003,4.7100002120714635e-07,3.409995770198293e-07,20.82042201799959,21.459846688000198,723104
N1_C_DIGITS__conventional__sigma_0.01__rep01,digits_prospective,digits_1797x64_scaled16,conventional,0.01,1,0.05838617700010218,0.001482650000070862,0.004144900999563106,0.19071627899938903,1.1332792529997278,2223752
N1_C_DIGITS__f_mapper__sigma_0.01__rep01,digits_prospective,digits_1797x64_scaled16,f_mapper,0.01,1,14.762723070999527,1.6702000721124932e-05,0.003874623999763571,14.890550969999822,16.495913368999936,1586630
N1_C_DIGITS__conventional__sigma_0.01__rep02,digits_prospective,digits_1797x64_scaled16,conventional,0.01,2,0.05580999699941458,0.001840240000092308,0.0035373220007386408,0.18520576500031893,1.111170366999886,2202374
N1_C_DIGITS__f_mapper__sigma_0.01__rep02,digits_prospective,digits_1797x64_scaled16,f_mapper,0.01,2,20.870922019999853,5.009997039451264e-07,4.1000021155923605e-07,20.87117273000058,21.569990342999972,722984
N1_C_DIGITS__conventional__sigma_0.01__rep03,digits_prospective,digits_1797x64_scaled16,conventional,0.01,3,0.05873586100005923,0.0015409690004162258,0.0041205750003427966,0.19563471200035565,1.165350867000143,2243151
N1_C_DIGITS__f_mapper__sigma_0.01__rep03,digits_prospective,digits_1797x64_scaled16,f_mapper,0.01,3,20.69234065300043,3.899995135725476e-07,5.920001058257185e-07,20.692799102000208,21.374638285999936,722984
N1_C_DIGITS__conventional__sigma_0.01__rep04,digits_prospective,digits_1797x64_scaled16,conventional,0.01,4,0.056858279000152834,0.0015834790001463261,0.003914158000043244,0.18901341499986302,1.1265527719997408,2229586
N1_C_DIGITS__f_mapper__sigma_0.01__rep04,digits_prospective,digits_1797x64_scaled16,f_mapper,0.01,4,20.92002627799957,4.5100023271515965e-07,6.710006346111186e-07,20.920274443999915,21.614993547999802,722984
N1_C_DIGITS__conventional__sigma_0.01__rep05,digits_prospective,digits_1797x64_scaled16,conventional,0.01,5,0.05837038299978303,0.0017236209996553953,0.003575533000002906,0.19276858000011998,1.1478870509999979,2248408
N1_C_DIGITS__f_mapper__sigma_0.01__rep05,digits_prospective,digits_1797x64_scaled16,f_mapper,0.01,5,20.875400612000703,3.909999577444978e-07,3.8100006349850446e-07,20.875664156000312,21.563563249000254,722984
N1_C_DIGITS__conventional__sigma_0.01__rep06,digits_prospective,digits_1797x64_scaled16,conventional,0.01,6,0.0570847919998414,0.0019453769991741865,0.0036187739997330937,0.19110957500015502,1.139259273999869,2145952
N1_C_DIGITS__f_mapper__sigma_0.01__rep06,digits_prospective,digits_1797x64_scaled16,f_mapper,0.01,6,15.862274922000324,1.5638999684597366e-05,0.003277282999988529,15.990812456999265,17.593201403999956,1508239
N1_C_DIGITS__conventional__sigma_0.01__rep07,digits_prospective,digits_1797x64_scaled16,conventional,0.01,7,0.05629828599921893,0.0017867289998321212,0.0034464210002624895,0.1897810020000179,1.138486864999777,2250556
N1_C_DIGITS__f_mapper__sigma_0.01__rep07,digits_prospective,digits_1797x64_scaled16,f_mapper,0.01,7,20.71510171599948,3.699997250805609e-07,5.209994924371131e-07,20.715416206000555,21.402899918000003,722984
N1_C_DIGITS__conventional__sigma_0.01__rep08,digits_prospective,digits_1797x64_scaled16,conventional,0.01,8,0.05605114199988748,0.0014278059998105164,0.004131193999455718,0.1873346020001918,1.1160112200000185,2171338
N1_C_DIGITS__f_mapper__sigma_0.01__rep08,digits_prospective,digits_1797x64_scaled16,f_mapper,0.01,8,20.63144280100005,2.250200031994609e-05,0.003515991000313079,20.756792856000175,22.340996236999672,1504038
N1_C_DIGITS__conventional__sigma_0.01__rep09,digits_prospective,digits_1797x64_scaled16,conventional,0.01,9,0.0576855239996803,0.0021277380001265556,0.005767912000010256,0.19433828700039157,1.1657400470003267,2280715
N1_C_DIGITS__f_mapper__sigma_0.01__rep09,digits_prospective,digits_1797x64_scaled16,f_mapper,0.01,9,20.72282947400072,7.010003173490986e-07,1.0619996828609146e-06,20.723241005999625,21.39926666000065,722984
N1_C_DIGITS__conventional__sigma_0.01__rep10,digits_prospective,digits_1797x64_scaled16,conventional,0.01,10,0.056417535999571555,0.0013841749996572617,0.004144219000409066,0.1884603150001567,1.1234876079997775,2241898
N1_C_DIGITS__f_mapper__sigma_0.01__rep10,digits_prospective,digits_1797x64_scaled16,f_mapper,0.01,10,20.686735754999972,1.4629995348514058e-06,1.2519994925241917e-06,20.687154840999938,21.381286645999353,722984
N1_C_DIGITS__conventional__sigma_0.01__rep11,digits_prospective,digits_1797x64_scaled16,conventional,0.01,11,0.05624592300046061,0.001451420000194048,0.004098202000022866,0.19257438399927196,1.1483686539995688,2229539
N1_C_DIGITS__f_mapper__sigma_0.01__rep11,digits_prospective,digits_1797x64_scaled16,f_mapper,0.01,11,20.88069856399943,4.3100044422317296e-07,4.109997462364845e-07,20.88116788499974,21.56577185199967,722984
N1_C_DIGITS__conventional__sigma_0.01__rep12,digits_prospective,digits_1797x64_scaled16,conventional,0.01,12,0.0569991749998735,0.001963931000318553,0.0035888470001737005,0.19026680500064685,1.1342258770000626,2209918
N1_C_DIGITS__f_mapper__sigma_0.01__rep12,digits_prospective,digits_1797x64_scaled16,f_mapper,0.01,12,16.16154560799987,1.5428000551764853e-05,0.0033656189998509944,16.289660117000494,17.87826463700003,1468166
N1_C_DIGITS__conventional__sigma_0.01__rep13,digits_prospective,digits_1797x64_scaled16,conventional,0.01,13,0.05663961000027484,0.0016568460005146335,0.003708401000039885,0.18792922000011458,1.127510801000426,2230101
N1_C_DIGITS__f_mapper__sigma_0.01__rep13,digits_prospective,digits_1797x64_scaled16,f_mapper,0.01,13,20.82087438200051,3.2000025385059416e-07,4.7100002120714635e-07,20.82120842800032,21.514954855000724,722984
N1_C_DIGITS__conventional__sigma_0.01__rep14,digits_prospective,digits_1797x64_scaled16,conventional,0.01,14,0.08336165899982007,0.0019756629999392317,0.006024272000104247,0.2793614440006422,1.6679584510002314,2232601
N1_C_DIGITS__f_mapper__sigma_0.01__rep14,digits_prospective,digits_1797x64_scaled16,f_mapper,0.01,14,16.79210021000017,1.5007999536464922e-05,0.004074557000421919,16.92167990100006,18.724462023000342,1561168
N1_C_DIGITS__conventional__sigma_0.01__rep15,digits_prospective,digits_1797x64_scaled16,conventional,0.01,15,0.057082518000243,0.0014665590006188722,0.004534589999821037,0.1904451809996317,1.142613533000258,2294058
N1_C_DIGITS__f_mapper__sigma_0.01__rep15,digits_prospective,digits_1797x64_scaled16,f_mapper,0.01,15,20.81158196599972,2.8999966161791235e-07,4.200001058052294e-07,20.811844318000112,21.492104203999588,722984
N1_C_DIGITS__conventional__sigma_0.01__rep16,digits_prospective,digits_1797x64_scaled16,conventional,0.01,16,0.08062227099981101,0.002305601999978535,0.005912923999858322,0.27891115300008096,1.6622338380002475,2173803
N1_C_DIGITS__f_mapper__sigma_0.01__rep16,digits_prospective,digits_1797x64_scaled16,f_mapper,0.01,16,20.7455255320001,3.010000000358559e-07,4.2099964048247784e-07,20.745797172000493,21.340030725999895,722984
N1_C_DIGITS__conventional__sigma_0.01__rep17,digits_prospective,digits_1797x64_scaled16,conventional,0.01,17,0.08662935000029393,0.0020522369995887857,0.005900180000026012,0.2909748510001009,1.737461562000135,2227134
N1_C_DIGITS__f_mapper__sigma_0.01__rep17,digits_prospective,digits_1797x64_scaled16,f_mapper,0.01,17,20.45832725299988,1.6711999705876224e-05,0.003685558000142919,20.59137502900012,22.118232087999786,1540010
N1_C_DIGITS__conventional__sigma_0.01__rep18,digits_prospective,digits_1797x64_scaled16,conventional,0.01,18,0.05673339099939767,0.0014569610002581612,0.003901463000147487,0.19203692600058275,1.1519534600001862,2233610
N1_C_DIGITS__f_mapper__sigma_0.01__rep18,digits_prospective,digits_1797x64_scaled16,f_mapper,0.01,18,20.961889957000494,3.8100006349850446e-07,3.100003596046008e-07,20.96220317499956,21.65009891199952,722984
N1_C_DIGITS__conventional__sigma_0.01__rep19,digits_prospective,digits_1797x64_scaled16,conventional,0.01,19,0.06261760000052163,0.0014194309997037635,0.004302373999962583,0.1987411810005142,1.1844121160002032,2302427
N1_C_DIGITS__f_mapper__sigma_0.01__rep19,digits_prospective,digits_1797x64_scaled16,f_mapper,0.01,19,20.72577579499921,2.9100010578986257e-07,3.510003807605244e-07,20.726069905999793,21.40474430299946,722984
N1_C_DIGITS__conventional__sigma_0.01__rep20,digits_prospective,digits_1797x64_scaled16,conventional,0.01,20,0.05904124700009561,0.0017719709994707955,0.0037070489997859113,0.19497605000015028,1.1607965419998436,2229849
N1_C_DIGITS__f_mapper__sigma_0.01__rep20,digits_prospective,digits_1797x64_scaled16,f_mapper,0.01,20,20.777829556000142,4.4099942897446454e-07,4.210005499771796e-07,20.778106585000387,21.46676168799968,722984
N1_C_DIGITS__conventional__sigma_0.01__rep21,digits_prospective,digits_1797x64_scaled16,conventional,0.01,21,0.05762888800018118,0.001966917000572721,0.0037343100002544816,0.19217500800004927,1.142300833000263,2152243
N1_C_DIGITS__f_mapper__sigma_0.01__rep21,digits_prospective,digits_1797x64_scaled16,f_mapper,0.01,21,20.718827458000305,3.100003596046008e-07,5.410001904238015e-07,20.71910009900057,21.404500533999453,722984
N1_C_DIGITS__conventional__sigma_0.01__rep22,digits_prospective,digits_1797x64_scaled16,conventional,0.01,22,0.0579815580003924,0.0015560769998046453,0.003899678999914613,0.19078876700041292,1.135789109000143,2232464
N1_C_DIGITS__f_mapper__sigma_0.01__rep22,digits_prospective,digits_1797x64_scaled16,f_mapper,0.01,22,20.78723673500008,6.010004653944634e-07,3.209997885278426e-07,20.787504485999307,21.484302482999738,722984
N1_C_DIGITS__conventional__sigma_0.01__rep23,digits_prospective,digits_1797x64_scaled16,conventional,0.01,23,0.0567917779999334,0.0014055149995328975,0.004282527000214031,0.18858316100067896,1.1234244179995585,2123215
N1_C_DIGITS__f_mapper__sigma_0.01__rep23,digits_prospective,digits_1797x64_scaled16,f_mapper,0.01,23,20.789766507999957,2.800006768666208e-07,3.499999365885742e-07,20.79023241199957,21.476717819999976,722984
N1_C_DIGITS__conventional__sigma_0.01__rep24,digits_prospective,digits_1797x64_scaled16,conventional,0.01,24,0.0566581059993041,0.0015665660002923687,0.0034008239999820944,0.19152382100037357,1.1415053829996396,2213155
N1_C_DIGITS__f_mapper__sigma_0.01__rep24,digits_prospective,digits_1797x64_scaled16,f_mapper,0.01,24,20.781881009000244,3.80000528821256e-07,3.0000046535860747e-07,20.78217157399922,21.469180617999882,722984
N1_C_DIGITS__conventional__sigma_0.01__rep25,digits_prospective,digits_1797x64_scaled16,conventional,0.01,25,0.10129657400011638,0.002094876000228396,0.0057912150004995055,0.2902658140001222,1.7313572319999366,2244925
N1_C_DIGITS__f_mapper__sigma_0.01__rep25,digits_prospective,digits_1797x64_scaled16,f_mapper,0.01,25,19.620191338999575,1.9565999537007883e-05,0.004253332000189403,19.749468265999894,21.267581348999556,1554450
N1_C_DIGITS__conventional__sigma_0.01__rep26,digits_prospective,digits_1797x64_scaled16,conventional,0.01,26,0.05511843000022054,0.0014815170006841072,0.003874532000736508,0.183669215000009,1.101876529999572,2216842
N1_C_DIGITS__f_mapper__sigma_0.01__rep26,digits_prospective,digits_1797x64_scaled16,f_mapper,0.01,26,20.353663363999658,1.5979999261617195e-05,0.0034362500000497676,20.48062210399985,22.079689690999658,1494733
N1_C_DIGITS__conventional__sigma_0.01__rep27,digits_prospective,digits_1797x64_scaled16,conventional,0.01,27,0.05771917300080531,0.00157334899995476,0.004191064999758964,0.1937804449999021,1.1624811270003192,2344064
N1_C_DIGITS__f_mapper__sigma_0.01__rep27,digits_prospective,digits_1797x64_scaled16,f_mapper,0.01,27,20.83244601000024,3.8100006349850446e-07,4.7100002120714635e-07,20.832755259000805,21.518168802999753,722984
N1_C_DIGITS__conventional__sigma_0.01__rep28,digits_prospective,digits_1797x64_scaled16,conventional,0.01,28,0.05887767399963195,0.001445428999431897,0.004244375000780565,0.1929381240006478,1.1501195069995447,2178213
N1_C_DIGITS__f_mapper__sigma_0.01__rep28,digits_prospective,digits_1797x64_scaled16,f_mapper,0.01,28,20.996933309999804,5.209994924371131e-07,4.399998942972161e-07,20.997416868000073,21.674458325999694,722984
N1_C_DIGITS__conventional__sigma_0.01__rep29,digits_prospective,digits_1797x64_scaled16,conventional,0.01,29,0.07938370200008649,0.002358853999794519,0.005684712999936892,0.27177428499999223,1.6233419190002678,2150899
N1_C_DIGITS__f_mapper__sigma_0.01__rep29,digits_prospective,digits_1797x64_scaled16,f_mapper,0.01,29,20.877866413999982,2.405700070085004e-05,0.003535568000188505,21.007347945999754,22.53926194700034,1542348
N1_C_DIGITS__conventional__sigma_0.01__rep30,digits_prospective,digits_1797x64_scaled16,conventional,0.01,30,0.055028855000273325,0.0013127930005794042,0.004037659999994503,0.18303616100001818,1.0980879310000091,2206161
N1_C_DIGITS__f_mapper__sigma_0.01__rep30,digits_prospective,digits_1797x64_scaled16,f_mapper,0.01,30,20.828506405000553,4.0099985199049115e-07,4.410003384691663e-07,20.82890975600003,21.526707924999755,722984
N1_C_DIGITS__conventional__sigma_0.03__rep01,digits_prospective,digits_1797x64_scaled16,conventional,0.03,1,0.056948483000269334,0.0014647939997303183,0.0040030449999903794,0.19168637999973726,1.142214383999999,2139096
N1_C_DIGITS__f_mapper__sigma_0.03__rep01,digits_prospective,digits_1797x64_scaled16,f_mapper,0.03,1,20.831294884000272,3.9999940781854093e-07,4.6000059228390455e-07,20.83156090800003,21.517255689000194,722984
N1_C_DIGITS__conventional__sigma_0.03__rep02,digits_prospective,digits_1797x64_scaled16,conventional,0.03,2,0.05787239300025249,0.0018985199994858704,0.0036172110003462876,0.19416466199982096,1.155213764999644,2192060
N1_C_DIGITS__f_mapper__sigma_0.03__rep02,digits_prospective,digits_1797x64_scaled16,f_mapper,0.03,2,20.870649428000434,2.9100010578986257e-07,5.510000846697949e-07,20.870955008000237,21.551328085000023,722984
N1_C_DIGITS__conventional__sigma_0.03__rep03,digits_prospective,digits_1797x64_scaled16,conventional,0.03,3,0.08071585600009712,0.0025307859996246407,0.005945087999862153,0.29731233900020015,1.7761820329997136,2209495
N1_C_DIGITS__f_mapper__sigma_0.03__rep03,digits_prospective,digits_1797x64_scaled16,f_mapper,0.03,3,20.86403487000007,3.409995770198293e-07,3.6100027500651777e-07,20.864423660000284,21.37542531700001,722984
N1_C_DIGITS__conventional__sigma_0.03__rep04,digits_prospective,digits_1797x64_scaled16,conventional,0.03,4,0.0576752930001021,0.0014163220002956223,0.004121489999306505,0.19262577399967995,1.1484099099998275,2242772
N1_C_DIGITS__f_mapper__sigma_0.03__rep04,digits_prospective,digits_1797x64_scaled16,f_mapper,0.03,4,21.81915871900037,4.109997462364845e-07,4.599996827892028e-07,21.819432896999388,22.50111772299988,722984
N1_C_DIGITS__conventional__sigma_0.03__rep05,digits_prospective,digits_1797x64_scaled16,conventional,0.03,5,0.060043768000468845,0.002043507999587746,0.004065804999299871,0.19884670000010374,1.1835489239992967,2138867
N1_C_DIGITS__f_mapper__sigma_0.03__rep05,digits_prospective,digits_1797x64_scaled16,f_mapper,0.03,5,19.046640073000162,1.6260999473161064e-05,0.003888467000251694,19.172281867000493,20.752432911999676,1447651
N1_C_DIGITS__conventional__sigma_0.03__rep06,digits_prospective,digits_1797x64_scaled16,conventional,0.03,6,0.054050901999289636,0.0012907649997941917,0.0039523400000689435,0.18514211799993063,1.1107207940003718,2095507
N1_C_DIGITS__f_mapper__sigma_0.03__rep06,digits_prospective,digits_1797x64_scaled16,f_mapper,0.03,6,12.067488815000615,1.5659999917261302e-05,0.004018984999675013,12.193548714999451,13.785862104999978,1563929
N1_C_DIGITS__conventional__sigma_0.03__rep07,digits_prospective,digits_1797x64_scaled16,conventional,0.03,7,0.05508794599973044,0.0014128390002952074,0.00393858999996155,0.18280406299982133,1.096677808000095,2231506
N1_C_DIGITS__f_mapper__sigma_0.03__rep07,digits_prospective,digits_1797x64_scaled16,f_mapper,0.03,7,15.791540945999259,1.622099989617709e-05,0.0037972930003888905,15.919817993999459,17.52460693500052,1454734
N1_C_DIGITS__conventional__sigma_0.03__rep08,digits_prospective,digits_1797x64_scaled16,conventional,0.03,8,0.058053732000189484,0.0016040150003391318,0.004150873000071442,0.1964330400005565,1.178342412999882,2154334
N1_C_DIGITS__f_mapper__sigma_0.03__rep08,digits_prospective,digits_1797x64_scaled16,f_mapper,0.03,8,12.76086037999994,1.6242000128841028e-05,0.0035269800000605755,12.888585241999863,14.479037765000612,1524794
N1_C_DIGITS__conventional__sigma_0.03__rep09,digits_prospective,digits_1797x64_scaled16,conventional,0.03,9,0.05829864599945722,0.001518699999905948,0.004474600999856193,0.1993065549995663,1.195727173000705,2174503
N1_C_DIGITS__f_mapper__sigma_0.03__rep09,digits_prospective,digits_1797x64_scaled16,f_mapper,0.03,9,14.409541832999821,1.5059000361361541e-05,0.003894893000506272,14.537877379000747,16.134576743999787,1554887
N1_C_DIGITS__conventional__sigma_0.03__rep10,digits_prospective,digits_1797x64_scaled16,conventional,0.03,10,0.05492403900007048,0.0014033770003152313,0.0040219270003944985,0.18837466199966002,1.1299878540003192,2119258
N1_C_DIGITS__f_mapper__sigma_0.03__rep10,digits_prospective,digits_1797x64_scaled16,f_mapper,0.03,10,20.65415990800011,5.609999789157882e-07,3.0000046535860747e-07,20.654478348999874,21.343302465000306,722984
N1_C_DIGITS__conventional__sigma_0.03__rep11,digits_prospective,digits_1797x64_scaled16,conventional,0.03,11,0.05701277800017124,0.00139178199970047,0.004523272999904293,0.19249539400061622,1.147522408000441,2191976
N1_C_DIGITS__f_mapper__sigma_0.03__rep11,digits_prospective,digits_1797x64_scaled16,f_mapper,0.03,11,17.336516964999646,4.138900021644076e-05,0.0038118030006444314,17.46743922800033,19.084405172000515,1504292
N1_C_DIGITS__conventional__sigma_0.03__rep12,digits_prospective,digits_1797x64_scaled16,conventional,0.03,12,0.054522649999853456,0.0013667330003954703,0.0040054450000752695,0.18806285499977093,1.128204368000297,2158180
N1_C_DIGITS__f_mapper__sigma_0.03__rep12,digits_prospective,digits_1797x64_scaled16,f_mapper,0.03,12,20.569100817000617,4.0099985199049115e-07,3.0000046535860747e-07,20.569403768000484,21.2548301249999,722984
N1_C_DIGITS__conventional__sigma_0.03__rep13,digits_prospective,digits_1797x64_scaled16,conventional,0.03,13,0.08354294699984166,0.0033636489997661556,0.006079996000153187,0.28567848300008336,1.70603403899986,2162887
N1_C_DIGITS__f_mapper__sigma_0.03__rep13,digits_prospective,digits_1797x64_scaled16,f_mapper,0.03,13,16.16107601800013,2.790300004562596e-05,0.0036024630007887026,16.294020151999575,17.815814788000353,1443350
N1_C_DIGITS__conventional__sigma_0.03__rep14,digits_prospective,digits_1797x64_scaled16,conventional,0.03,14,0.05485595000027388,0.0017660040002738242,0.0035843879995809402,0.20169374600027368,1.2099866469998233,2181105
N1_C_DIGITS__f_mapper__sigma_0.03__rep14,digits_prospective,digits_1797x64_scaled16,f_mapper,0.03,14,20.58513728900016,2.909991962951608e-07,4.2099964048247784e-07,20.585431943000003,21.19668904899936,722984
N1_C_DIGITS__conventional__sigma_0.03__rep15,digits_prospective,digits_1797x64_scaled16,conventional,0.03,15,0.06595276900043245,0.0015566909996778122,0.004261290000613371,0.20425071500085323,1.2172401120005816,2123934
N1_C_DIGITS__f_mapper__sigma_0.03__rep15,digits_prospective,digits_1797x64_scaled16,f_mapper,0.03,15,20.5387216550007,3.8100006349850446e-07,3.210006980225444e-07,20.539002812000035,21.22558195700003,722984
N1_C_DIGITS__conventional__sigma_0.03__rep16,digits_prospective,digits_1797x64_scaled16,conventional,0.03,16,0.05658918900007848,0.0015426119998664944,0.004201821000606287,0.1908080120001614,1.1358667449994755,2117992
N1_C_DIGITS__f_mapper__sigma_0.03__rep16,digits_prospective,digits_1797x64_scaled16,f_mapper,0.03,16,15.425311582999711,1.533999966341071e-05,0.004057420999743044,15.557509946999744,17.18047946599927,1450935
N1_C_DIGITS__conventional__sigma_0.03__rep17,digits_prospective,digits_1797x64_scaled16,conventional,0.03,17,0.05686017000061838,0.0014910820000295644,0.0039237349992617965,0.18916605899994465,1.1348752470003092,2100217
N1_C_DIGITS__f_mapper__sigma_0.03__rep17,digits_prospective,digits_1797x64_scaled16,f_mapper,0.03,17,20.61050582400003,4.90999809699133e-07,3.8100006349850446e-07,20.61082222799996,21.301440880999507,722984
N1_C_DIGITS__conventional__sigma_0.03__rep18,digits_prospective,digits_1797x64_scaled16,conventional,0.03,18,0.055859782999505114,0.0020252820004316163,0.003377265999915835,0.1897701589996359,1.1314405849998366,2197538
N1_C_DIGITS__f_mapper__sigma_0.03__rep18,digits_prospective,digits_1797x64_scaled16,f_mapper,0.03,18,14.357566509999742,3.4886999856098555e-05,0.005675124999470427,14.496164357999987,16.162591249999423,1414844
N1_C_DIGITS__conventional__sigma_0.03__rep19,digits_prospective,digits_1797x64_scaled16,conventional,0.03,19,0.089825963000294,0.0028062520004823455,0.006198523999955796,0.3060832740002297,1.8362665049999123,2105141
N1_C_DIGITS__f_mapper__sigma_0.03__rep19,digits_prospective,digits_1797x64_scaled16,f_mapper,0.03,19,21.336796143000356,3.909999577444978e-07,4.599996827892028e-07,21.337130421999973,21.90181053300057,722984
N1_C_DIGITS__conventional__sigma_0.03__rep20,digits_prospective,digits_1797x64_scaled16,conventional,0.03,20,0.07588574399960635,0.0019244949999119854,0.003744450999874971,0.22482486700027948,1.3270357299998068,2168073
N1_C_DIGITS__f_mapper__sigma_0.03__rep20,digits_prospective,digits_1797x64_scaled16,f_mapper,0.03,20,13.72697540200079,3.591900076571619e-05,0.005569212000409607,13.869427063999865,15.552931064000404,1466986
N1_C_DIGITS__conventional__sigma_0.03__rep21,digits_prospective,digits_1797x64_scaled16,conventional,0.03,21,0.08565136200013512,0.0020334720002210815,0.0053740289995403145,0.288180237999768,1.7288615509996816,2118913
N1_C_DIGITS__f_mapper__sigma_0.03__rep21,digits_prospective,digits_1797x64_scaled16,f_mapper,0.03,21,20.403341332999844,2.6169999728153925e-05,0.005232204000094498,20.595695232000253,22.41237330000058,1468076
N1_C_DIGITS__conventional__sigma_0.03__rep22,digits_prospective,digits_1797x64_scaled16,conventional,0.03,22,0.09148170499975095,0.0029502489996957593,0.005635562999486865,0.2930393370006641,1.758165127999746,2182109
N1_C_DIGITS__f_mapper__sigma_0.03__rep22,digits_prospective,digits_1797x64_scaled16,f_mapper,0.03,22,21.108491899,4.2099964048247784e-07,5.109995981911197e-07,21.10880657999951,21.695745191999777,722984
N1_C_DIGITS__conventional__sigma_0.03__rep23,digits_prospective,digits_1797x64_scaled16,conventional,0.03,23,0.0826929229997404,0.0023009780006759684,0.005777848999969137,0.27856450000035693,1.663493928999742,2227274
N1_C_DIGITS__f_mapper__sigma_0.03__rep23,digits_prospective,digits_1797x64_scaled16,f_mapper,0.03,23,12.542948313000124,1.6081000467238482e-05,0.004395289999592933,12.680941481000445,14.234022009,1457697
N1_C_DIGITS__conventional__sigma_0.03__rep24,digits_prospective,digits_1797x64_scaled16,conventional,0.03,24,0.055233023000255344,0.0014982669999881182,0.00384576200031006,0.18625059200076066,1.1173520040001677,2148299
N1_C_DIGITS__f_mapper__sigma_0.03__rep24,digits_prospective,digits_1797x64_scaled16,f_mapper,0.03,24,15.339516327999263,1.5469999198103324e-05,0.003360233999956108,15.468004692999784,17.06409053599964,1404237
N1_C_DIGITS__conventional__sigma_0.03__rep25,digits_prospective,digits_1797x64_scaled16,conventional,0.03,25,0.0572438899998815,0.002911067999775696,0.007790196999849286,0.1960288930004026,1.1760792499999297,2165901
N1_C_DIGITS__f_mapper__sigma_0.03__rep25,digits_prospective,digits_1797x64_scaled16,f_mapper,0.03,25,17.94747716999973,1.613099993846845e-05,0.004059984999912558,18.085074026000257,19.68888375700044,1483932
N1_C_DIGITS__conventional__sigma_0.03__rep26,digits_prospective,digits_1797x64_scaled16,conventional,0.03,26,0.05572733699955279,0.0015203160000965,0.0038237250000747736,0.18474709299971437,1.1083457199993063,2117951
N1_C_DIGITS__f_mapper__sigma_0.03__rep26,digits_prospective,digits_1797x64_scaled16,f_mapper,0.03,26,16.401621173999956,1.4909000128682237e-05,0.004103254000256129,16.527000566000424,18.101954601000216,1606910
N1_C_DIGITS__conventional__sigma_0.03__rep27,digits_prospective,digits_1797x64_scaled16,conventional,0.03,27,0.05566142500083515,0.001412961000823998,0.0034734450000541983,0.1871940999999424,1.1230579709999802,2088448
N1_C_DIGITS__f_mapper__sigma_0.03__rep27,digits_prospective,digits_1797x64_scaled16,f_mapper,0.03,27,18.003556927999853,1.5630000234523322e-05,0.0038580739992539748,18.132715250999354,19.725917916999606,1550081
N1_C_DIGITS__conventional__sigma_0.03__rep28,digits_prospective,digits_1797x64_scaled16,conventional,0.03,28,0.05824184700031765,0.0015171579998423113,0.003504592000354023,0.19512165100059065,1.1705939570001647,2236981
N1_C_DIGITS__f_mapper__sigma_0.03__rep28,digits_prospective,digits_1797x64_scaled16,f_mapper,0.03,28,20.680302631000814,3.1259000024874695e-05,0.004264184999556164,20.81346473300073,22.446623376999923,1534385
N1_C_DIGITS__conventional__sigma_0.03__rep29,digits_prospective,digits_1797x64_scaled16,conventional,0.03,29,0.05748402000062924,0.0015224569997371873,0.004661381000005349,0.19648642599986488,1.178839987000174,2174690
N1_C_DIGITS__f_mapper__sigma_0.03__rep29,digits_prospective,digits_1797x64_scaled16,f_mapper,0.03,29,16.94839409300039,3.235100029996829e-05,0.003587184000025445,17.078904401000727,18.705049062999933,1610422
N1_C_DIGITS__conventional__sigma_0.03__rep30,digits_prospective,digits_1797x64_scaled16,conventional,0.03,30,0.055956700000024284,0.0014449589998548618,0.003917944000022544,0.18189536899990344,1.091280077999727,2121235
N1_C_DIGITS__f_mapper__sigma_0.03__rep30,digits_prospective,digits_1797x64_scaled16,f_mapper,0.03,30,17.36056318699957,1.6491999303980265e-05,0.004270531000656774,17.51398493400029,19.271586965000097,1421509
N1_C_DIGITS__conventional__sigma_0.05__rep01,digits_prospective,digits_1797x64_scaled16,conventional,0.05,1,0.08656899200013868,0.0024782319997029845,0.005515359000128228,0.3301071159994535,1.8886413720001656,1918565
N1_C_DIGITS__f_mapper__sigma_0.05__rep01,digits_prospective,digits_1797x64_scaled16,f_mapper,0.05,1,18.867546086999937,1.4867999198031612e-05,0.0038974600001893123,19.0019251549993,20.53616322200014,1432608
N1_C_DIGITS__conventional__sigma_0.05__rep02,digits_prospective,digits_1797x64_scaled16,conventional,0.05,2,0.06057748400053242,0.0015576109999528853,0.004199703999802296,0.2040337990001717,1.2241151629996239,1819129
N1_C_DIGITS__f_mapper__sigma_0.05__rep02,digits_prospective,digits_1797x64_scaled16,f_mapper,0.05,2,21.05365016399992,3.8100006349850446e-07,5.709998731617816e-07,21.053921380000247,21.729552055000568,722984
N1_C_DIGITS__conventional__sigma_0.05__rep03,digits_prospective,digits_1797x64_scaled16,conventional,0.05,3,0.05830033599977469,0.0016361590005544713,0.004047732000799442,0.1967426040000646,1.1704117150002276,1966454
N1_C_DIGITS__f_mapper__sigma_0.05__rep03,digits_prospective,digits_1797x64_scaled16,f_mapper,0.05,3,13.361685775000296,2.5459000426053535e-05,0.0034741109993774444,13.504534026000329,15.172436745000596,1461687
N1_C_DIGITS__conventional__sigma_0.05__rep04,digits_prospective,digits_1797x64_scaled16,conventional,0.05,4,0.0587920550005947,0.0014933180000298307,0.004013605999716674,0.19290188399918407,1.1573250120000012,1989682
N1_C_DIGITS__f_mapper__sigma_0.05__rep04,digits_prospective,digits_1797x64_scaled16,f_mapper,0.05,4,21.116928339999504,4.0099985199049115e-07,3.510003807605244e-07,21.117201068000213,21.800233320999723,722984
N1_C_DIGITS__conventional__sigma_0.05__rep05,digits_prospective,digits_1797x64_scaled16,conventional,0.05,5,0.05845071900057519,0.001848039999458706,0.003606260000196926,0.19880086400007713,1.1835151870000118,2063534
N1_C_DIGITS__f_mapper__sigma_0.05__rep05,digits_prospective,digits_1797x64_scaled16,f_mapper,0.05,5,15.152210727999773,1.604000044608256e-05,0.0037606109999615,15.283561031000318,16.89488648600036,1309333
N1_C_DIGITS__conventional__sigma_0.05__rep06,digits_prospective,digits_1797x64_scaled16,conventional,0.05,6,0.05886133300009533,0.0014033449997441494,0.004001037000307406,0.19738077900001372,1.1840704699998241,1919338
N1_C_DIGITS__f_mapper__sigma_0.05__rep06,digits_prospective,digits_1797x64_scaled16,f_mapper,0.05,6,12.896444445999805,1.6881999727047514e-05,0.003542936000485497,13.027535598000213,14.635843869999917,1322275
N1_C_DIGITS__conventional__sigma_0.05__rep07,digits_prospective,digits_1797x64_scaled16,conventional,0.05,7,0.05829487600021821,0.0021869019992664107,0.0035045629992964678,0.19488866600022448,1.169231722999939,2165546
N1_C_DIGITS__f_mapper__sigma_0.05__rep07,digits_prospective,digits_1797x64_scaled16,f_mapper,0.05,7,21.098806017000243,3.300001480965875e-07,2.79999767371919e-07,21.09908153000015,21.765241572000377,722984
N1_C_DIGITS__conventional__sigma_0.05__rep08,digits_prospective,digits_1797x64_scaled16,conventional,0.05,8,0.05949382800008607,0.002003100999900198,0.003639336999185616,0.1988990930003638,1.1825681950003855,2092764
N1_C_DIGITS__f_mapper__sigma_0.05__rep08,digits_prospective,digits_1797x64_scaled16,f_mapper,0.05,8,21.125697790999766,3.6100027500651777e-07,3.909999577444978e-07,21.125994663999336,21.81024007600081,722984
N1_C_DIGITS__conventional__sigma_0.05__rep09,digits_prospective,digits_1797x64_scaled16,conventional,0.05,9,0.05876673500006291,0.0017511619998913375,0.003774392000195803,0.19396698499986087,1.1521191539995925,1987906
N1_C_DIGITS__f_mapper__sigma_0.05__rep09,digits_prospective,digits_1797x64_scaled16,f_mapper,0.05,9,17.45392996100054,2.728100025706226e-05,0.0050335690002611955,17.587255336000453,19.202159272000245,1316233
N1_C_DIGITS__conventional__sigma_0.05__rep10,digits_prospective,digits_1797x64_scaled16,conventional,0.05,10,0.06165346399939153,0.0026642740003808285,0.005908809000175097,0.20980086399958964,1.2585051019996172,2003466
N1_C_DIGITS__f_mapper__sigma_0.05__rep10,digits_prospective,digits_1797x64_scaled16,f_mapper,0.05,10,19.505114966000292,1.766400055203121e-05,0.003439623999838659,19.64342624300025,21.30675692299974,1401208
N1_C_DIGITS__conventional__sigma_0.05__rep11,digits_prospective,digits_1797x64_scaled16,conventional,0.05,11,0.05479264499990677,0.0016845740001372178,0.0031769650004207506,0.18299459800073237,1.097867726000004,1900772
N1_C_DIGITS__f_mapper__sigma_0.05__rep11,digits_prospective,digits_1797x64_scaled16,f_mapper,0.05,11,21.03614903000016,4.109997462364845e-07,4.1000021155923605e-07,21.036662604000412,21.727663149000364,722984
N1_C_DIGITS__conventional__sigma_0.05__rep12,digits_prospective,digits_1797x64_scaled16,conventional,0.05,12,0.058579255000040575,0.0019458389997453196,0.003609513999435876,0.19403715299995383,1.1558121360003497,1999650
N1_C_DIGITS__f_mapper__sigma_0.05__rep12,digits_prospective,digits_1797x64_scaled16,f_mapper,0.05,12,20.924677744999826,4.5100023271515965e-07,3.0999945010989904e-07,20.924947486999372,21.600374561000535,722984
N1_C_DIGITS__conventional__sigma_0.05__rep13,digits_prospective,digits_1797x64_scaled16,conventional,0.05,13,0.05977334199997131,0.0015791330006322823,0.004162270000051649,0.1982631839991882,1.1770433280007637,1991522
N1_C_DIGITS__f_mapper__sigma_0.05__rep13,digits_prospective,digits_1797x64_scaled16,f_mapper,0.05,13,21.247421512000074,3.7999961932655424e-07,5.009997039451264e-07,21.247698947999197,21.930580614000064,722984
N1_C_DIGITS__conventional__sigma_0.05__rep14,digits_prospective,digits_1797x64_scaled16,conventional,0.05,14,0.056461949000549794,0.001870856000095955,0.003322866999951657,0.1869957319995592,1.111108680000143,1949716
N1_C_DIGITS__f_mapper__sigma_0.05__rep14,digits_prospective,digits_1797x64_scaled16,f_mapper,0.05,14,18.279522580000048,3.334299981361255e-05,0.005327132999809692,18.47030551500029,20.50994318499943,1486556
N1_C_DIGITS__conventional__sigma_0.05__rep15,digits_prospective,digits_1797x64_scaled16,conventional,0.05,15,0.09535018899987335,0.002349031000449031,0.006180000000313157,0.30950656999993953,1.8569050260002768,2058966
N1_C_DIGITS__f_mapper__sigma_0.05__rep15,digits_prospective,digits_1797x64_scaled16,f_mapper,0.05,15,10.717926393000198,1.6600999515503645e-05,0.003597405000618892,10.853624921000119,12.348875461999341,1353208
N1_C_DIGITS__conventional__sigma_0.05__rep16,digits_prospective,digits_1797x64_scaled16,conventional,0.05,16,0.0590115759996479,0.0014406300006157835,0.003993444999650819,0.1931244389998028,1.1586359289995016,2014156
N1_C_DIGITS__f_mapper__sigma_0.05__rep16,digits_prospective,digits_1797x64_scaled16,f_mapper,0.05,16,13.718449267999858,1.6660999790474307e-05,0.0053811529996892205,13.85473123400061,15.498509243999251,1380124
N1_C_DIGITS__conventional__sigma_0.05__rep17,digits_prospective,digits_1797x64_scaled16,conventional,0.05,17,0.06121107600029063,0.001963650000107009,0.004030774999591813,0.20781716800047434,1.2467386829994211,1991545
N1_C_DIGITS__f_mapper__sigma_0.05__rep17,digits_prospective,digits_1797x64_scaled16,f_mapper,0.05,17,20.929276687999845,3.209997885278426e-07,3.510003807605244e-07,20.929589479999777,21.59853059099987,722984
N1_C_DIGITS__conventional__sigma_0.05__rep18,digits_prospective,digits_1797x64_scaled16,conventional,0.05,18,0.08413752999967983,0.0023653790003663744,0.005888290999791934,0.2921635519996926,1.7434093740002936,2042346
N1_C_DIGITS__f_mapper__sigma_0.05__rep18,digits_prospective,digits_1797x64_scaled16,f_mapper,0.05,18,20.973705035999956,3.300001480965875e-07,6.110003596404567e-07,20.974081188000127,21.556210619999547,722984
N1_C_DIGITS__conventional__sigma_0.05__rep19,digits_prospective,digits_1797x64_scaled16,conventional,0.05,19,0.057825698000669945,0.002181930999540782,0.003618620999986888,0.19759800499923585,1.1781622750004317,2004942
N1_C_DIGITS__f_mapper__sigma_0.05__rep19,digits_prospective,digits_1797x64_scaled16,f_mapper,0.05,19,20.87671751400012,3.010000000358559e-07,4.5100023271515965e-07,20.87709928699951,21.55428958899938,722984
N1_C_DIGITS__conventional__sigma_0.05__rep20,digits_prospective,digits_1797x64_scaled16,conventional,0.05,20,0.057122566000543884,0.0018307950003872975,0.003620854000473628,0.195208279000326,1.1629626690000805,2067835
N1_C_DIGITS__f_mapper__sigma_0.05__rep20,digits_prospective,digits_1797x64_scaled16,f_mapper,0.05,20,21.021853928999917,3.8100006349850446e-07,5.709998731617816e-07,21.022128188999886,21.713342211000054,722984
N1_C_DIGITS__conventional__sigma_0.05__rep21,digits_prospective,digits_1797x64_scaled16,conventional,0.05,21,0.08368983999935153,0.002284033000250929,0.005977063000500493,0.29104472100061685,1.736152870999831,1954803
N1_C_DIGITS__f_mapper__sigma_0.05__rep21,digits_prospective,digits_1797x64_scaled16,f_mapper,0.05,21,20.894268717999694,3.699997250805609e-07,4.809999154531397e-07,20.89461114599999,21.47862774999976,722984
N1_C_DIGITS__conventional__sigma_0.05__rep22,digits_prospective,digits_1797x64_scaled16,conventional,0.05,22,0.08139467900036834,0.002542351000556664,0.005697622000297997,0.2850044729993897,1.7024101890001475,2013408
N1_C_DIGITS__f_mapper__sigma_0.05__rep22,digits_prospective,digits_1797x64_scaled16,f_mapper,0.05,22,20.946146829999634,4.6000059228390455e-07,3.2000025385059416e-07,20.94641807300013,21.537138831999982,722984
N1_C_DIGITS__conventional__sigma_0.05__rep23,digits_prospective,digits_1797x64_scaled16,conventional,0.05,23,0.05747396400056459,0.002794476999952167,0.004388072999972792,0.19640355600040493,1.1706362949998947,1935405
N1_C_DIGITS__f_mapper__sigma_0.05__rep23,digits_prospective,digits_1797x64_scaled16,f_mapper,0.05,23,13.961634569000125,1.8404999536869582e-05,0.0035331740000401624,14.089861443999325,15.679184579999855,1357932
N1_C_DIGITS__conventional__sigma_0.05__rep24,digits_prospective,digits_1797x64_scaled16,conventional,0.05,24,0.05617137700028252,0.0020139900007052347,0.0035008530003324267,0.19686225000077684,1.1810808500003986,2049019
N1_C_DIGITS__f_mapper__sigma_0.05__rep24,digits_prospective,digits_1797x64_scaled16,f_mapper,0.05,24,21.001147514999502,5.709998731617816e-07,3.510003807605244e-07,21.001412845999766,21.68386861199997,722984
N1_C_DIGITS__conventional__sigma_0.05__rep25,digits_prospective,digits_1797x64_scaled16,conventional,0.05,25,0.08207955600028072,0.0027575459998843144,0.006002995000017108,0.2929001900001822,1.7458138329993744,1975953
N1_C_DIGITS__f_mapper__sigma_0.05__rep25,digits_prospective,digits_1797x64_scaled16,f_mapper,0.05,25,21.034339955000178,8.420001904596575e-07,9.920004231389612e-07,21.034749890000057,21.61249286200018,722984
N1_C_DIGITS__conventional__sigma_0.05__rep26,digits_prospective,digits_1797x64_scaled16,conventional,0.05,26,0.07934594299968012,0.002154644999791344,0.005631981000078667,0.27293416500015155,1.6303649129995392,1955616
N1_C_DIGITS__f_mapper__sigma_0.05__rep26,digits_prospective,digits_1797x64_scaled16,f_mapper,0.05,26,20.877263223000227,3.699997250805609e-07,4.61000126961153e-07,20.877548872999796,21.476509414000247,722984
N1_C_DIGITS__conventional__sigma_0.05__rep27,digits_prospective,digits_1797x64_scaled16,conventional,0.05,27,0.05860796599972673,0.0014876530003675725,0.004105013000298641,0.19655916699957743,1.168109490000461,2090366
N1_C_DIGITS__f_mapper__sigma_0.05__rep27,digits_prospective,digits_1797x64_scaled16,f_mapper,0.05,27,17.376506399999926,1.5638999684597366e-05,0.0041952820001824875,17.50805967300039,19.12369156600016,1364307
N1_C_DIGITS__conventional__sigma_0.05__rep28,digits_prospective,digits_1797x64_scaled16,conventional,0.05,28,0.05926799999997456,0.0016370749999623513,0.0042500859999563545,0.2069838229999732,1.2417874249995293,1949311
N1_C_DIGITS__f_mapper__sigma_0.05__rep28,digits_prospective,digits_1797x64_scaled16,f_mapper,0.05,28,16.13448980099929,1.704199985397281e-05,0.003533640000568994,16.269405957000345,17.903014235999763,1413244
N1_C_DIGITS__conventional__sigma_0.05__rep29,digits_prospective,digits_1797x64_scaled16,conventional,0.05,29,0.0589362919999985,0.0021800820004500565,0.0036966090001442353,0.19487186300011672,1.169136723999145,2170585
N1_C_DIGITS__f_mapper__sigma_0.05__rep29,digits_prospective,digits_1797x64_scaled16,f_mapper,0.05,29,21.19220085699999,3.8100006349850446e-07,3.199993443558924e-07,21.192478953000318,21.85912189099963,722984
N1_C_DIGITS__conventional__sigma_0.05__rep30,digits_prospective,digits_1797x64_scaled16,conventional,0.05,30,0.058592497000063304,0.002126328999111138,0.00571515299998282,0.20181053099986457,1.2030293130001155,2000173
N1_C_DIGITS__f_mapper__sigma_0.05__rep30,digits_prospective,digits_1797x64_scaled16,f_mapper,0.05,30,15.184471827999914,3.713000023708446e-05,0.00577328200051852,15.323164864999853,16.96970542999952,1408305
N1_C_DIGITS__conventional__sigma_0.08__rep01,digits_prospective,digits_1797x64_scaled16,conventional,0.08,1,0.08520515800046269,0.0031555339992337395,0.005341385999599879,0.2990919980002218,1.7943943689997468,1347277
N1_C_DIGITS__f_mapper__sigma_0.08__rep01,digits_prospective,digits_1797x64_scaled16,f_mapper,0.08,1,13.674908625999706,2.3364000298897736e-05,0.0047180170004139654,13.808998150999287,15.324231940000573,1069730
N1_C_DIGITS__conventional__sigma_0.08__rep02,digits_prospective,digits_1797x64_scaled16,conventional,0.08,2,0.06075641799998266,0.0020188259995848057,0.0033179909996761126,0.21413010699961887,1.2845630940000774,1646249
N1_C_DIGITS__f_mapper__sigma_0.08__rep02,digits_prospective,digits_1797x64_scaled16,f_mapper,0.08,2,12.106684381999912,2.2942999748920556e-05,0.003317329000310565,12.244618462999824,13.868504347999988,1005630
N1_C_DIGITS__conventional__sigma_0.08__rep03,digits_prospective,digits_1797x64_scaled16,conventional,0.08,3,0.061547144000542175,0.001673642999776348,0.003378665000127512,0.21022253499995713,1.2608064360001663,1414391
N1_C_DIGITS__f_mapper__sigma_0.08__rep03,digits_prospective,digits_1797x64_scaled16,f_mapper,0.08,3,19.928353726999376,3.005700000358047e-05,0.0036366220001582406,20.062353946000258,21.68063424399952,1024403
N1_C_DIGITS__conventional__sigma_0.08__rep04,digits_prospective,digits_1797x64_scaled16,conventional,0.08,4,0.061332135000156995,0.0023859080001784605,0.004615811999428843,0.213189396999951,1.278884680000374,1447091
N1_C_DIGITS__f_mapper__sigma_0.08__rep04,digits_prospective,digits_1797x64_scaled16,f_mapper,0.08,4,21.040594124000563,3.1099989428184927e-07,4.200001058052294e-07,21.04088540399971,21.7027162939994,722984
N1_C_DIGITS__conventional__sigma_0.08__rep05,digits_prospective,digits_1797x64_scaled16,conventional,0.08,5,0.060206334000213246,0.0015743949998068274,0.004079067000020586,0.20465937399967515,1.2179875149995496,1588031
N1_C_DIGITS__f_mapper__sigma_0.08__rep05,digits_prospective,digits_1797x64_scaled16,f_mapper,0.08,5,15.3421629150007,2.6429999707033858e-05,0.003602767000302265,15.485075202999724,17.145941918999597,1127745
N1_C_DIGITS__conventional__sigma_0.08__rep06,digits_prospective,digits_1797x64_scaled16,conventional,0.08,6,0.062117315999785205,0.0023456210001313593,0.0033989809999184217,0.20828504400014936,1.249637218999851,1490897
N1_C_DIGITS__f_mapper__sigma_0.08__rep06,digits_prospective,digits_1797x64_scaled16,f_mapper,0.08,6,18.84223610400022,2.4044999918260146e-05,0.006200754000019515,19.02733770499981,21.05682896899998,1032216
N1_C_DIGITS__conventional__sigma_0.08__rep07,digits_prospective,digits_1797x64_scaled16,conventional,0.08,7,0.07601781399989704,0.0023977689997991547,0.006099012000049697,0.3118380649993924,1.8692853570000807,1600184
N1_C_DIGITS__f_mapper__sigma_0.08__rep07,digits_prospective,digits_1797x64_scaled16,f_mapper,0.08,7,16.167397424000228,2.1670999558409676e-05,0.004467558999749599,16.341890098000476,18.088585256999977,1101206
N1_C_DIGITS__conventional__sigma_0.08__rep08,digits_prospective,digits_1797x64_scaled16,conventional,0.08,8,0.07938045399987459,0.002614538999296201,0.0049734550002540345,0.28123007399972266,1.687255087000267,1453417
N1_C_DIGITS__f_mapper__sigma_0.08__rep08,digits_prospective,digits_1797x64_scaled16,f_mapper,0.08,8,11.381721376000314,1.5089000044099521e-05,0.0029896369997004513,11.502963721000015,12.976812402000178,974775
N1_C_DIGITS__conventional__sigma_0.08__rep09,digits_prospective,digits_1797x64_scaled16,conventional,0.08,9,0.049226801000259,0.001540739999654761,0.003208239999366924,0.17521100300018588,1.0511353009997038,1471653
N1_C_DIGITS__f_mapper__sigma_0.08__rep09,digits_prospective,digits_1797x64_scaled16,f_mapper,0.08,9,9.269539227999303,1.531899943074677e-05,0.0027974240001640283,9.380781958000625,10.86202217400023,1109728
N1_C_DIGITS__conventional__sigma_0.08__rep10,digits_prospective,digits_1797x64_scaled16,conventional,0.08,10,0.0647317920002024,0.001512016000560834,0.003183652999723563,0.20321354800034896,1.219197071999588,1620296
N1_C_DIGITS__f_mapper__sigma_0.08__rep10,digits_prospective,digits_1797x64_scaled16,f_mapper,0.08,10,19.798227303999738,4.810008249478415e-07,9.319992386735976e-07,19.798638922000464,20.48637985300047,722984
N1_C_DIGITS__conventional__sigma_0.08__rep11,digits_prospective,digits_1797x64_scaled16,conventional,0.08,11,0.06202713299990137,0.003958737000175461,0.008128791999297391,0.21708343899990723,1.2950213299991447,1554108
N1_C_DIGITS__f_mapper__sigma_0.08__rep11,digits_prospective,digits_1797x64_scaled16,f_mapper,0.08,11,19.489583108999796,1.5839999832678586e-05,0.003036523999981,19.62569038699985,21.211997686999894,1109692
N1_C_DIGITS__conventional__sigma_0.08__rep12,digits_prospective,digits_1797x64_scaled16,conventional,0.08,12,0.062312492999808455,0.0016229550001298776,0.003848348000246915,0.2153531980002299,1.2920085929999914,1543131
N1_C_DIGITS__f_mapper__sigma_0.08__rep12,digits_prospective,digits_1797x64_scaled16,f_mapper,0.08,12,21.07314068300002,2.900005711126141e-07,4.5100023271515965e-07,21.07341756599999,21.745507136000015,722984
N1_C_DIGITS__conventional__sigma_0.08__rep13,digits_prospective,digits_1797x64_scaled16,conventional,0.08,13,0.06537219900019409,0.001921518000017386,0.004071668000506179,0.21634114700009377,1.2875303140008327,1405927
N1_C_DIGITS__f_mapper__sigma_0.08__rep13,digits_prospective,digits_1797x64_scaled16,f_mapper,0.08,13,14.527208014999815,1.4506999832519796e-05,0.0036699500005852315,14.657424813000034,16.25783056399996,957978
N1_C_DIGITS__conventional__sigma_0.08__rep14,digits_prospective,digits_1797x64_scaled16,conventional,0.08,14,0.06596230600007402,0.002399169999989681,0.0034502239996072603,0.2181839230006517,1.3090052469997318,1511073
N1_C_DIGITS__f_mapper__sigma_0.08__rep14,digits_prospective,digits_1797x64_scaled16,f_mapper,0.08,14,20.939273440999386,4.6000059228390455e-07,4.61000126961153e-07,20.939634643000318,21.60312995899949,722984
N1_C_DIGITS__conventional__sigma_0.08__rep15,digits_prospective,digits_1797x64_scaled16,conventional,0.08,15,0.06397673700030282,0.0034060709995173966,0.003410179000638891,0.2133270590002212,1.2720292169997265,1417690
N1_C_DIGITS__f_mapper__sigma_0.08__rep15,digits_prospective,digits_1797x64_scaled16,f_mapper,0.08,15,16.14971584399973,2.346400015085237e-05,0.00624943799994071,16.29680058300073,17.98878006099949,1073481
N1_C_DIGITS__conventional__sigma_0.08__rep16,digits_prospective,digits_1797x64_scaled16,conventional,0.08,16,0.06441516799986857,0.003034548999494291,0.005471739999848069,0.2254702609998276,1.352707532999375,1539106
N1_C_DIGITS__f_mapper__sigma_0.08__rep16,digits_prospective,digits_1797x64_scaled16,f_mapper,0.08,16,20.85743556899979,9.020004654303193e-07,1.0720004866016097e-06,20.857833421000578,21.49590550799985,722984
N1_C_DIGITS__conventional__sigma_0.08__rep17,digits_prospective,digits_1797x64_scaled16,conventional,0.08,17,0.06035506500029442,0.0023603850004292326,0.005237766999925952,0.20697441399988747,1.2338864619996457,1504553
N1_C_DIGITS__f_mapper__sigma_0.08__rep17,digits_prospective,digits_1797x64_scaled16,f_mapper,0.08,17,20.88233264900009,2.909991962951608e-07,5.209994924371131e-07,20.882600755000567,21.549921038999855,722984
N1_C_DIGITS__conventional__sigma_0.08__rep18,digits_prospective,digits_1797x64_scaled16,conventional,0.08,18,0.08982430300056876,0.0030896719999873312,0.0057797400004346855,0.31124537799951213,1.8553386590001537,1311726
N1_C_DIGITS__f_mapper__sigma_0.08__rep18,digits_prospective,digits_1797x64_scaled16,f_mapper,0.08,18,16.26854941700003,2.8944999939994887e-05,0.006050791000234312,16.503996434000328,18.68258049799988,987374
N1_C_DIGITS__conventional__sigma_0.08__rep19,digits_prospective,digits_1797x64_scaled16,conventional,0.08,19,0.09162751700023364,0.0029061049999654642,0.006079685999793583,0.3311435750001692,1.986372561999815,1432300
N1_C_DIGITS__f_mapper__sigma_0.08__rep19,digits_prospective,digits_1797x64_scaled16,f_mapper,0.08,19,16.93435913599933,1.8435000129102264e-05,0.004279046000192466,17.07320731800064,18.603205913999773,1035198
N1_C_DIGITS__conventional__sigma_0.08__rep20,digits_prospective,digits_1797x64_scaled16,conventional,0.08,20,0.058109857000090415,0.0021791529998154147,0.003243841999392316,0.19718975500018132,1.1829309750000903,1402580
N1_C_DIGITS__f_mapper__sigma_0.08__rep20,digits_prospective,digits_1797x64_scaled16,f_mapper,0.08,20,20.98510342499958,2.3835000320104882e-05,0.0055033870003171614,21.12909971499994,22.83173723300024,992615
N1_C_DIGITS__conventional__sigma_0.08__rep21,digits_prospective,digits_1797x64_scaled16,conventional,0.08,21,0.08802209299938113,0.004127469999730238,0.008366429000489006,0.3106645500001832,1.863827854000192,1480388
N1_C_DIGITS__f_mapper__sigma_0.08__rep21,digits_prospective,digits_1797x64_scaled16,f_mapper,0.08,21,13.191645056000198,1.525899915577611e-05,0.003390388000298117,13.323296909999954,14.805000344000291,1140342
N1_C_DIGITS__conventional__sigma_0.08__rep22,digits_prospective,digits_1797x64_scaled16,conventional,0.08,22,0.0605609310005093,0.0021517699997275486,0.0034098249998351093,0.20021379399986472,1.2012095310001314,1428987
N1_C_DIGITS__f_mapper__sigma_0.08__rep22,digits_prospective,digits_1797x64_scaled16,f_mapper,0.08,22,17.18837436800004,1.5970000276865903e-05,0.004183355000350275,17.32909045500037,18.98943650199999,1097793
N1_C_DIGITS__conventional__sigma_0.08__rep23,digits_prospective,digits_1797x64_scaled16,conventional,0.08,23,0.059141918000023,0.0015130849997149198,0.004067325000505662,0.20281445300042833,1.2168318399999407,1558638
N1_C_DIGITS__f_mapper__sigma_0.08__rep23,digits_prospective,digits_1797x64_scaled16,f_mapper,0.08,23,20.84567706300004,3.909999577444978e-07,5.010006134398282e-07,20.846068690999346,21.524496083000486,722984
N1_C_DIGITS__conventional__sigma_0.08__rep24,digits_prospective,digits_1797x64_scaled16,conventional,0.08,24,0.06053711399999884,0.002876197000659886,0.005972128999928827,0.2128616099998908,1.270060986000317,1563066
N1_C_DIGITS__f_mapper__sigma_0.08__rep24,digits_prospective,digits_1797x64_scaled16,f_mapper,0.08,24,16.219760033000057,1.5388999599963427e-05,0.003822522000518802,16.352978836000148,17.946627239999543,1104283
N1_C_DIGITS__conventional__sigma_0.08__rep25,digits_prospective,digits_1797x64_scaled16,conventional,0.08,25,0.06432353299987881,0.002297445000294829,0.0033395410000593984,0.21222605299954012,1.2732571590004227,1372150
N1_C_DIGITS__f_mapper__sigma_0.08__rep25,digits_prospective,digits_1797x64_scaled16,f_mapper,0.08,25,20.90474782900037,4.2099964048247784e-07,3.0999945010989904e-07,20.905022597000425,21.572428247999596,722984
N1_C_DIGITS__conventional__sigma_0.08__rep26,digits_prospective,digits_1797x64_scaled16,conventional,0.08,26,0.0632161769999584,0.001845882999987225,0.0043451790006656665,0.21465939300014725,1.2772147280002173,1467734
N1_C_DIGITS__f_mapper__sigma_0.08__rep26,digits_prospective,digits_1797x64_scaled16,f_mapper,0.08,26,20.358084946000417,1.4817999726801645e-05,0.0040887139994083554,20.496678403999795,22.142464534999817,985151
N1_C_DIGITS__conventional__sigma_0.08__rep27,digits_prospective,digits_1797x64_scaled16,conventional,0.08,27,0.06317987300008099,0.0018144530004065018,0.0037199490006969427,0.2174115449997771,1.3043693729996448,1389516
N1_C_DIGITS__f_mapper__sigma_0.08__rep27,digits_prospective,digits_1797x64_scaled16,f_mapper,0.08,27,17.095307669999784,2.3704000341240317e-05,0.004667014999540697,17.318408090999583,19.528636510999604,1090060
N1_C_DIGITS__conventional__sigma_0.08__rep28,digits_prospective,digits_1797x64_scaled16,conventional,0.08,28,0.0865952140002264,0.002097927999784588,0.005542707000131486,0.30175283000062336,1.809983110999383,1363612
N1_C_DIGITS__f_mapper__sigma_0.08__rep28,digits_prospective,digits_1797x64_scaled16,f_mapper,0.08,28,21.17465314600031,5.410001904238015e-07,3.9999940781854093e-07,21.174935779000407,21.751288796000154,722984
N1_C_DIGITS__conventional__sigma_0.08__rep29,digits_prospective,digits_1797x64_scaled16,conventional,0.08,29,0.05716222899991408,0.0015483409997614217,0.004130852999878698,0.20679802399990876,1.2325646529998266,1506907
N1_C_DIGITS__f_mapper__sigma_0.08__rep29,digits_prospective,digits_1797x64_scaled16,f_mapper,0.08,29,14.028133222000179,2.3254000552697107e-05,0.003850924000289524,14.157387287999882,15.734154966999995,1121006
N1_C_DIGITS__conventional__sigma_0.08__rep30,digits_prospective,digits_1797x64_scaled16,conventional,0.08,30,0.05982491000031587,0.002030149999882269,0.0034885109998867847,0.20497475299998769,1.2297397860002093,1576478
N1_C_DIGITS__f_mapper__sigma_0.08__rep30,digits_prospective,digits_1797x64_scaled16,f_mapper,0.08,30,19.769790931999523,1.6592000065429602e-05,0.003190057999745477,19.904979593999997,21.53263134000008,955499
N1_C_DIGITS__conventional__sigma_0.10__rep01,digits_prospective,digits_1797x64_scaled16,conventional,0.1,1,0.0542636139998649,0.001323616999798105,0.003140634999908798,0.18138049799927103,1.088185314999464,923542
N1_C_DIGITS__f_mapper__sigma_0.10__rep01,digits_prospective,digits_1797x64_scaled16,f_mapper,0.1,1,20.829382865000298,4.1100065573118627e-07,4.200001058052294e-07,20.829662912999993,21.537413175999973,722984
N1_C_DIGITS__conventional__sigma_0.10__rep02,digits_prospective,digits_1797x64_scaled16,conventional,0.1,2,0.05570118099967658,0.0024937839998528943,0.005203546000302595,0.1984877740005686,1.182083946999228,912297
N1_C_DIGITS__f_mapper__sigma_0.10__rep02,digits_prospective,digits_1797x64_scaled16,f_mapper,0.1,2,11.688138993999928,1.5528999938396737e-05,0.003135724999992817,11.809408412000266,13.329853349000587,722952
N1_C_DIGITS__conventional__sigma_0.10__rep03,digits_prospective,digits_1797x64_scaled16,conventional,0.1,3,0.05443464900054096,0.0014231639997888124,0.00346459499996854,0.19175640799949178,1.150426981000237,1015173
N1_C_DIGITS__f_mapper__sigma_0.10__rep03,digits_prospective,digits_1797x64_scaled16,f_mapper,0.1,3,17.7774271950002,1.8134999663743656e-05,0.00446239700067963,17.902730566000173,19.467825003000144,775586
N1_C_DIGITS__conventional__sigma_0.10__rep04,digits_prospective,digits_1797x64_scaled16,conventional,0.1,4,0.057313556999361026,0.0019760569994105026,0.0025601990000723163,0.191736998000124,1.150180710999848,980760
N1_C_DIGITS__f_mapper__sigma_0.10__rep04,digits_prospective,digits_1797x64_scaled16,f_mapper,0.1,4,20.837595277999753,3.7099925975780934e-07,4.210005499771796e-07,20.837838235999698,21.52977315299995,722984
N1_C_DIGITS__conventional__sigma_0.10__rep05,digits_prospective,digits_1797x64_scaled16,conventional,0.1,5,0.08026428999983182,0.0025137610000456334,0.004883760999291553,0.22302894599943102,1.3221033589998115,995993
N1_C_DIGITS__f_mapper__sigma_0.10__rep05,digits_prospective,digits_1797x64_scaled16,f_mapper,0.1,5,20.499826622,4.410003384691663e-07,5.310002961778082e-07,20.50014445099987,21.19654235300004,722984
N1_C_DIGITS__conventional__sigma_0.10__rep06,digits_prospective,digits_1797x64_scaled16,conventional,0.1,6,0.05927563899967936,0.0026134089994229726,0.005514470999514742,0.2050046750000547,1.2217344890004824,1177283
N1_C_DIGITS__f_mapper__sigma_0.10__rep06,digits_prospective,digits_1797x64_scaled16,f_mapper,0.1,6,18.295256741999765,2.3024000256555155e-05,0.004441797999788832,18.417324263999944,19.96133580500009,722984
N1_C_DIGITS__conventional__sigma_0.10__rep07,digits_prospective,digits_1797x64_scaled16,conventional,0.1,7,0.056631126999491244,0.0014492129994323477,0.003723572000126296,0.1947829749997254,1.1685833679994175,1001985
N1_C_DIGITS__f_mapper__sigma_0.10__rep07,digits_prospective,digits_1797x64_scaled16,f_mapper,0.1,7,14.890904400000181,3.5256999581179116e-05,0.005163437999726739,15.01450136099993,16.57409889399969,722952
N1_C_DIGITS__conventional__sigma_0.10__rep08,digits_prospective,digits_1797x64_scaled16,conventional,0.1,8,0.0774035209997237,0.0033913260003828327,0.008825625000099535,0.3194464970001718,1.910206907000429,1010104
N1_C_DIGITS__f_mapper__sigma_0.10__rep08,digits_prospective,digits_1797x64_scaled16,f_mapper,0.1,8,13.967109903000164,1.6009999853849877e-05,0.0029490919996533194,14.079751977999877,15.355603705999783,722952
N1_C_DIGITS__conventional__sigma_0.10__rep09,digits_prospective,digits_1797x64_scaled16,conventional,0.1,9,0.05410151100022631,0.0018668700004127459,0.0024409540001215646,0.1812459070006298,1.087280118000308,987109
N1_C_DIGITS__f_mapper__sigma_0.10__rep09,digits_prospective,digits_1797x64_scaled16,f_mapper,0.1,9,21.065874152000106,2.800006768666208e-07,4.2099964048247784e-07,21.06611041799988,21.77496732399959,722984
N1_C_DIGITS__conventional__sigma_0.10__rep10,digits_prospective,digits_1797x64_scaled16,conventional,0.1,10,0.06377785699987726,0.0013469109999277862,0.002621313000418013,0.1921390990000873,1.1367412740000873,1050539
N1_C_DIGITS__f_mapper__sigma_0.10__rep10,digits_prospective,digits_1797x64_scaled16,f_mapper,0.1,10,20.840709179999976,3.8100006349850446e-07,4.5100023271515965e-07,20.841023412998766,21.55632998300007,722984
N1_C_DIGITS__conventional__sigma_0.10__rep11,digits_prospective,digits_1797x64_scaled16,conventional,0.1,11,0.05199818900109676,0.002497019000657019,0.004051590998642496,0.18098936199930904,1.078076183000121,1019619
N1_C_DIGITS__f_mapper__sigma_0.10__rep11,digits_prospective,digits_1797x64_scaled16,f_mapper,0.1,11,20.94612636600141,3.8100006349850446e-07,3.210006980225444e-07,20.946366508998835,21.63735823100069,722984
N1_C_DIGITS__conventional__sigma_0.10__rep12,digits_prospective,digits_1797x64_scaled16,conventional,0.1,12,0.05618497199975536,0.0014815840004303027,0.00338322999959928,0.19392169900129375,1.1544343030000164,1055586
N1_C_DIGITS__f_mapper__sigma_0.10__rep12,digits_prospective,digits_1797x64_scaled16,f_mapper,0.1,12,15.86910114300008,2.6740999601315707e-05,0.002706764000322437,15.994865947999642,17.563079237999773,722952
N1_C_DIGITS__conventional__sigma_0.10__rep13,digits_prospective,digits_1797x64_scaled16,conventional,0.1,13,0.05469964800067828,0.0021753920009359717,0.0047056240000529215,0.18874777399832965,1.1322162890000982,1168732
N1_C_DIGITS__f_mapper__sigma_0.10__rep13,digits_prospective,digits_1797x64_scaled16,f_mapper,0.1,13,13.36837849999938,1.625099866942037e-05,0.0033860849998745834,13.494862538000234,15.075486902000193,967095
N1_C_DIGITS__conventional__sigma_0.10__rep14,digits_prospective,digits_1797x64_scaled16,conventional,0.1,14,0.056197921998318634,0.0014655430004495429,0.003706790001160698,0.19207122399893706,1.1523404680001477,945619
N1_C_DIGITS__f_mapper__sigma_0.10__rep14,digits_prospective,digits_1797x64_scaled16,f_mapper,0.1,14,20.807019424000828,4.7100002120714635e-07,4.6000059228390455e-07,20.80727224200018,21.5045405639994,722984
N1_C_DIGITS__conventional__sigma_0.10__rep15,digits_prospective,digits_1797x64_scaled16,conventional,0.1,15,0.05754293500103813,0.0014818539984844392,0.0029421679992083227,0.1917483959987294,1.1428459600001588,922669
N1_C_DIGITS__f_mapper__sigma_0.10__rep15,digits_prospective,digits_1797x64_scaled16,f_mapper,0.1,15,18.126631320001252,2.3865000912337564e-05,0.0035260689983260818,18.2445460179988,19.75758686500012,722984
N1_C_DIGITS__conventional__sigma_0.10__rep16,digits_prospective,digits_1797x64_scaled16,conventional,0.1,16,0.07517278499835811,0.0025268240005971165,0.0035409270003583515,0.2634359899984702,1.5804335590000846,1106845
N1_C_DIGITS__f_mapper__sigma_0.10__rep16,digits_prospective,digits_1797x64_scaled16,f_mapper,0.1,16,16.397778092999943,3.401399953872897e-05,0.003244016999815358,16.562002796999877,18.32250080200083,722952
N1_C_DIGITS__conventional__sigma_0.10__rep17,digits_prospective,digits_1797x64_scaled16,conventional,0.1,17,0.08388706299956539,0.0022336319998430554,0.004186562999166199,0.29059189399958996,1.7420795240004736,1013363
N1_C_DIGITS__f_mapper__sigma_0.10__rep17,digits_prospective,digits_1797x64_scaled16,f_mapper,0.1,17,15.668501022999408,2.6620000426191837e-05,0.0033405079993826803,15.7939021279999,17.261824924999928,722952
N1_C_DIGITS__conventional__sigma_0.10__rep18,digits_prospective,digits_1797x64_scaled16,conventional,0.1,18,0.05765075100134709,0.0015403439992951462,0.003695719000461395,0.19911947199943825,1.194302554999922,1020599
N1_C_DIGITS__f_mapper__sigma_0.10__rep18,digits_prospective,digits_1797x64_scaled16,f_mapper,0.1,18,20.804291856000418,4.1100065573118627e-07,2.9100010578986257e-07,20.80454583500068,21.487628655999288,722984
N1_C_DIGITS__conventional__sigma_0.10__rep19,digits_prospective,digits_1797x64_scaled16,conventional,0.1,19,0.05569271700005629,0.0026731500001915265,0.005103272000269499,0.19199940799990145,1.1397111020005468,1106566
N1_C_DIGITS__f_mapper__sigma_0.10__rep19,digits_prospective,digits_1797x64_scaled16,f_mapper,0.1,19,14.822202433000712,2.4025999664445408e-05,0.003722749001099146,15.00044964799963,16.92813684399971,819625
N1_C_DIGITS__conventional__sigma_0.10__rep20,digits_prospective,digits_1797x64_scaled16,conventional,0.1,20,0.07738621700082149,0.0027038179996452527,0.003951079999751528,0.2681829610010027,1.6090717850001965,1019907
N1_C_DIGITS__f_mapper__sigma_0.10__rep20,digits_prospective,digits_1797x64_scaled16,f_mapper,0.1,20,20.934006379000493,3.510012902552262e-07,4.4099942897446454e-07,20.93428901399966,21.55150988600053,722984
N1_C_DIGITS__conventional__sigma_0.10__rep21,digits_prospective,digits_1797x64_scaled16,conventional,0.1,21,0.0537177200003498,0.0014811760011070874,0.00282483099908859,0.18371302999912587,1.0944317650000812,1102717
N1_C_DIGITS__f_mapper__sigma_0.10__rep21,digits_prospective,digits_1797x64_scaled16,f_mapper,0.1,21,20.942091341999912,3.899986040778458e-07,3.50000846083276e-07,20.94233910999901,21.634881512999527,722984
N1_C_DIGITS__conventional__sigma_0.10__rep22,digits_prospective,digits_1797x64_scaled16,conventional,0.1,22,0.056668167000680114,0.001495488999353256,0.003867772000376135,0.19702073199914594,1.1712199300000066,911181
N1_C_DIGITS__f_mapper__sigma_0.10__rep22,digits_prospective,digits_1797x64_scaled16,f_mapper,0.1,22,20.829064389999985,1.0619987733662128e-06,6.810005288571119e-07,20.829379929000424,21.518110662000254,722984
N1_C_DIGITS__conventional__sigma_0.10__rep23,digits_prospective,digits_1797x64_scaled16,conventional,0.1,23,0.0548065309994854,0.0013492079997377004,0.003598612998757744,0.19301301499945112,1.1508065939997323,1030163
N1_C_DIGITS__f_mapper__sigma_0.10__rep23,digits_prospective,digits_1797x64_scaled16,f_mapper,0.1,23,13.90592356200068,1.5010000424808823e-05,0.002289900001414935,14.026241097999446,15.557565277999856,748407
N1_C_DIGITS__conventional__sigma_0.10__rep24,digits_prospective,digits_1797x64_scaled16,conventional,0.1,24,0.05350387700127612,0.0018466199999238597,0.002522696000596625,0.18359344999953464,1.1012615820000065,939492
N1_C_DIGITS__f_mapper__sigma_0.10__rep24,digits_prospective,digits_1797x64_scaled16,f_mapper,0.1,24,21.137251555001058,3.899986040778458e-07,4.90999809699133e-07,21.137560549999762,21.843745217000105,722984
N1_C_DIGITS__conventional__sigma_0.10__rep25,digits_prospective,digits_1797x64_scaled16,conventional,0.1,25,0.054913203999603866,0.0019444169993221294,0.002733141998760402,0.18873395199989318,1.1241200289996414,1042916
N1_C_DIGITS__f_mapper__sigma_0.10__rep25,digits_prospective,digits_1797x64_scaled16,f_mapper,0.1,25,10.61764722999942,2.712300010898616e-05,0.0048333570011891425,10.748119764999501,12.36029946599956,800994
N1_C_DIGITS__conventional__sigma_0.10__rep26,digits_prospective,digits_1797x64_scaled16,conventional,0.1,26,0.06246614699921338,0.0014200289988366421,0.0034403820009174524,0.21251320299961662,1.274858339000275,963209
N1_C_DIGITS__f_mapper__sigma_0.10__rep26,digits_prospective,digits_1797x64_scaled16,f_mapper,0.1,26,14.493144100999416,2.2374000764102675e-05,0.0028042919984727632,14.61408944499999,16.141937719999987,722952
N1_C_DIGITS__conventional__sigma_0.10__rep27,digits_prospective,digits_1797x64_scaled16,conventional,0.1,27,0.057638185999167035,0.0014353259994095424,0.0037323870001273463,0.20060213299984753,1.2033884989996295,1035562
N1_C_DIGITS__f_mapper__sigma_0.10__rep27,digits_prospective,digits_1797x64_scaled16,f_mapper,0.1,27,16.454982549001215,1.5720999726909213e-05,0.0033306549994449597,16.582000676999087,18.16516350299935,722952
N1_C_DIGITS__conventional__sigma_0.10__rep28,digits_prospective,digits_1797x64_scaled16,conventional,0.1,28,0.056338065000090864,0.0029965519988763845,0.0053104409998923074,0.19874132400036615,1.1919590110001081,1033246
N1_C_DIGITS__f_mapper__sigma_0.10__rep28,digits_prospective,digits_1797x64_scaled16,f_mapper,0.1,28,20.915165611999328,3.1099989428184927e-07,4.0099985199049115e-07,20.915413053999146,21.58791449399996,722984
N1_C_DIGITS__conventional__sigma_0.10__rep29,digits_prospective,digits_1797x64_scaled16,conventional,0.1,29,0.05632100599905243,0.002190383000197471,0.004934204000164755,0.18951057400045102,1.1281732829993416,1191781
N1_C_DIGITS__f_mapper__sigma_0.10__rep29,digits_prospective,digits_1797x64_scaled16,f_mapper,0.1,29,13.928585662000842,2.477799898770172e-05,0.004483749000428361,14.107392105001054,16.019274306000625,722952
N1_C_DIGITS__conventional__sigma_0.10__rep30,digits_prospective,digits_1797x64_scaled16,conventional,0.1,30,0.09194245599974238,0.0030212479996407637,0.0045242779997352045,0.29144879299929016,1.7482685160002802,1113833
N1_C_DIGITS__f_mapper__sigma_0.10__rep30,digits_prospective,digits_1797x64_scaled16,f_mapper,0.1,30,20.909112236999135,5.010006134398282e-07,4.5100023271515965e-07,20.90947697699994,21.50642376399992,722984
