planned_unit_id,historical_source_run_id,dataset_id,method_id,sigma,replicate,r0_clean_match,r0_pert_match,historical_status,reconstructed_status,status_match,structural_fingerprint_match,pullback_identity_match,membership_persisted
N1_C_RETRO__M6A__unit_circle_S1__N1000__conventional__sigma_0.00__rep0__clean,M6A__unit_circle_S1__N1000__conventional__sigma_0.00__rep0__clean,unit_circle_S1,conventional,0.0,0,True,True,success,success,True,True,True,True
N1_C_RETRO__M6A__unit_circle_S1__N1000__f_mapper__sigma_0.00__rep0__clean,M6A__unit_circle_S1__N1000__f_mapper__sigma_0.00__rep0__clean,unit_circle_S1,f_mapper,0.0,0,True,True,success,success,True,True,True,True
N1_C_RETRO__M6A__unit_circle_S1__N1000__conventional__sigma_0.01__rep01,M6A__unit_circle_S1__N1000__conventional__sigma_0.01__rep01,unit_circle_S1,conventional,0.01,1,True,True,success,success,True,True,True,True
N1_C_RETRO__M6A__unit_circle_S1__N1000__f_mapper__sigma_0.01__rep01,M6A__unit_circle_S1__N1000__f_mapper__sigma_0.01__rep01,unit_circle_S1,f_mapper,0.01,1,True,True,success,success,True,True,True,True
N1_C_RETRO__M6A__unit_circle_S1__N1000__conventional__sigma_0.01__rep02,M6A__unit_circle_S1__N1000__conventional__sigma_0.01__rep02,unit_circle_S1,conventional,0.01,2,True,True,success,success,True,True,True,True
N1_C_RETRO__M6A__unit_circle_S1__N1000__f_mapper__sigma_0.01__rep02,M6A__unit_circle_S1__N1000__f_mapper__sigma_0.01__rep02,unit_circle_S1,f_mapper,0.01,2,True,True,success,success,True,True,True,True
N1_C_RETRO__M6A__unit_circle_S1__N1000__conventional__sigma_0.01__rep03,M6A__unit_circle_S1__N1000__conventional__sigma_0.01__rep03,unit_circle_S1,conventional,0.01,3,True,True,success,success,True,True,True,True
N1_C_RETRO__M6A__unit_circle_S1__N1000__f_mapper__sigma_0.01__rep03,M6A__unit_circle_S1__N1000__f_mapper__sigma_0.01__rep03,unit_circle_S1,f_mapper,0.01,3,True,True,success,success,True,True,True,True
N1_C_RETRO__M6A__unit_circle_S1__N1000__conventional__sigma_0.01__rep04,M6A__unit_circle_S1__N1000__conventional__sigma_0.01__rep04,unit_circle_S1,conventional,0.01,4,True,True,success,success,True,True,True,True
N1_C_RETRO__M6A__unit_circle_S1__N1000__f_mapper__sigma_0.01__rep04,M6A__unit_circle_S1__N1000__f_mapper__sigma_0.01__rep04,unit_circle_S1,f_mapper,0.01,4,True,True,success,success,True,True,True,True
N1_C_RETRO__M6A__unit_circle_S1__N1000__conventional__sigma_0.01__rep05,M6A__unit_circle_S1__N1000__conventional__sigma_0.01__rep05,unit_circle_S1,conventional,0.01,5,True,True,success,success,True,True,True,True
N1_C_RETRO__M6A__unit_circle_S1__N1000__f_mapper__sigma_0.01__rep05,M6A__unit_circle_S1__N1000__f_mapper__sigma_0.01__rep05,unit_circle_S1,f_mapper,0.01,5,True,True,success,success,True,True,True,True
N1_C_RETRO__M6A__unit_circle_S1__N1000__conventional__sigma_0.01__rep06,M6A__unit_circle_S1__N1000__conventional__sigma_0.01__rep06,unit_circle_S1,conventional,0.01,6,True,True,success,success,True,True,True,True
N1_C_RETRO__M6A__unit_circle_S1__N1000__f_mapper__sigma_0.01__rep06,M6A__unit_circle_S1__N1000__f_mapper__sigma_0.01__rep06,unit_circle_S1,f_mapper,0.01,6,True,True,success,success,True,True,True,True
N1_C_RETRO__M6A__unit_circle_S1__N1000__conventional__sigma_0.01__rep07,M6A__unit_circle_S1__N1000__conventional__sigma_0.01__rep07,unit_circle_S1,conventional,0.01,7,True,True,success,success,True,True,True,True
N1_C_RETRO__M6A__unit_circle_S1__N1000__f_mapper__sigma_0.01__rep07,M6A__unit_circle_S1__N1000__f_mapper__sigma_0.01__rep07,unit_circle_S1,f_mapper,0.01,7,True,True,success,success,True,True,True,True
N1_C_RETRO__M6A__unit_circle_S1__N1000__conventional__sigma_0.01__rep08,M6A__unit_circle_S1__N1000__conventional__sigma_0.01__rep08,unit_circle_S1,conventional,0.01,8,True,True,success,success,True,True,True,True
N1_C_RETRO__M6A__unit_circle_S1__N1000__f_mapper__sigma_0.01__rep08,M6A__unit_circle_S1__N1000__f_mapper__sigma_0.01__rep08,unit_circle_S1,f_mapper,0.01,8,True,True,success,success,True,True,True,True
N1_C_RETRO__M6A__unit_circle_S1__N1000__conventional__sigma_0.01__rep09,M6A__unit_circle_S1__N1000__conventional__sigma_0.01__rep09,unit_circle_S1,conventional,0.01,9,True,True,success,success,True,True,True,True
N1_C_RETRO__M6A__unit_circle_S1__N1000__f_mapper__sigma_0.01__rep09,M6A__unit_circle_S1__N1000__f_mapper__sigma_0.01__rep09,unit_circle_S1,f_mapper,0.01,9,True,True,success,success,True,True,True,True
N1_C_RETRO__M6A__unit_circle_S1__N1000__conventional__sigma_0.01__rep10,M6A__unit_circle_S1__N1000__conventional__sigma_0.01__rep10,unit_circle_S1,conventional,0.01,10,True,True,success,success,True,True,True,True
N1_C_RETRO__M6A__unit_circle_S1__N1000__f_mapper__sigma_0.01__rep10,M6A__unit_circle_S1__N1000__f_mapper__sigma_0.01__rep10,unit_circle_S1,f_mapper,0.01,10,True,True,success,success,True,True,True,True
N1_C_RETRO__M6A__unit_circle_S1__N1000__conventional__sigma_0.01__rep11,M6A__unit_circle_S1__N1000__conventional__sigma_0.01__rep11,unit_circle_S1,conventional,0.01,11,True,True,success,success,True,True,True,True
N1_C_RETRO__M6A__unit_circle_S1__N1000__f_mapper__sigma_0.01__rep11,M6A__unit_circle_S1__N1000__f_mapper__sigma_0.01__rep11,unit_circle_S1,f_mapper,0.01,11,True,True,success,success,True,True,True,True
N1_C_RETRO__M6A__unit_circle_S1__N1000__conventional__sigma_0.01__rep12,M6A__unit_circle_S1__N1000__conventional__sigma_0.01__rep12,unit_circle_S1,conventional,0.01,12,True,True,success,success,True,True,True,True
N1_C_RETRO__M6A__unit_circle_S1__N1000__f_mapper__sigma_0.01__rep12,M6A__unit_circle_S1__N1000__f_mapper__sigma_0.01__rep12,unit_circle_S1,f_mapper,0.01,12,True,True,success,success,True,True,True,True
N1_C_RETRO__M6A__unit_circle_S1__N1000__conventional__sigma_0.01__rep13,M6A__unit_circle_S1__N1000__conventional__sigma_0.01__rep13,unit_circle_S1,conventional,0.01,13,True,True,success,success,True,True,True,True
N1_C_RETRO__M6A__unit_circle_S1__N1000__f_mapper__sigma_0.01__rep13,M6A__unit_circle_S1__N1000__f_mapper__sigma_0.01__rep13,unit_circle_S1,f_mapper,0.01,13,True,True,success,success,True,True,True,True
N1_C_RETRO__M6A__unit_circle_S1__N1000__conventional__sigma_0.01__rep14,M6A__unit_circle_S1__N1000__conventional__sigma_0.01__rep14,unit_circle_S1,conventional,0.01,14,True,True,success,success,True,True,True,True
N1_C_RETRO__M6A__unit_circle_S1__N1000__f_mapper__sigma_0.01__rep14,M6A__unit_circle_S1__N1000__f_mapper__sigma_0.01__rep14,unit_circle_S1,f_mapper,0.01,14,True,True,success,success,True,True,True,True
N1_C_RETRO__M6A__unit_circle_S1__N1000__conventional__sigma_0.01__rep15,M6A__unit_circle_S1__N1000__conventional__sigma_0.01__rep15,unit_circle_S1,conventional,0.01,15,True,True,success,success,True,True,True,True
N1_C_RETRO__M6A__unit_circle_S1__N1000__f_mapper__sigma_0.01__rep15,M6A__unit_circle_S1__N1000__f_mapper__sigma_0.01__rep15,unit_circle_S1,f_mapper,0.01,15,True,True,success,success,True,True,True,True
N1_C_RETRO__M6A__unit_circle_S1__N1000__conventional__sigma_0.01__rep16,M6A__unit_circle_S1__N1000__conventional__sigma_0.01__rep16,unit_circle_S1,conventional,0.01,16,True,True,success,success,True,True,True,True
N1_C_RETRO__M6A__unit_circle_S1__N1000__f_mapper__sigma_0.01__rep16,M6A__unit_circle_S1__N1000__f_mapper__sigma_0.01__rep16,unit_circle_S1,f_mapper,0.01,16,True,True,success,success,True,True,True,True
N1_C_RETRO__M6A__unit_circle_S1__N1000__conventional__sigma_0.01__rep17,M6A__unit_circle_S1__N1000__conventional__sigma_0.01__rep17,unit_circle_S1,conventional,0.01,17,True,True,success,success,True,True,True,True
N1_C_RETRO__M6A__unit_circle_S1__N1000__f_mapper__sigma_0.01__rep17,M6A__unit_circle_S1__N1000__f_mapper__sigma_0.01__rep17,unit_circle_S1,f_mapper,0.01,17,True,True,success,success,True,True,True,True
N1_C_RETRO__M6A__unit_circle_S1__N1000__conventional__sigma_0.01__rep18,M6A__unit_circle_S1__N1000__conventional__sigma_0.01__rep18,unit_circle_S1,conventional,0.01,18,True,True,success,success,True,True,True,True
N1_C_RETRO__M6A__unit_circle_S1__N1000__f_mapper__sigma_0.01__rep18,M6A__unit_circle_S1__N1000__f_mapper__sigma_0.01__rep18,unit_circle_S1,f_mapper,0.01,18,True,True,success,success,True,True,True,True
N1_C_RETRO__M6A__unit_circle_S1__N1000__conventional__sigma_0.01__rep19,M6A__unit_circle_S1__N1000__conventional__sigma_0.01__rep19,unit_circle_S1,conventional,0.01,19,True,True,success,success,True,True,True,True
N1_C_RETRO__M6A__unit_circle_S1__N1000__f_mapper__sigma_0.01__rep19,M6A__unit_circle_S1__N1000__f_mapper__sigma_0.01__rep19,unit_circle_S1,f_mapper,0.01,19,True,True,success,success,True,True,True,True
N1_C_RETRO__M6A__unit_circle_S1__N1000__conventional__sigma_0.01__rep20,M6A__unit_circle_S1__N1000__conventional__sigma_0.01__rep20,unit_circle_S1,conventional,0.01,20,True,True,success,success,True,True,True,True
N1_C_RETRO__M6A__unit_circle_S1__N1000__f_mapper__sigma_0.01__rep20,M6A__unit_circle_S1__N1000__f_mapper__sigma_0.01__rep20,unit_circle_S1,f_mapper,0.01,20,True,True,success,success,True,True,True,True
N1_C_RETRO__M6A__unit_circle_S1__N1000__conventional__sigma_0.01__rep21,M6A__unit_circle_S1__N1000__conventional__sigma_0.01__rep21,unit_circle_S1,conventional,0.01,21,True,True,success,success,True,True,True,True
N1_C_RETRO__M6A__unit_circle_S1__N1000__f_mapper__sigma_0.01__rep21,M6A__unit_circle_S1__N1000__f_mapper__sigma_0.01__rep21,unit_circle_S1,f_mapper,0.01,21,True,True,success,success,True,True,True,True
N1_C_RETRO__M6A__unit_circle_S1__N1000__conventional__sigma_0.01__rep22,M6A__unit_circle_S1__N1000__conventional__sigma_0.01__rep22,unit_circle_S1,conventional,0.01,22,True,True,success,success,True,True,True,True
N1_C_RETRO__M6A__unit_circle_S1__N1000__f_mapper__sigma_0.01__rep22,M6A__unit_circle_S1__N1000__f_mapper__sigma_0.01__rep22,unit_circle_S1,f_mapper,0.01,22,True,True,success,success,True,True,True,True
N1_C_RETRO__M6A__unit_circle_S1__N1000__conventional__sigma_0.01__rep23,M6A__unit_circle_S1__N1000__conventional__sigma_0.01__rep23,unit_circle_S1,conventional,0.01,23,True,True,success,success,True,True,True,True
N1_C_RETRO__M6A__unit_circle_S1__N1000__f_mapper__sigma_0.01__rep23,M6A__unit_circle_S1__N1000__f_mapper__sigma_0.01__rep23,unit_circle_S1,f_mapper,0.01,23,True,True,success,success,True,True,True,True
N1_C_RETRO__M6A__unit_circle_S1__N1000__conventional__sigma_0.01__rep24,M6A__unit_circle_S1__N1000__conventional__sigma_0.01__rep24,unit_circle_S1,conventional,0.01,24,True,True,success,success,True,True,True,True
N1_C_RETRO__M6A__unit_circle_S1__N1000__f_mapper__sigma_0.01__rep24,M6A__unit_circle_S1__N1000__f_mapper__sigma_0.01__rep24,unit_circle_S1,f_mapper,0.01,24,True,True,success,success,True,True,True,True
N1_C_RETRO__M6A__unit_circle_S1__N1000__conventional__sigma_0.01__rep25,M6A__unit_circle_S1__N1000__conventional__sigma_0.01__rep25,unit_circle_S1,conventional,0.01,25,True,True,success,success,True,True,True,True
N1_C_RETRO__M6A__unit_circle_S1__N1000__f_mapper__sigma_0.01__rep25,M6A__unit_circle_S1__N1000__f_mapper__sigma_0.01__rep25,unit_circle_S1,f_mapper,0.01,25,True,True,success,success,True,True,True,True
N1_C_RETRO__M6A__unit_circle_S1__N1000__conventional__sigma_0.01__rep26,M6A__unit_circle_S1__N1000__conventional__sigma_0.01__rep26,unit_circle_S1,conventional,0.01,26,True,True,success,success,True,True,True,True
N1_C_RETRO__M6A__unit_circle_S1__N1000__f_mapper__sigma_0.01__rep26,M6A__unit_circle_S1__N1000__f_mapper__sigma_0.01__rep26,unit_circle_S1,f_mapper,0.01,26,True,True,success,success,True,True,True,True
N1_C_RETRO__M6A__unit_circle_S1__N1000__conventional__sigma_0.01__rep27,M6A__unit_circle_S1__N1000__conventional__sigma_0.01__rep27,unit_circle_S1,conventional,0.01,27,True,True,success,success,True,True,True,True
N1_C_RETRO__M6A__unit_circle_S1__N1000__f_mapper__sigma_0.01__rep27,M6A__unit_circle_S1__N1000__f_mapper__sigma_0.01__rep27,unit_circle_S1,f_mapper,0.01,27,True,True,success,success,True,True,True,True
N1_C_RETRO__M6A__unit_circle_S1__N1000__conventional__sigma_0.01__rep28,M6A__unit_circle_S1__N1000__conventional__sigma_0.01__rep28,unit_circle_S1,conventional,0.01,28,True,True,success,success,True,True,True,True
N1_C_RETRO__M6A__unit_circle_S1__N1000__f_mapper__sigma_0.01__rep28,M6A__unit_circle_S1__N1000__f_mapper__sigma_0.01__rep28,unit_circle_S1,f_mapper,0.01,28,True,True,success,success,True,True,True,True
N1_C_RETRO__M6A__unit_circle_S1__N1000__conventional__sigma_0.01__rep29,M6A__unit_circle_S1__N1000__conventional__sigma_0.01__rep29,unit_circle_S1,conventional,0.01,29,True,True,success,success,True,True,True,True
N1_C_RETRO__M6A__unit_circle_S1__N1000__f_mapper__sigma_0.01__rep29,M6A__unit_circle_S1__N1000__f_mapper__sigma_0.01__rep29,unit_circle_S1,f_mapper,0.01,29,True,True,success,success,True,True,True,True
N1_C_RETRO__M6A__unit_circle_S1__N1000__conventional__sigma_0.01__rep30,M6A__unit_circle_S1__N1000__conventional__sigma_0.01__rep30,unit_circle_S1,conventional,0.01,30,True,True,success,success,True,True,True,True
N1_C_RETRO__M6A__unit_circle_S1__N1000__f_mapper__sigma_0.01__rep30,M6A__unit_circle_S1__N1000__f_mapper__sigma_0.01__rep30,unit_circle_S1,f_mapper,0.01,30,True,True,success,success,True,True,True,True
N1_C_RETRO__M6A__unit_circle_S1__N1000__conventional__sigma_0.03__rep01,M6A__unit_circle_S1__N1000__conventional__sigma_0.03__rep01,unit_circle_S1,conventional,0.03,1,True,True,success,success,True,True,True,True
N1_C_RETRO__M6A__unit_circle_S1__N1000__f_mapper__sigma_0.03__rep01,M6A__unit_circle_S1__N1000__f_mapper__sigma_0.03__rep01,unit_circle_S1,f_mapper,0.03,1,True,True,success,success,True,True,True,True
N1_C_RETRO__M6A__unit_circle_S1__N1000__conventional__sigma_0.03__rep02,M6A__unit_circle_S1__N1000__conventional__sigma_0.03__rep02,unit_circle_S1,conventional,0.03,2,True,True,success,success,True,True,True,True
N1_C_RETRO__M6A__unit_circle_S1__N1000__f_mapper__sigma_0.03__rep02,M6A__unit_circle_S1__N1000__f_mapper__sigma_0.03__rep02,unit_circle_S1,f_mapper,0.03,2,True,True,success,success,True,True,True,True
N1_C_RETRO__M6A__unit_circle_S1__N1000__conventional__sigma_0.03__rep03,M6A__unit_circle_S1__N1000__conventional__sigma_0.03__rep03,unit_circle_S1,conventional,0.03,3,True,True,success,success,True,True,True,True
N1_C_RETRO__M6A__unit_circle_S1__N1000__f_mapper__sigma_0.03__rep03,M6A__unit_circle_S1__N1000__f_mapper__sigma_0.03__rep03,unit_circle_S1,f_mapper,0.03,3,True,True,success,success,True,True,True,True
N1_C_RETRO__M6A__unit_circle_S1__N1000__conventional__sigma_0.03__rep04,M6A__unit_circle_S1__N1000__conventional__sigma_0.03__rep04,unit_circle_S1,conventional,0.03,4,True,True,success,success,True,True,True,True
N1_C_RETRO__M6A__unit_circle_S1__N1000__f_mapper__sigma_0.03__rep04,M6A__unit_circle_S1__N1000__f_mapper__sigma_0.03__rep04,unit_circle_S1,f_mapper,0.03,4,True,True,success,success,True,True,True,True
N1_C_RETRO__M6A__unit_circle_S1__N1000__conventional__sigma_0.03__rep05,M6A__unit_circle_S1__N1000__conventional__sigma_0.03__rep05,unit_circle_S1,conventional,0.03,5,True,True,success,success,True,True,True,True
N1_C_RETRO__M6A__unit_circle_S1__N1000__f_mapper__sigma_0.03__rep05,M6A__unit_circle_S1__N1000__f_mapper__sigma_0.03__rep05,unit_circle_S1,f_mapper,0.03,5,True,True,success,success,True,True,True,True
N1_C_RETRO__M6A__unit_circle_S1__N1000__conventional__sigma_0.03__rep06,M6A__unit_circle_S1__N1000__conventional__sigma_0.03__rep06,unit_circle_S1,conventional,0.03,6,True,True,success,success,True,True,True,True
N1_C_RETRO__M6A__unit_circle_S1__N1000__f_mapper__sigma_0.03__rep06,M6A__unit_circle_S1__N1000__f_mapper__sigma_0.03__rep06,unit_circle_S1,f_mapper,0.03,6,True,True,success,success,True,True,True,True
N1_C_RETRO__M6A__unit_circle_S1__N1000__conventional__sigma_0.03__rep07,M6A__unit_circle_S1__N1000__conventional__sigma_0.03__rep07,unit_circle_S1,conventional,0.03,7,True,True,success,success,True,True,True,True
N1_C_RETRO__M6A__unit_circle_S1__N1000__f_mapper__sigma_0.03__rep07,M6A__unit_circle_S1__N1000__f_mapper__sigma_0.03__rep07,unit_circle_S1,f_mapper,0.03,7,True,True,success,success,True,True,True,True
N1_C_RETRO__M6A__unit_circle_S1__N1000__conventional__sigma_0.03__rep08,M6A__unit_circle_S1__N1000__conventional__sigma_0.03__rep08,unit_circle_S1,conventional,0.03,8,True,True,success,success,True,True,True,True
N1_C_RETRO__M6A__unit_circle_S1__N1000__f_mapper__sigma_0.03__rep08,M6A__unit_circle_S1__N1000__f_mapper__sigma_0.03__rep08,unit_circle_S1,f_mapper,0.03,8,True,True,success,success,True,True,True,True
N1_C_RETRO__M6A__unit_circle_S1__N1000__conventional__sigma_0.03__rep09,M6A__unit_circle_S1__N1000__conventional__sigma_0.03__rep09,unit_circle_S1,conventional,0.03,9,True,True,success,success,True,True,True,True
N1_C_RETRO__M6A__unit_circle_S1__N1000__f_mapper__sigma_0.03__rep09,M6A__unit_circle_S1__N1000__f_mapper__sigma_0.03__rep09,unit_circle_S1,f_mapper,0.03,9,True,True,success,success,True,True,True,True
N1_C_RETRO__M6A__unit_circle_S1__N1000__conventional__sigma_0.03__rep10,M6A__unit_circle_S1__N1000__conventional__sigma_0.03__rep10,unit_circle_S1,conventional,0.03,10,True,True,success,success,True,True,True,True
N1_C_RETRO__M6A__unit_circle_S1__N1000__f_mapper__sigma_0.03__rep10,M6A__unit_circle_S1__N1000__f_mapper__sigma_0.03__rep10,unit_circle_S1,f_mapper,0.03,10,True,True,success,success,True,True,True,True
N1_C_RETRO__M6A__unit_circle_S1__N1000__conventional__sigma_0.03__rep11,M6A__unit_circle_S1__N1000__conventional__sigma_0.03__rep11,unit_circle_S1,conventional,0.03,11,True,True,success,success,True,True,True,True
N1_C_RETRO__M6A__unit_circle_S1__N1000__f_mapper__sigma_0.03__rep11,M6A__unit_circle_S1__N1000__f_mapper__sigma_0.03__rep11,unit_circle_S1,f_mapper,0.03,11,True,True,success,success,True,True,True,True
N1_C_RETRO__M6A__unit_circle_S1__N1000__conventional__sigma_0.03__rep12,M6A__unit_circle_S1__N1000__conventional__sigma_0.03__rep12,unit_circle_S1,conventional,0.03,12,True,True,success,success,True,True,True,True
N1_C_RETRO__M6A__unit_circle_S1__N1000__f_mapper__sigma_0.03__rep12,M6A__unit_circle_S1__N1000__f_mapper__sigma_0.03__rep12,unit_circle_S1,f_mapper,0.03,12,True,True,success,success,True,True,True,True
N1_C_RETRO__M6A__unit_circle_S1__N1000__conventional__sigma_0.03__rep13,M6A__unit_circle_S1__N1000__conventional__sigma_0.03__rep13,unit_circle_S1,conventional,0.03,13,True,True,success,success,True,True,True,True
N1_C_RETRO__M6A__unit_circle_S1__N1000__f_mapper__sigma_0.03__rep13,M6A__unit_circle_S1__N1000__f_mapper__sigma_0.03__rep13,unit_circle_S1,f_mapper,0.03,13,True,True,success,success,True,True,True,True
N1_C_RETRO__M6A__unit_circle_S1__N1000__conventional__sigma_0.03__rep14,M6A__unit_circle_S1__N1000__conventional__sigma_0.03__rep14,unit_circle_S1,conventional,0.03,14,True,True,success,success,True,True,True,True
N1_C_RETRO__M6A__unit_circle_S1__N1000__f_mapper__sigma_0.03__rep14,M6A__unit_circle_S1__N1000__f_mapper__sigma_0.03__rep14,unit_circle_S1,f_mapper,0.03,14,True,True,success,success,True,True,True,True
N1_C_RETRO__M6A__unit_circle_S1__N1000__conventional__sigma_0.03__rep15,M6A__unit_circle_S1__N1000__conventional__sigma_0.03__rep15,unit_circle_S1,conventional,0.03,15,True,True,success,success,True,True,True,True
N1_C_RETRO__M6A__unit_circle_S1__N1000__f_mapper__sigma_0.03__rep15,M6A__unit_circle_S1__N1000__f_mapper__sigma_0.03__rep15,unit_circle_S1,f_mapper,0.03,15,True,True,success,success,True,True,True,True
N1_C_RETRO__M6A__unit_circle_S1__N1000__conventional__sigma_0.03__rep16,M6A__unit_circle_S1__N1000__conventional__sigma_0.03__rep16,unit_circle_S1,conventional,0.03,16,True,True,success,success,True,True,True,True
N1_C_RETRO__M6A__unit_circle_S1__N1000__f_mapper__sigma_0.03__rep16,M6A__unit_circle_S1__N1000__f_mapper__sigma_0.03__rep16,unit_circle_S1,f_mapper,0.03,16,True,True,success,success,True,True,True,True
N1_C_RETRO__M6A__unit_circle_S1__N1000__conventional__sigma_0.03__rep17,M6A__unit_circle_S1__N1000__conventional__sigma_0.03__rep17,unit_circle_S1,conventional,0.03,17,True,True,success,success,True,True,True,True
N1_C_RETRO__M6A__unit_circle_S1__N1000__f_mapper__sigma_0.03__rep17,M6A__unit_circle_S1__N1000__f_mapper__sigma_0.03__rep17,unit_circle_S1,f_mapper,0.03,17,True,True,success,success,True,True,True,True
N1_C_RETRO__M6A__unit_circle_S1__N1000__conventional__sigma_0.03__rep18,M6A__unit_circle_S1__N1000__conventional__sigma_0.03__rep18,unit_circle_S1,conventional,0.03,18,True,True,success,success,True,True,True,True
N1_C_RETRO__M6A__unit_circle_S1__N1000__f_mapper__sigma_0.03__rep18,M6A__unit_circle_S1__N1000__f_mapper__sigma_0.03__rep18,unit_circle_S1,f_mapper,0.03,18,True,True,success,success,True,True,True,True
N1_C_RETRO__M6A__unit_circle_S1__N1000__conventional__sigma_0.03__rep19,M6A__unit_circle_S1__N1000__conventional__sigma_0.03__rep19,unit_circle_S1,conventional,0.03,19,True,True,success,success,True,True,True,True
N1_C_RETRO__M6A__unit_circle_S1__N1000__f_mapper__sigma_0.03__rep19,M6A__unit_circle_S1__N1000__f_mapper__sigma_0.03__rep19,unit_circle_S1,f_mapper,0.03,19,True,True,success,success,True,True,True,True
N1_C_RETRO__M6A__unit_circle_S1__N1000__conventional__sigma_0.03__rep20,M6A__unit_circle_S1__N1000__conventional__sigma_0.03__rep20,unit_circle_S1,conventional,0.03,20,True,True,success,success,True,True,True,True
N1_C_RETRO__M6A__unit_circle_S1__N1000__f_mapper__sigma_0.03__rep20,M6A__unit_circle_S1__N1000__f_mapper__sigma_0.03__rep20,unit_circle_S1,f_mapper,0.03,20,True,True,success,success,True,True,True,True
N1_C_RETRO__M6A__unit_circle_S1__N1000__conventional__sigma_0.03__rep21,M6A__unit_circle_S1__N1000__conventional__sigma_0.03__rep21,unit_circle_S1,conventional,0.03,21,True,True,success,success,True,True,True,True
N1_C_RETRO__M6A__unit_circle_S1__N1000__f_mapper__sigma_0.03__rep21,M6A__unit_circle_S1__N1000__f_mapper__sigma_0.03__rep21,unit_circle_S1,f_mapper,0.03,21,True,True,success,success,True,True,True,True
N1_C_RETRO__M6A__unit_circle_S1__N1000__conventional__sigma_0.03__rep22,M6A__unit_circle_S1__N1000__conventional__sigma_0.03__rep22,unit_circle_S1,conventional,0.03,22,True,True,success,success,True,True,True,True
N1_C_RETRO__M6A__unit_circle_S1__N1000__f_mapper__sigma_0.03__rep22,M6A__unit_circle_S1__N1000__f_mapper__sigma_0.03__rep22,unit_circle_S1,f_mapper,0.03,22,True,True,success,success,True,True,True,True
N1_C_RETRO__M6A__unit_circle_S1__N1000__conventional__sigma_0.03__rep23,M6A__unit_circle_S1__N1000__conventional__sigma_0.03__rep23,unit_circle_S1,conventional,0.03,23,True,True,success,success,True,True,True,True
N1_C_RETRO__M6A__unit_circle_S1__N1000__f_mapper__sigma_0.03__rep23,M6A__unit_circle_S1__N1000__f_mapper__sigma_0.03__rep23,unit_circle_S1,f_mapper,0.03,23,True,True,success,success,True,True,True,True
N1_C_RETRO__M6A__unit_circle_S1__N1000__conventional__sigma_0.03__rep24,M6A__unit_circle_S1__N1000__conventional__sigma_0.03__rep24,unit_circle_S1,conventional,0.03,24,True,True,success,success,True,True,True,True
N1_C_RETRO__M6A__unit_circle_S1__N1000__f_mapper__sigma_0.03__rep24,M6A__unit_circle_S1__N1000__f_mapper__sigma_0.03__rep24,unit_circle_S1,f_mapper,0.03,24,True,True,success,success,True,True,True,True
N1_C_RETRO__M6A__unit_circle_S1__N1000__conventional__sigma_0.03__rep25,M6A__unit_circle_S1__N1000__conventional__sigma_0.03__rep25,unit_circle_S1,conventional,0.03,25,True,True,success,success,True,True,True,True
N1_C_RETRO__M6A__unit_circle_S1__N1000__f_mapper__sigma_0.03__rep25,M6A__unit_circle_S1__N1000__f_mapper__sigma_0.03__rep25,unit_circle_S1,f_mapper,0.03,25,True,True,success,success,True,True,True,True
N1_C_RETRO__M6A__unit_circle_S1__N1000__conventional__sigma_0.03__rep26,M6A__unit_circle_S1__N1000__conventional__sigma_0.03__rep26,unit_circle_S1,conventional,0.03,26,True,True,success,success,True,True,True,True
N1_C_RETRO__M6A__unit_circle_S1__N1000__f_mapper__sigma_0.03__rep26,M6A__unit_circle_S1__N1000__f_mapper__sigma_0.03__rep26,unit_circle_S1,f_mapper,0.03,26,True,True,success,success,True,True,True,True
N1_C_RETRO__M6A__unit_circle_S1__N1000__conventional__sigma_0.03__rep27,M6A__unit_circle_S1__N1000__conventional__sigma_0.03__rep27,unit_circle_S1,conventional,0.03,27,True,True,success,success,True,True,True,True
N1_C_RETRO__M6A__unit_circle_S1__N1000__f_mapper__sigma_0.03__rep27,M6A__unit_circle_S1__N1000__f_mapper__sigma_0.03__rep27,unit_circle_S1,f_mapper,0.03,27,True,True,success,success,True,True,True,True
N1_C_RETRO__M6A__unit_circle_S1__N1000__conventional__sigma_0.03__rep28,M6A__unit_circle_S1__N1000__conventional__sigma_0.03__rep28,unit_circle_S1,conventional,0.03,28,True,True,success,success,True,True,True,True
N1_C_RETRO__M6A__unit_circle_S1__N1000__f_mapper__sigma_0.03__rep28,M6A__unit_circle_S1__N1000__f_mapper__sigma_0.03__rep28,unit_circle_S1,f_mapper,0.03,28,True,True,success,success,True,True,True,True
N1_C_RETRO__M6A__unit_circle_S1__N1000__conventional__sigma_0.03__rep29,M6A__unit_circle_S1__N1000__conventional__sigma_0.03__rep29,unit_circle_S1,conventional,0.03,29,True,True,success,success,True,True,True,True
N1_C_RETRO__M6A__unit_circle_S1__N1000__f_mapper__sigma_0.03__rep29,M6A__unit_circle_S1__N1000__f_mapper__sigma_0.03__rep29,unit_circle_S1,f_mapper,0.03,29,True,True,success,success,True,True,True,True
N1_C_RETRO__M6A__unit_circle_S1__N1000__conventional__sigma_0.03__rep30,M6A__unit_circle_S1__N1000__conventional__sigma_0.03__rep30,unit_circle_S1,conventional,0.03,30,True,True,success,success,True,True,True,True
N1_C_RETRO__M6A__unit_circle_S1__N1000__f_mapper__sigma_0.03__rep30,M6A__unit_circle_S1__N1000__f_mapper__sigma_0.03__rep30,unit_circle_S1,f_mapper,0.03,30,True,True,success,success,True,True,True,True
N1_C_RETRO__M6A__unit_circle_S1__N1000__conventional__sigma_0.05__rep01,M6A__unit_circle_S1__N1000__conventional__sigma_0.05__rep01,unit_circle_S1,conventional,0.05,1,True,True,success,success,True,True,True,True
N1_C_RETRO__M6A__unit_circle_S1__N1000__f_mapper__sigma_0.05__rep01,M6A__unit_circle_S1__N1000__f_mapper__sigma_0.05__rep01,unit_circle_S1,f_mapper,0.05,1,True,True,success,success,True,True,True,True
N1_C_RETRO__M6A__unit_circle_S1__N1000__conventional__sigma_0.05__rep02,M6A__unit_circle_S1__N1000__conventional__sigma_0.05__rep02,unit_circle_S1,conventional,0.05,2,True,True,success,success,True,True,True,True
N1_C_RETRO__M6A__unit_circle_S1__N1000__f_mapper__sigma_0.05__rep02,M6A__unit_circle_S1__N1000__f_mapper__sigma_0.05__rep02,unit_circle_S1,f_mapper,0.05,2,True,True,fcm_non_convergence,fcm_non_convergence,True,N/A_failure,N/A_failure,N/A_failure
N1_C_RETRO__M6A__unit_circle_S1__N1000__conventional__sigma_0.05__rep03,M6A__unit_circle_S1__N1000__conventional__sigma_0.05__rep03,unit_circle_S1,conventional,0.05,3,True,True,success,success,True,True,True,True
N1_C_RETRO__M6A__unit_circle_S1__N1000__f_mapper__sigma_0.05__rep03,M6A__unit_circle_S1__N1000__f_mapper__sigma_0.05__rep03,unit_circle_S1,f_mapper,0.05,3,True,True,success,success,True,True,True,True
N1_C_RETRO__M6A__unit_circle_S1__N1000__conventional__sigma_0.05__rep04,M6A__unit_circle_S1__N1000__conventional__sigma_0.05__rep04,unit_circle_S1,conventional,0.05,4,True,True,success,success,True,True,True,True
N1_C_RETRO__M6A__unit_circle_S1__N1000__f_mapper__sigma_0.05__rep04,M6A__unit_circle_S1__N1000__f_mapper__sigma_0.05__rep04,unit_circle_S1,f_mapper,0.05,4,True,True,success,success,True,True,True,True
N1_C_RETRO__M6A__unit_circle_S1__N1000__conventional__sigma_0.05__rep05,M6A__unit_circle_S1__N1000__conventional__sigma_0.05__rep05,unit_circle_S1,conventional,0.05,5,True,True,success,success,True,True,True,True
N1_C_RETRO__M6A__unit_circle_S1__N1000__f_mapper__sigma_0.05__rep05,M6A__unit_circle_S1__N1000__f_mapper__sigma_0.05__rep05,unit_circle_S1,f_mapper,0.05,5,True,True,success,success,True,True,True,True
N1_C_RETRO__M6A__unit_circle_S1__N1000__conventional__sigma_0.05__rep06,M6A__unit_circle_S1__N1000__conventional__sigma_0.05__rep06,unit_circle_S1,conventional,0.05,6,True,True,success,success,True,True,True,True
N1_C_RETRO__M6A__unit_circle_S1__N1000__f_mapper__sigma_0.05__rep06,M6A__unit_circle_S1__N1000__f_mapper__sigma_0.05__rep06,unit_circle_S1,f_mapper,0.05,6,True,True,success,success,True,True,True,True
N1_C_RETRO__M6A__unit_circle_S1__N1000__conventional__sigma_0.05__rep07,M6A__unit_circle_S1__N1000__conventional__sigma_0.05__rep07,unit_circle_S1,conventional,0.05,7,True,True,success,success,True,True,True,True
N1_C_RETRO__M6A__unit_circle_S1__N1000__f_mapper__sigma_0.05__rep07,M6A__unit_circle_S1__N1000__f_mapper__sigma_0.05__rep07,unit_circle_S1,f_mapper,0.05,7,True,True,success,success,True,True,True,True
N1_C_RETRO__M6A__unit_circle_S1__N1000__conventional__sigma_0.05__rep08,M6A__unit_circle_S1__N1000__conventional__sigma_0.05__rep08,unit_circle_S1,conventional,0.05,8,True,True,success,success,True,True,True,True
N1_C_RETRO__M6A__unit_circle_S1__N1000__f_mapper__sigma_0.05__rep08,M6A__unit_circle_S1__N1000__f_mapper__sigma_0.05__rep08,unit_circle_S1,f_mapper,0.05,8,True,True,success,success,True,True,True,True
N1_C_RETRO__M6A__unit_circle_S1__N1000__conventional__sigma_0.05__rep09,M6A__unit_circle_S1__N1000__conventional__sigma_0.05__rep09,unit_circle_S1,conventional,0.05,9,True,True,success,success,True,True,True,True
N1_C_RETRO__M6A__unit_circle_S1__N1000__f_mapper__sigma_0.05__rep09,M6A__unit_circle_S1__N1000__f_mapper__sigma_0.05__rep09,unit_circle_S1,f_mapper,0.05,9,True,True,success,success,True,True,True,True
N1_C_RETRO__M6A__unit_circle_S1__N1000__conventional__sigma_0.05__rep10,M6A__unit_circle_S1__N1000__conventional__sigma_0.05__rep10,unit_circle_S1,conventional,0.05,10,True,True,success,success,True,True,True,True
N1_C_RETRO__M6A__unit_circle_S1__N1000__f_mapper__sigma_0.05__rep10,M6A__unit_circle_S1__N1000__f_mapper__sigma_0.05__rep10,unit_circle_S1,f_mapper,0.05,10,True,True,fcm_non_convergence,fcm_non_convergence,True,N/A_failure,N/A_failure,N/A_failure
N1_C_RETRO__M6A__unit_circle_S1__N1000__conventional__sigma_0.05__rep11,M6A__unit_circle_S1__N1000__conventional__sigma_0.05__rep11,unit_circle_S1,conventional,0.05,11,True,True,success,success,True,True,True,True
N1_C_RETRO__M6A__unit_circle_S1__N1000__f_mapper__sigma_0.05__rep11,M6A__unit_circle_S1__N1000__f_mapper__sigma_0.05__rep11,unit_circle_S1,f_mapper,0.05,11,True,True,success,success,True,True,True,True
N1_C_RETRO__M6A__unit_circle_S1__N1000__conventional__sigma_0.05__rep12,M6A__unit_circle_S1__N1000__conventional__sigma_0.05__rep12,unit_circle_S1,conventional,0.05,12,True,True,success,success,True,True,True,True
N1_C_RETRO__M6A__unit_circle_S1__N1000__f_mapper__sigma_0.05__rep12,M6A__unit_circle_S1__N1000__f_mapper__sigma_0.05__rep12,unit_circle_S1,f_mapper,0.05,12,True,True,success,success,True,True,True,True
N1_C_RETRO__M6A__unit_circle_S1__N1000__conventional__sigma_0.05__rep13,M6A__unit_circle_S1__N1000__conventional__sigma_0.05__rep13,unit_circle_S1,conventional,0.05,13,True,True,success,success,True,True,True,True
N1_C_RETRO__M6A__unit_circle_S1__N1000__f_mapper__sigma_0.05__rep13,M6A__unit_circle_S1__N1000__f_mapper__sigma_0.05__rep13,unit_circle_S1,f_mapper,0.05,13,True,True,success,success,True,True,True,True
N1_C_RETRO__M6A__unit_circle_S1__N1000__conventional__sigma_0.05__rep14,M6A__unit_circle_S1__N1000__conventional__sigma_0.05__rep14,unit_circle_S1,conventional,0.05,14,True,True,success,success,True,True,True,True
N1_C_RETRO__M6A__unit_circle_S1__N1000__f_mapper__sigma_0.05__rep14,M6A__unit_circle_S1__N1000__f_mapper__sigma_0.05__rep14,unit_circle_S1,f_mapper,0.05,14,True,True,success,success,True,True,True,True
N1_C_RETRO__M6A__unit_circle_S1__N1000__conventional__sigma_0.05__rep15,M6A__unit_circle_S1__N1000__conventional__sigma_0.05__rep15,unit_circle_S1,conventional,0.05,15,True,True,success,success,True,True,True,True
N1_C_RETRO__M6A__unit_circle_S1__N1000__f_mapper__sigma_0.05__rep15,M6A__unit_circle_S1__N1000__f_mapper__sigma_0.05__rep15,unit_circle_S1,f_mapper,0.05,15,True,True,fcm_non_convergence,fcm_non_convergence,True,N/A_failure,N/A_failure,N/A_failure
N1_C_RETRO__M6A__unit_circle_S1__N1000__conventional__sigma_0.05__rep16,M6A__unit_circle_S1__N1000__conventional__sigma_0.05__rep16,unit_circle_S1,conventional,0.05,16,True,True,success,success,True,True,True,True
N1_C_RETRO__M6A__unit_circle_S1__N1000__f_mapper__sigma_0.05__rep16,M6A__unit_circle_S1__N1000__f_mapper__sigma_0.05__rep16,unit_circle_S1,f_mapper,0.05,16,True,True,success,success,True,True,True,True
N1_C_RETRO__M6A__unit_circle_S1__N1000__conventional__sigma_0.05__rep17,M6A__unit_circle_S1__N1000__conventional__sigma_0.05__rep17,unit_circle_S1,conventional,0.05,17,True,True,success,success,True,True,True,True
N1_C_RETRO__M6A__unit_circle_S1__N1000__f_mapper__sigma_0.05__rep17,M6A__unit_circle_S1__N1000__f_mapper__sigma_0.05__rep17,unit_circle_S1,f_mapper,0.05,17,True,True,success,success,True,True,True,True
N1_C_RETRO__M6A__unit_circle_S1__N1000__conventional__sigma_0.05__rep18,M6A__unit_circle_S1__N1000__conventional__sigma_0.05__rep18,unit_circle_S1,conventional,0.05,18,True,True,success,success,True,True,True,True
N1_C_RETRO__M6A__unit_circle_S1__N1000__f_mapper__sigma_0.05__rep18,M6A__unit_circle_S1__N1000__f_mapper__sigma_0.05__rep18,unit_circle_S1,f_mapper,0.05,18,True,True,fcm_non_convergence,fcm_non_convergence,True,N/A_failure,N/A_failure,N/A_failure
N1_C_RETRO__M6A__unit_circle_S1__N1000__conventional__sigma_0.05__rep19,M6A__unit_circle_S1__N1000__conventional__sigma_0.05__rep19,unit_circle_S1,conventional,0.05,19,True,True,success,success,True,True,True,True
N1_C_RETRO__M6A__unit_circle_S1__N1000__f_mapper__sigma_0.05__rep19,M6A__unit_circle_S1__N1000__f_mapper__sigma_0.05__rep19,unit_circle_S1,f_mapper,0.05,19,True,True,success,success,True,True,True,True
N1_C_RETRO__M6A__unit_circle_S1__N1000__conventional__sigma_0.05__rep20,M6A__unit_circle_S1__N1000__conventional__sigma_0.05__rep20,unit_circle_S1,conventional,0.05,20,True,True,success,success,True,True,True,True
N1_C_RETRO__M6A__unit_circle_S1__N1000__f_mapper__sigma_0.05__rep20,M6A__unit_circle_S1__N1000__f_mapper__sigma_0.05__rep20,unit_circle_S1,f_mapper,0.05,20,True,True,fcm_non_convergence,fcm_non_convergence,True,N/A_failure,N/A_failure,N/A_failure
N1_C_RETRO__M6A__unit_circle_S1__N1000__conventional__sigma_0.05__rep21,M6A__unit_circle_S1__N1000__conventional__sigma_0.05__rep21,unit_circle_S1,conventional,0.05,21,True,True,success,success,True,True,True,True
N1_C_RETRO__M6A__unit_circle_S1__N1000__f_mapper__sigma_0.05__rep21,M6A__unit_circle_S1__N1000__f_mapper__sigma_0.05__rep21,unit_circle_S1,f_mapper,0.05,21,True,True,success,success,True,True,True,True
N1_C_RETRO__M6A__unit_circle_S1__N1000__conventional__sigma_0.05__rep22,M6A__unit_circle_S1__N1000__conventional__sigma_0.05__rep22,unit_circle_S1,conventional,0.05,22,True,True,success,success,True,True,True,True
N1_C_RETRO__M6A__unit_circle_S1__N1000__f_mapper__sigma_0.05__rep22,M6A__unit_circle_S1__N1000__f_mapper__sigma_0.05__rep22,unit_circle_S1,f_mapper,0.05,22,True,True,success,success,True,True,True,True
N1_C_RETRO__M6A__unit_circle_S1__N1000__conventional__sigma_0.05__rep23,M6A__unit_circle_S1__N1000__conventional__sigma_0.05__rep23,unit_circle_S1,conventional,0.05,23,True,True,success,success,True,True,True,True
N1_C_RETRO__M6A__unit_circle_S1__N1000__f_mapper__sigma_0.05__rep23,M6A__unit_circle_S1__N1000__f_mapper__sigma_0.05__rep23,unit_circle_S1,f_mapper,0.05,23,True,True,success,success,True,True,True,True
N1_C_RETRO__M6A__unit_circle_S1__N1000__conventional__sigma_0.05__rep24,M6A__unit_circle_S1__N1000__conventional__sigma_0.05__rep24,unit_circle_S1,conventional,0.05,24,True,True,success,success,True,True,True,True
N1_C_RETRO__M6A__unit_circle_S1__N1000__f_mapper__sigma_0.05__rep24,M6A__unit_circle_S1__N1000__f_mapper__sigma_0.05__rep24,unit_circle_S1,f_mapper,0.05,24,True,True,success,success,True,True,True,True
N1_C_RETRO__M6A__unit_circle_S1__N1000__conventional__sigma_0.05__rep25,M6A__unit_circle_S1__N1000__conventional__sigma_0.05__rep25,unit_circle_S1,conventional,0.05,25,True,True,success,success,True,True,True,True
N1_C_RETRO__M6A__unit_circle_S1__N1000__f_mapper__sigma_0.05__rep25,M6A__unit_circle_S1__N1000__f_mapper__sigma_0.05__rep25,unit_circle_S1,f_mapper,0.05,25,True,True,success,success,True,True,True,True
N1_C_RETRO__M6A__unit_circle_S1__N1000__conventional__sigma_0.05__rep26,M6A__unit_circle_S1__N1000__conventional__sigma_0.05__rep26,unit_circle_S1,conventional,0.05,26,True,True,success,success,True,True,True,True
N1_C_RETRO__M6A__unit_circle_S1__N1000__f_mapper__sigma_0.05__rep26,M6A__unit_circle_S1__N1000__f_mapper__sigma_0.05__rep26,unit_circle_S1,f_mapper,0.05,26,True,True,success,success,True,True,True,True
N1_C_RETRO__M6A__unit_circle_S1__N1000__conventional__sigma_0.05__rep27,M6A__unit_circle_S1__N1000__conventional__sigma_0.05__rep27,unit_circle_S1,conventional,0.05,27,True,True,success,success,True,True,True,True
N1_C_RETRO__M6A__unit_circle_S1__N1000__f_mapper__sigma_0.05__rep27,M6A__unit_circle_S1__N1000__f_mapper__sigma_0.05__rep27,unit_circle_S1,f_mapper,0.05,27,True,True,success,success,True,True,True,True
N1_C_RETRO__M6A__unit_circle_S1__N1000__conventional__sigma_0.05__rep28,M6A__unit_circle_S1__N1000__conventional__sigma_0.05__rep28,unit_circle_S1,conventional,0.05,28,True,True,success,success,True,True,True,True
N1_C_RETRO__M6A__unit_circle_S1__N1000__f_mapper__sigma_0.05__rep28,M6A__unit_circle_S1__N1000__f_mapper__sigma_0.05__rep28,unit_circle_S1,f_mapper,0.05,28,True,True,success,success,True,True,True,True
N1_C_RETRO__M6A__unit_circle_S1__N1000__conventional__sigma_0.05__rep29,M6A__unit_circle_S1__N1000__conventional__sigma_0.05__rep29,unit_circle_S1,conventional,0.05,29,True,True,success,success,True,True,True,True
N1_C_RETRO__M6A__unit_circle_S1__N1000__f_mapper__sigma_0.05__rep29,M6A__unit_circle_S1__N1000__f_mapper__sigma_0.05__rep29,unit_circle_S1,f_mapper,0.05,29,True,True,success,success,True,True,True,True
N1_C_RETRO__M6A__unit_circle_S1__N1000__conventional__sigma_0.05__rep30,M6A__unit_circle_S1__N1000__conventional__sigma_0.05__rep30,unit_circle_S1,conventional,0.05,30,True,True,success,success,True,True,True,True
N1_C_RETRO__M6A__unit_circle_S1__N1000__f_mapper__sigma_0.05__rep30,M6A__unit_circle_S1__N1000__f_mapper__sigma_0.05__rep30,unit_circle_S1,f_mapper,0.05,30,True,True,success,success,True,True,True,True
N1_C_RETRO__M6A__unit_circle_S1__N1000__conventional__sigma_0.08__rep01,M6A__unit_circle_S1__N1000__conventional__sigma_0.08__rep01,unit_circle_S1,conventional,0.08,1,True,True,success,success,True,True,True,True
N1_C_RETRO__M6A__unit_circle_S1__N1000__f_mapper__sigma_0.08__rep01,M6A__unit_circle_S1__N1000__f_mapper__sigma_0.08__rep01,unit_circle_S1,f_mapper,0.08,1,True,True,success,success,True,True,True,True
N1_C_RETRO__M6A__unit_circle_S1__N1000__conventional__sigma_0.08__rep02,M6A__unit_circle_S1__N1000__conventional__sigma_0.08__rep02,unit_circle_S1,conventional,0.08,2,True,True,success,success,True,True,True,True
N1_C_RETRO__M6A__unit_circle_S1__N1000__f_mapper__sigma_0.08__rep02,M6A__unit_circle_S1__N1000__f_mapper__sigma_0.08__rep02,unit_circle_S1,f_mapper,0.08,2,True,True,success,success,True,True,True,True
N1_C_RETRO__M6A__unit_circle_S1__N1000__conventional__sigma_0.08__rep03,M6A__unit_circle_S1__N1000__conventional__sigma_0.08__rep03,unit_circle_S1,conventional,0.08,3,True,True,success,success,True,True,True,True
N1_C_RETRO__M6A__unit_circle_S1__N1000__f_mapper__sigma_0.08__rep03,M6A__unit_circle_S1__N1000__f_mapper__sigma_0.08__rep03,unit_circle_S1,f_mapper,0.08,3,True,True,success,success,True,True,True,True
N1_C_RETRO__M6A__unit_circle_S1__N1000__conventional__sigma_0.08__rep04,M6A__unit_circle_S1__N1000__conventional__sigma_0.08__rep04,unit_circle_S1,conventional,0.08,4,True,True,success,success,True,True,True,True
N1_C_RETRO__M6A__unit_circle_S1__N1000__f_mapper__sigma_0.08__rep04,M6A__unit_circle_S1__N1000__f_mapper__sigma_0.08__rep04,unit_circle_S1,f_mapper,0.08,4,True,True,success,success,True,True,True,True
N1_C_RETRO__M6A__unit_circle_S1__N1000__conventional__sigma_0.08__rep05,M6A__unit_circle_S1__N1000__conventional__sigma_0.08__rep05,unit_circle_S1,conventional,0.08,5,True,True,success,success,True,True,True,True
N1_C_RETRO__M6A__unit_circle_S1__N1000__f_mapper__sigma_0.08__rep05,M6A__unit_circle_S1__N1000__f_mapper__sigma_0.08__rep05,unit_circle_S1,f_mapper,0.08,5,True,True,success,success,True,True,True,True
N1_C_RETRO__M6A__unit_circle_S1__N1000__conventional__sigma_0.08__rep06,M6A__unit_circle_S1__N1000__conventional__sigma_0.08__rep06,unit_circle_S1,conventional,0.08,6,True,True,success,success,True,True,True,True
N1_C_RETRO__M6A__unit_circle_S1__N1000__f_mapper__sigma_0.08__rep06,M6A__unit_circle_S1__N1000__f_mapper__sigma_0.08__rep06,unit_circle_S1,f_mapper,0.08,6,True,True,fcm_non_convergence,fcm_non_convergence,True,N/A_failure,N/A_failure,N/A_failure
N1_C_RETRO__M6A__unit_circle_S1__N1000__conventional__sigma_0.08__rep07,M6A__unit_circle_S1__N1000__conventional__sigma_0.08__rep07,unit_circle_S1,conventional,0.08,7,True,True,success,success,True,True,True,True
N1_C_RETRO__M6A__unit_circle_S1__N1000__f_mapper__sigma_0.08__rep07,M6A__unit_circle_S1__N1000__f_mapper__sigma_0.08__rep07,unit_circle_S1,f_mapper,0.08,7,True,True,success,success,True,True,True,True
N1_C_RETRO__M6A__unit_circle_S1__N1000__conventional__sigma_0.08__rep08,M6A__unit_circle_S1__N1000__conventional__sigma_0.08__rep08,unit_circle_S1,conventional,0.08,8,True,True,success,success,True,True,True,True
N1_C_RETRO__M6A__unit_circle_S1__N1000__f_mapper__sigma_0.08__rep08,M6A__unit_circle_S1__N1000__f_mapper__sigma_0.08__rep08,unit_circle_S1,f_mapper,0.08,8,True,True,success,success,True,True,True,True
N1_C_RETRO__M6A__unit_circle_S1__N1000__conventional__sigma_0.08__rep09,M6A__unit_circle_S1__N1000__conventional__sigma_0.08__rep09,unit_circle_S1,conventional,0.08,9,True,True,success,success,True,True,True,True
N1_C_RETRO__M6A__unit_circle_S1__N1000__f_mapper__sigma_0.08__rep09,M6A__unit_circle_S1__N1000__f_mapper__sigma_0.08__rep09,unit_circle_S1,f_mapper,0.08,9,True,True,success,success,True,True,True,True
N1_C_RETRO__M6A__unit_circle_S1__N1000__conventional__sigma_0.08__rep10,M6A__unit_circle_S1__N1000__conventional__sigma_0.08__rep10,unit_circle_S1,conventional,0.08,10,True,True,success,success,True,True,True,True
N1_C_RETRO__M6A__unit_circle_S1__N1000__f_mapper__sigma_0.08__rep10,M6A__unit_circle_S1__N1000__f_mapper__sigma_0.08__rep10,unit_circle_S1,f_mapper,0.08,10,True,True,fcm_non_convergence,fcm_non_convergence,True,N/A_failure,N/A_failure,N/A_failure
N1_C_RETRO__M6A__unit_circle_S1__N1000__conventional__sigma_0.08__rep11,M6A__unit_circle_S1__N1000__conventional__sigma_0.08__rep11,unit_circle_S1,conventional,0.08,11,True,True,success,success,True,True,True,True
N1_C_RETRO__M6A__unit_circle_S1__N1000__f_mapper__sigma_0.08__rep11,M6A__unit_circle_S1__N1000__f_mapper__sigma_0.08__rep11,unit_circle_S1,f_mapper,0.08,11,True,True,fcm_non_convergence,fcm_non_convergence,True,N/A_failure,N/A_failure,N/A_failure
N1_C_RETRO__M6A__unit_circle_S1__N1000__conventional__sigma_0.08__rep12,M6A__unit_circle_S1__N1000__conventional__sigma_0.08__rep12,unit_circle_S1,conventional,0.08,12,True,True,success,success,True,True,True,True
N1_C_RETRO__M6A__unit_circle_S1__N1000__f_mapper__sigma_0.08__rep12,M6A__unit_circle_S1__N1000__f_mapper__sigma_0.08__rep12,unit_circle_S1,f_mapper,0.08,12,True,True,success,success,True,True,True,True
N1_C_RETRO__M6A__unit_circle_S1__N1000__conventional__sigma_0.08__rep13,M6A__unit_circle_S1__N1000__conventional__sigma_0.08__rep13,unit_circle_S1,conventional,0.08,13,True,True,success,success,True,True,True,True
N1_C_RETRO__M6A__unit_circle_S1__N1000__f_mapper__sigma_0.08__rep13,M6A__unit_circle_S1__N1000__f_mapper__sigma_0.08__rep13,unit_circle_S1,f_mapper,0.08,13,True,True,success,success,True,True,True,True
N1_C_RETRO__M6A__unit_circle_S1__N1000__conventional__sigma_0.08__rep14,M6A__unit_circle_S1__N1000__conventional__sigma_0.08__rep14,unit_circle_S1,conventional,0.08,14,True,True,success,success,True,True,True,True
N1_C_RETRO__M6A__unit_circle_S1__N1000__f_mapper__sigma_0.08__rep14,M6A__unit_circle_S1__N1000__f_mapper__sigma_0.08__rep14,unit_circle_S1,f_mapper,0.08,14,True,True,success,success,True,True,True,True
N1_C_RETRO__M6A__unit_circle_S1__N1000__conventional__sigma_0.08__rep15,M6A__unit_circle_S1__N1000__conventional__sigma_0.08__rep15,unit_circle_S1,conventional,0.08,15,True,True,success,success,True,True,True,True
N1_C_RETRO__M6A__unit_circle_S1__N1000__f_mapper__sigma_0.08__rep15,M6A__unit_circle_S1__N1000__f_mapper__sigma_0.08__rep15,unit_circle_S1,f_mapper,0.08,15,True,True,success,success,True,True,True,True
N1_C_RETRO__M6A__unit_circle_S1__N1000__conventional__sigma_0.08__rep16,M6A__unit_circle_S1__N1000__conventional__sigma_0.08__rep16,unit_circle_S1,conventional,0.08,16,True,True,success,success,True,True,True,True
N1_C_RETRO__M6A__unit_circle_S1__N1000__f_mapper__sigma_0.08__rep16,M6A__unit_circle_S1__N1000__f_mapper__sigma_0.08__rep16,unit_circle_S1,f_mapper,0.08,16,True,True,fcm_non_convergence,fcm_non_convergence,True,N/A_failure,N/A_failure,N/A_failure
N1_C_RETRO__M6A__unit_circle_S1__N1000__conventional__sigma_0.08__rep17,M6A__unit_circle_S1__N1000__conventional__sigma_0.08__rep17,unit_circle_S1,conventional,0.08,17,True,True,success,success,True,True,True,True
N1_C_RETRO__M6A__unit_circle_S1__N1000__f_mapper__sigma_0.08__rep17,M6A__unit_circle_S1__N1000__f_mapper__sigma_0.08__rep17,unit_circle_S1,f_mapper,0.08,17,True,True,success,success,True,True,True,True
N1_C_RETRO__M6A__unit_circle_S1__N1000__conventional__sigma_0.08__rep18,M6A__unit_circle_S1__N1000__conventional__sigma_0.08__rep18,unit_circle_S1,conventional,0.08,18,True,True,success,success,True,True,True,True
N1_C_RETRO__M6A__unit_circle_S1__N1000__f_mapper__sigma_0.08__rep18,M6A__unit_circle_S1__N1000__f_mapper__sigma_0.08__rep18,unit_circle_S1,f_mapper,0.08,18,True,True,success,success,True,True,True,True
N1_C_RETRO__M6A__unit_circle_S1__N1000__conventional__sigma_0.08__rep19,M6A__unit_circle_S1__N1000__conventional__sigma_0.08__rep19,unit_circle_S1,conventional,0.08,19,True,True,success,success,True,True,True,True
N1_C_RETRO__M6A__unit_circle_S1__N1000__f_mapper__sigma_0.08__rep19,M6A__unit_circle_S1__N1000__f_mapper__sigma_0.08__rep19,unit_circle_S1,f_mapper,0.08,19,True,True,success,success,True,True,True,True
N1_C_RETRO__M6A__unit_circle_S1__N1000__conventional__sigma_0.08__rep20,M6A__unit_circle_S1__N1000__conventional__sigma_0.08__rep20,unit_circle_S1,conventional,0.08,20,True,True,success,success,True,True,True,True
N1_C_RETRO__M6A__unit_circle_S1__N1000__f_mapper__sigma_0.08__rep20,M6A__unit_circle_S1__N1000__f_mapper__sigma_0.08__rep20,unit_circle_S1,f_mapper,0.08,20,True,True,success,success,True,True,True,True
N1_C_RETRO__M6A__unit_circle_S1__N1000__conventional__sigma_0.08__rep21,M6A__unit_circle_S1__N1000__conventional__sigma_0.08__rep21,unit_circle_S1,conventional,0.08,21,True,True,success,success,True,True,True,True
N1_C_RETRO__M6A__unit_circle_S1__N1000__f_mapper__sigma_0.08__rep21,M6A__unit_circle_S1__N1000__f_mapper__sigma_0.08__rep21,unit_circle_S1,f_mapper,0.08,21,True,True,success,success,True,True,True,True
N1_C_RETRO__M6A__unit_circle_S1__N1000__conventional__sigma_0.08__rep22,M6A__unit_circle_S1__N1000__conventional__sigma_0.08__rep22,unit_circle_S1,conventional,0.08,22,True,True,success,success,True,True,True,True
N1_C_RETRO__M6A__unit_circle_S1__N1000__f_mapper__sigma_0.08__rep22,M6A__unit_circle_S1__N1000__f_mapper__sigma_0.08__rep22,unit_circle_S1,f_mapper,0.08,22,True,True,success,success,True,True,True,True
N1_C_RETRO__M6A__unit_circle_S1__N1000__conventional__sigma_0.08__rep23,M6A__unit_circle_S1__N1000__conventional__sigma_0.08__rep23,unit_circle_S1,conventional,0.08,23,True,True,success,success,True,True,True,True
N1_C_RETRO__M6A__unit_circle_S1__N1000__f_mapper__sigma_0.08__rep23,M6A__unit_circle_S1__N1000__f_mapper__sigma_0.08__rep23,unit_circle_S1,f_mapper,0.08,23,True,True,success,success,True,True,True,True
N1_C_RETRO__M6A__unit_circle_S1__N1000__conventional__sigma_0.08__rep24,M6A__unit_circle_S1__N1000__conventional__sigma_0.08__rep24,unit_circle_S1,conventional,0.08,24,True,True,success,success,True,True,True,True
N1_C_RETRO__M6A__unit_circle_S1__N1000__f_mapper__sigma_0.08__rep24,M6A__unit_circle_S1__N1000__f_mapper__sigma_0.08__rep24,unit_circle_S1,f_mapper,0.08,24,True,True,fcm_non_convergence,fcm_non_convergence,True,N/A_failure,N/A_failure,N/A_failure
N1_C_RETRO__M6A__unit_circle_S1__N1000__conventional__sigma_0.08__rep25,M6A__unit_circle_S1__N1000__conventional__sigma_0.08__rep25,unit_circle_S1,conventional,0.08,25,True,True,success,success,True,True,True,True
N1_C_RETRO__M6A__unit_circle_S1__N1000__f_mapper__sigma_0.08__rep25,M6A__unit_circle_S1__N1000__f_mapper__sigma_0.08__rep25,unit_circle_S1,f_mapper,0.08,25,True,True,fcm_non_convergence,fcm_non_convergence,True,N/A_failure,N/A_failure,N/A_failure
N1_C_RETRO__M6A__unit_circle_S1__N1000__conventional__sigma_0.08__rep26,M6A__unit_circle_S1__N1000__conventional__sigma_0.08__rep26,unit_circle_S1,conventional,0.08,26,True,True,success,success,True,True,True,True
N1_C_RETRO__M6A__unit_circle_S1__N1000__f_mapper__sigma_0.08__rep26,M6A__unit_circle_S1__N1000__f_mapper__sigma_0.08__rep26,unit_circle_S1,f_mapper,0.08,26,True,True,success,success,True,True,True,True
N1_C_RETRO__M6A__unit_circle_S1__N1000__conventional__sigma_0.08__rep27,M6A__unit_circle_S1__N1000__conventional__sigma_0.08__rep27,unit_circle_S1,conventional,0.08,27,True,True,success,success,True,True,True,True
N1_C_RETRO__M6A__unit_circle_S1__N1000__f_mapper__sigma_0.08__rep27,M6A__unit_circle_S1__N1000__f_mapper__sigma_0.08__rep27,unit_circle_S1,f_mapper,0.08,27,True,True,success,success,True,True,True,True
N1_C_RETRO__M6A__unit_circle_S1__N1000__conventional__sigma_0.08__rep28,M6A__unit_circle_S1__N1000__conventional__sigma_0.08__rep28,unit_circle_S1,conventional,0.08,28,True,True,success,success,True,True,True,True
N1_C_RETRO__M6A__unit_circle_S1__N1000__f_mapper__sigma_0.08__rep28,M6A__unit_circle_S1__N1000__f_mapper__sigma_0.08__rep28,unit_circle_S1,f_mapper,0.08,28,True,True,success,success,True,True,True,True
N1_C_RETRO__M6A__unit_circle_S1__N1000__conventional__sigma_0.08__rep29,M6A__unit_circle_S1__N1000__conventional__sigma_0.08__rep29,unit_circle_S1,conventional,0.08,29,True,True,success,success,True,True,True,True
N1_C_RETRO__M6A__unit_circle_S1__N1000__f_mapper__sigma_0.08__rep29,M6A__unit_circle_S1__N1000__f_mapper__sigma_0.08__rep29,unit_circle_S1,f_mapper,0.08,29,True,True,success,success,True,True,True,True
N1_C_RETRO__M6A__unit_circle_S1__N1000__conventional__sigma_0.08__rep30,M6A__unit_circle_S1__N1000__conventional__sigma_0.08__rep30,unit_circle_S1,conventional,0.08,30,True,True,success,success,True,True,True,True
N1_C_RETRO__M6A__unit_circle_S1__N1000__f_mapper__sigma_0.08__rep30,M6A__unit_circle_S1__N1000__f_mapper__sigma_0.08__rep30,unit_circle_S1,f_mapper,0.08,30,True,True,success,success,True,True,True,True
N1_C_RETRO__M6A__unit_circle_S1__N1000__conventional__sigma_0.10__rep01,M6A__unit_circle_S1__N1000__conventional__sigma_0.10__rep01,unit_circle_S1,conventional,0.1,1,True,True,success,success,True,True,True,True
N1_C_RETRO__M6A__unit_circle_S1__N1000__f_mapper__sigma_0.10__rep01,M6A__unit_circle_S1__N1000__f_mapper__sigma_0.10__rep01,unit_circle_S1,f_mapper,0.1,1,True,True,success,success,True,True,True,True
N1_C_RETRO__M6A__unit_circle_S1__N1000__conventional__sigma_0.10__rep02,M6A__unit_circle_S1__N1000__conventional__sigma_0.10__rep02,unit_circle_S1,conventional,0.1,2,True,True,success,success,True,True,True,True
N1_C_RETRO__M6A__unit_circle_S1__N1000__f_mapper__sigma_0.10__rep02,M6A__unit_circle_S1__N1000__f_mapper__sigma_0.10__rep02,unit_circle_S1,f_mapper,0.1,2,True,True,success,success,True,True,True,True
N1_C_RETRO__M6A__unit_circle_S1__N1000__conventional__sigma_0.10__rep03,M6A__unit_circle_S1__N1000__conventional__sigma_0.10__rep03,unit_circle_S1,conventional,0.1,3,True,True,success,success,True,True,True,True
N1_C_RETRO__M6A__unit_circle_S1__N1000__f_mapper__sigma_0.10__rep03,M6A__unit_circle_S1__N1000__f_mapper__sigma_0.10__rep03,unit_circle_S1,f_mapper,0.1,3,True,True,success,success,True,True,True,True
N1_C_RETRO__M6A__unit_circle_S1__N1000__conventional__sigma_0.10__rep04,M6A__unit_circle_S1__N1000__conventional__sigma_0.10__rep04,unit_circle_S1,conventional,0.1,4,True,True,success,success,True,True,True,True
N1_C_RETRO__M6A__unit_circle_S1__N1000__f_mapper__sigma_0.10__rep04,M6A__unit_circle_S1__N1000__f_mapper__sigma_0.10__rep04,unit_circle_S1,f_mapper,0.1,4,True,True,success,success,True,True,True,True
N1_C_RETRO__M6A__unit_circle_S1__N1000__conventional__sigma_0.10__rep05,M6A__unit_circle_S1__N1000__conventional__sigma_0.10__rep05,unit_circle_S1,conventional,0.1,5,True,True,success,success,True,True,True,True
N1_C_RETRO__M6A__unit_circle_S1__N1000__f_mapper__sigma_0.10__rep05,M6A__unit_circle_S1__N1000__f_mapper__sigma_0.10__rep05,unit_circle_S1,f_mapper,0.1,5,True,True,success,success,True,True,True,True
N1_C_RETRO__M6A__unit_circle_S1__N1000__conventional__sigma_0.10__rep06,M6A__unit_circle_S1__N1000__conventional__sigma_0.10__rep06,unit_circle_S1,conventional,0.1,6,True,True,success,success,True,True,True,True
N1_C_RETRO__M6A__unit_circle_S1__N1000__f_mapper__sigma_0.10__rep06,M6A__unit_circle_S1__N1000__f_mapper__sigma_0.10__rep06,unit_circle_S1,f_mapper,0.1,6,True,True,fcm_non_convergence,fcm_non_convergence,True,N/A_failure,N/A_failure,N/A_failure
N1_C_RETRO__M6A__unit_circle_S1__N1000__conventional__sigma_0.10__rep07,M6A__unit_circle_S1__N1000__conventional__sigma_0.10__rep07,unit_circle_S1,conventional,0.1,7,True,True,success,success,True,True,True,True
N1_C_RETRO__M6A__unit_circle_S1__N1000__f_mapper__sigma_0.10__rep07,M6A__unit_circle_S1__N1000__f_mapper__sigma_0.10__rep07,unit_circle_S1,f_mapper,0.1,7,True,True,success,success,True,True,True,True
N1_C_RETRO__M6A__unit_circle_S1__N1000__conventional__sigma_0.10__rep08,M6A__unit_circle_S1__N1000__conventional__sigma_0.10__rep08,unit_circle_S1,conventional,0.1,8,True,True,success,success,True,True,True,True
N1_C_RETRO__M6A__unit_circle_S1__N1000__f_mapper__sigma_0.10__rep08,M6A__unit_circle_S1__N1000__f_mapper__sigma_0.10__rep08,unit_circle_S1,f_mapper,0.1,8,True,True,fcm_non_convergence,fcm_non_convergence,True,N/A_failure,N/A_failure,N/A_failure
N1_C_RETRO__M6A__unit_circle_S1__N1000__conventional__sigma_0.10__rep09,M6A__unit_circle_S1__N1000__conventional__sigma_0.10__rep09,unit_circle_S1,conventional,0.1,9,True,True,success,success,True,True,True,True
N1_C_RETRO__M6A__unit_circle_S1__N1000__f_mapper__sigma_0.10__rep09,M6A__unit_circle_S1__N1000__f_mapper__sigma_0.10__rep09,unit_circle_S1,f_mapper,0.1,9,True,True,fcm_non_convergence,fcm_non_convergence,True,N/A_failure,N/A_failure,N/A_failure
N1_C_RETRO__M6A__unit_circle_S1__N1000__conventional__sigma_0.10__rep10,M6A__unit_circle_S1__N1000__conventional__sigma_0.10__rep10,unit_circle_S1,conventional,0.1,10,True,True,success,success,True,True,True,True
N1_C_RETRO__M6A__unit_circle_S1__N1000__f_mapper__sigma_0.10__rep10,M6A__unit_circle_S1__N1000__f_mapper__sigma_0.10__rep10,unit_circle_S1,f_mapper,0.1,10,True,True,fcm_non_convergence,fcm_non_convergence,True,N/A_failure,N/A_failure,N/A_failure
N1_C_RETRO__M6A__unit_circle_S1__N1000__conventional__sigma_0.10__rep11,M6A__unit_circle_S1__N1000__conventional__sigma_0.10__rep11,unit_circle_S1,conventional,0.1,11,True,True,success,success,True,True,True,True
N1_C_RETRO__M6A__unit_circle_S1__N1000__f_mapper__sigma_0.10__rep11,M6A__unit_circle_S1__N1000__f_mapper__sigma_0.10__rep11,unit_circle_S1,f_mapper,0.1,11,True,True,success,success,True,True,True,True
N1_C_RETRO__M6A__unit_circle_S1__N1000__conventional__sigma_0.10__rep12,M6A__unit_circle_S1__N1000__conventional__sigma_0.10__rep12,unit_circle_S1,conventional,0.1,12,True,True,success,success,True,True,True,True
N1_C_RETRO__M6A__unit_circle_S1__N1000__f_mapper__sigma_0.10__rep12,M6A__unit_circle_S1__N1000__f_mapper__sigma_0.10__rep12,unit_circle_S1,f_mapper,0.1,12,True,True,success,success,True,True,True,True
N1_C_RETRO__M6A__unit_circle_S1__N1000__conventional__sigma_0.10__rep13,M6A__unit_circle_S1__N1000__conventional__sigma_0.10__rep13,unit_circle_S1,conventional,0.1,13,True,True,success,success,True,True,True,True
N1_C_RETRO__M6A__unit_circle_S1__N1000__f_mapper__sigma_0.10__rep13,M6A__unit_circle_S1__N1000__f_mapper__sigma_0.10__rep13,unit_circle_S1,f_mapper,0.1,13,True,True,success,success,True,True,True,True
N1_C_RETRO__M6A__unit_circle_S1__N1000__conventional__sigma_0.10__rep14,M6A__unit_circle_S1__N1000__conventional__sigma_0.10__rep14,unit_circle_S1,conventional,0.1,14,True,True,success,success,True,True,True,True
N1_C_RETRO__M6A__unit_circle_S1__N1000__f_mapper__sigma_0.10__rep14,M6A__unit_circle_S1__N1000__f_mapper__sigma_0.10__rep14,unit_circle_S1,f_mapper,0.1,14,True,True,success,success,True,True,True,True
N1_C_RETRO__M6A__unit_circle_S1__N1000__conventional__sigma_0.10__rep15,M6A__unit_circle_S1__N1000__conventional__sigma_0.10__rep15,unit_circle_S1,conventional,0.1,15,True,True,success,success,True,True,True,True
N1_C_RETRO__M6A__unit_circle_S1__N1000__f_mapper__sigma_0.10__rep15,M6A__unit_circle_S1__N1000__f_mapper__sigma_0.10__rep15,unit_circle_S1,f_mapper,0.1,15,True,True,fcm_non_convergence,fcm_non_convergence,True,N/A_failure,N/A_failure,N/A_failure
N1_C_RETRO__M6A__unit_circle_S1__N1000__conventional__sigma_0.10__rep16,M6A__unit_circle_S1__N1000__conventional__sigma_0.10__rep16,unit_circle_S1,conventional,0.1,16,True,True,success,success,True,True,True,True
N1_C_RETRO__M6A__unit_circle_S1__N1000__f_mapper__sigma_0.10__rep16,M6A__unit_circle_S1__N1000__f_mapper__sigma_0.10__rep16,unit_circle_S1,f_mapper,0.1,16,True,True,success,success,True,True,True,True
N1_C_RETRO__M6A__unit_circle_S1__N1000__conventional__sigma_0.10__rep17,M6A__unit_circle_S1__N1000__conventional__sigma_0.10__rep17,unit_circle_S1,conventional,0.1,17,True,True,success,success,True,True,True,True
N1_C_RETRO__M6A__unit_circle_S1__N1000__f_mapper__sigma_0.10__rep17,M6A__unit_circle_S1__N1000__f_mapper__sigma_0.10__rep17,unit_circle_S1,f_mapper,0.1,17,True,True,fcm_non_convergence,fcm_non_convergence,True,N/A_failure,N/A_failure,N/A_failure
N1_C_RETRO__M6A__unit_circle_S1__N1000__conventional__sigma_0.10__rep18,M6A__unit_circle_S1__N1000__conventional__sigma_0.10__rep18,unit_circle_S1,conventional,0.1,18,True,True,success,success,True,True,True,True
N1_C_RETRO__M6A__unit_circle_S1__N1000__f_mapper__sigma_0.10__rep18,M6A__unit_circle_S1__N1000__f_mapper__sigma_0.10__rep18,unit_circle_S1,f_mapper,0.1,18,True,True,success,success,True,True,True,True
N1_C_RETRO__M6A__unit_circle_S1__N1000__conventional__sigma_0.10__rep19,M6A__unit_circle_S1__N1000__conventional__sigma_0.10__rep19,unit_circle_S1,conventional,0.1,19,True,True,success,success,True,True,True,True
N1_C_RETRO__M6A__unit_circle_S1__N1000__f_mapper__sigma_0.10__rep19,M6A__unit_circle_S1__N1000__f_mapper__sigma_0.10__rep19,unit_circle_S1,f_mapper,0.1,19,True,True,fcm_non_convergence,fcm_non_convergence,True,N/A_failure,N/A_failure,N/A_failure
N1_C_RETRO__M6A__unit_circle_S1__N1000__conventional__sigma_0.10__rep20,M6A__unit_circle_S1__N1000__conventional__sigma_0.10__rep20,unit_circle_S1,conventional,0.1,20,True,True,success,success,True,True,True,True
N1_C_RETRO__M6A__unit_circle_S1__N1000__f_mapper__sigma_0.10__rep20,M6A__unit_circle_S1__N1000__f_mapper__sigma_0.10__rep20,unit_circle_S1,f_mapper,0.1,20,True,True,fcm_non_convergence,fcm_non_convergence,True,N/A_failure,N/A_failure,N/A_failure
N1_C_RETRO__M6A__unit_circle_S1__N1000__conventional__sigma_0.10__rep21,M6A__unit_circle_S1__N1000__conventional__sigma_0.10__rep21,unit_circle_S1,conventional,0.1,21,True,True,success,success,True,True,True,True
N1_C_RETRO__M6A__unit_circle_S1__N1000__f_mapper__sigma_0.10__rep21,M6A__unit_circle_S1__N1000__f_mapper__sigma_0.10__rep21,unit_circle_S1,f_mapper,0.1,21,True,True,success,success,True,True,True,True
N1_C_RETRO__M6A__unit_circle_S1__N1000__conventional__sigma_0.10__rep22,M6A__unit_circle_S1__N1000__conventional__sigma_0.10__rep22,unit_circle_S1,conventional,0.1,22,True,True,success,success,True,True,True,True
N1_C_RETRO__M6A__unit_circle_S1__N1000__f_mapper__sigma_0.10__rep22,M6A__unit_circle_S1__N1000__f_mapper__sigma_0.10__rep22,unit_circle_S1,f_mapper,0.1,22,True,True,success,success,True,True,True,True
N1_C_RETRO__M6A__unit_circle_S1__N1000__conventional__sigma_0.10__rep23,M6A__unit_circle_S1__N1000__conventional__sigma_0.10__rep23,unit_circle_S1,conventional,0.1,23,True,True,success,success,True,True,True,True
N1_C_RETRO__M6A__unit_circle_S1__N1000__f_mapper__sigma_0.10__rep23,M6A__unit_circle_S1__N1000__f_mapper__sigma_0.10__rep23,unit_circle_S1,f_mapper,0.1,23,True,True,success,success,True,True,True,True
N1_C_RETRO__M6A__unit_circle_S1__N1000__conventional__sigma_0.10__rep24,M6A__unit_circle_S1__N1000__conventional__sigma_0.10__rep24,unit_circle_S1,conventional,0.1,24,True,True,success,success,True,True,True,True
N1_C_RETRO__M6A__unit_circle_S1__N1000__f_mapper__sigma_0.10__rep24,M6A__unit_circle_S1__N1000__f_mapper__sigma_0.10__rep24,unit_circle_S1,f_mapper,0.1,24,True,True,success,success,True,True,True,True
N1_C_RETRO__M6A__unit_circle_S1__N1000__conventional__sigma_0.10__rep25,M6A__unit_circle_S1__N1000__conventional__sigma_0.10__rep25,unit_circle_S1,conventional,0.1,25,True,True,success,success,True,True,True,True
N1_C_RETRO__M6A__unit_circle_S1__N1000__f_mapper__sigma_0.10__rep25,M6A__unit_circle_S1__N1000__f_mapper__sigma_0.10__rep25,unit_circle_S1,f_mapper,0.1,25,True,True,success,success,True,True,True,True
N1_C_RETRO__M6A__unit_circle_S1__N1000__conventional__sigma_0.10__rep26,M6A__unit_circle_S1__N1000__conventional__sigma_0.10__rep26,unit_circle_S1,conventional,0.1,26,True,True,success,success,True,True,True,True
N1_C_RETRO__M6A__unit_circle_S1__N1000__f_mapper__sigma_0.10__rep26,M6A__unit_circle_S1__N1000__f_mapper__sigma_0.10__rep26,unit_circle_S1,f_mapper,0.1,26,True,True,success,success,True,True,True,True
N1_C_RETRO__M6A__unit_circle_S1__N1000__conventional__sigma_0.10__rep27,M6A__unit_circle_S1__N1000__conventional__sigma_0.10__rep27,unit_circle_S1,conventional,0.1,27,True,True,success,success,True,True,True,True
N1_C_RETRO__M6A__unit_circle_S1__N1000__f_mapper__sigma_0.10__rep27,M6A__unit_circle_S1__N1000__f_mapper__sigma_0.10__rep27,unit_circle_S1,f_mapper,0.1,27,True,True,fcm_non_convergence,fcm_non_convergence,True,N/A_failure,N/A_failure,N/A_failure
N1_C_RETRO__M6A__unit_circle_S1__N1000__conventional__sigma_0.10__rep28,M6A__unit_circle_S1__N1000__conventional__sigma_0.10__rep28,unit_circle_S1,conventional,0.1,28,True,True,success,success,True,True,True,True
N1_C_RETRO__M6A__unit_circle_S1__N1000__f_mapper__sigma_0.10__rep28,M6A__unit_circle_S1__N1000__f_mapper__sigma_0.10__rep28,unit_circle_S1,f_mapper,0.1,28,True,True,fcm_non_convergence,fcm_non_convergence,True,N/A_failure,N/A_failure,N/A_failure
N1_C_RETRO__M6A__unit_circle_S1__N1000__conventional__sigma_0.10__rep29,M6A__unit_circle_S1__N1000__conventional__sigma_0.10__rep29,unit_circle_S1,conventional,0.1,29,True,True,success,success,True,True,True,True
N1_C_RETRO__M6A__unit_circle_S1__N1000__f_mapper__sigma_0.10__rep29,M6A__unit_circle_S1__N1000__f_mapper__sigma_0.10__rep29,unit_circle_S1,f_mapper,0.1,29,True,True,success,success,True,True,True,True
N1_C_RETRO__M6A__unit_circle_S1__N1000__conventional__sigma_0.10__rep30,M6A__unit_circle_S1__N1000__conventional__sigma_0.10__rep30,unit_circle_S1,conventional,0.1,30,True,True,success,success,True,True,True,True
N1_C_RETRO__M6A__unit_circle_S1__N1000__f_mapper__sigma_0.10__rep30,M6A__unit_circle_S1__N1000__f_mapper__sigma_0.10__rep30,unit_circle_S1,f_mapper,0.1,30,True,True,success,success,True,True,True,True
N1_C_RETRO__M6A2__swiss_roll_with_hole__conventional__sigma_0.00__rep0__3b96f0f2e3f276f4,M6A2__swiss_roll_with_hole__conventional__sigma_0.00__rep0__3b96f0f2e3f276f4,swiss_roll_with_hole,conventional,0.0,0,True,True,success,success,True,True,True,True
N1_C_RETRO__M6A2__swiss_roll_with_hole__f_mapper__sigma_0.00__rep0__ae0847ec6f406743,M6A2__swiss_roll_with_hole__f_mapper__sigma_0.00__rep0__ae0847ec6f406743,swiss_roll_with_hole,f_mapper,0.0,0,True,True,success,success,True,True,True,True
N1_C_RETRO__M6A2__swiss_roll_with_hole__conventional__sigma_0.01__rep1__585e822912d37235,M6A2__swiss_roll_with_hole__conventional__sigma_0.01__rep1__585e822912d37235,swiss_roll_with_hole,conventional,0.01,1,True,True,success,success,True,True,True,True
N1_C_RETRO__M6A2__swiss_roll_with_hole__f_mapper__sigma_0.01__rep1__bf0652bc6119fd6d,M6A2__swiss_roll_with_hole__f_mapper__sigma_0.01__rep1__bf0652bc6119fd6d,swiss_roll_with_hole,f_mapper,0.01,1,True,True,success,success,True,True,True,True
N1_C_RETRO__M6A2__swiss_roll_with_hole__conventional__sigma_0.01__rep2__96b506b9b06e78d7,M6A2__swiss_roll_with_hole__conventional__sigma_0.01__rep2__96b506b9b06e78d7,swiss_roll_with_hole,conventional,0.01,2,True,True,success,success,True,True,True,True
N1_C_RETRO__M6A2__swiss_roll_with_hole__f_mapper__sigma_0.01__rep2__aaf6e2c2e5bcb5dd,M6A2__swiss_roll_with_hole__f_mapper__sigma_0.01__rep2__aaf6e2c2e5bcb5dd,swiss_roll_with_hole,f_mapper,0.01,2,True,True,success,success,True,True,True,True
N1_C_RETRO__M6A2__swiss_roll_with_hole__conventional__sigma_0.01__rep3__0ae94d0d1e613dd1,M6A2__swiss_roll_with_hole__conventional__sigma_0.01__rep3__0ae94d0d1e613dd1,swiss_roll_with_hole,conventional,0.01,3,True,True,success,success,True,True,True,True
N1_C_RETRO__M6A2__swiss_roll_with_hole__f_mapper__sigma_0.01__rep3__0eefc3fe280b0d9a,M6A2__swiss_roll_with_hole__f_mapper__sigma_0.01__rep3__0eefc3fe280b0d9a,swiss_roll_with_hole,f_mapper,0.01,3,True,True,success,success,True,True,True,True
N1_C_RETRO__M6A2__swiss_roll_with_hole__conventional__sigma_0.01__rep4__05477d232b894911,M6A2__swiss_roll_with_hole__conventional__sigma_0.01__rep4__05477d232b894911,swiss_roll_with_hole,conventional,0.01,4,True,True,success,success,True,True,True,True
N1_C_RETRO__M6A2__swiss_roll_with_hole__f_mapper__sigma_0.01__rep4__37ea991d993b8024,M6A2__swiss_roll_with_hole__f_mapper__sigma_0.01__rep4__37ea991d993b8024,swiss_roll_with_hole,f_mapper,0.01,4,True,True,success,success,True,True,True,True
N1_C_RETRO__M6A2__swiss_roll_with_hole__conventional__sigma_0.01__rep5__c4cefaa8e4f50b28,M6A2__swiss_roll_with_hole__conventional__sigma_0.01__rep5__c4cefaa8e4f50b28,swiss_roll_with_hole,conventional,0.01,5,True,True,success,success,True,True,True,True
N1_C_RETRO__M6A2__swiss_roll_with_hole__f_mapper__sigma_0.01__rep5__81eacb8f22f5b8fe,M6A2__swiss_roll_with_hole__f_mapper__sigma_0.01__rep5__81eacb8f22f5b8fe,swiss_roll_with_hole,f_mapper,0.01,5,True,True,success,success,True,True,True,True
N1_C_RETRO__M6A2__swiss_roll_with_hole__conventional__sigma_0.01__rep6__4beca16a5612147c,M6A2__swiss_roll_with_hole__conventional__sigma_0.01__rep6__4beca16a5612147c,swiss_roll_with_hole,conventional,0.01,6,True,True,success,success,True,True,True,True
N1_C_RETRO__M6A2__swiss_roll_with_hole__f_mapper__sigma_0.01__rep6__9773d8b2ba792b18,M6A2__swiss_roll_with_hole__f_mapper__sigma_0.01__rep6__9773d8b2ba792b18,swiss_roll_with_hole,f_mapper,0.01,6,True,True,success,success,True,True,True,True
N1_C_RETRO__M6A2__swiss_roll_with_hole__conventional__sigma_0.01__rep7__5e0d3c112c3f2c0c,M6A2__swiss_roll_with_hole__conventional__sigma_0.01__rep7__5e0d3c112c3f2c0c,swiss_roll_with_hole,conventional,0.01,7,True,True,success,success,True,True,True,True
N1_C_RETRO__M6A2__swiss_roll_with_hole__f_mapper__sigma_0.01__rep7__6852ea8fc82d3257,M6A2__swiss_roll_with_hole__f_mapper__sigma_0.01__rep7__6852ea8fc82d3257,swiss_roll_with_hole,f_mapper,0.01,7,True,True,success,success,True,True,True,True
N1_C_RETRO__M6A2__swiss_roll_with_hole__conventional__sigma_0.01__rep8__1c7df33d0cfe5a22,M6A2__swiss_roll_with_hole__conventional__sigma_0.01__rep8__1c7df33d0cfe5a22,swiss_roll_with_hole,conventional,0.01,8,True,True,success,success,True,True,True,True
N1_C_RETRO__M6A2__swiss_roll_with_hole__f_mapper__sigma_0.01__rep8__ab8464d1aeab4bd2,M6A2__swiss_roll_with_hole__f_mapper__sigma_0.01__rep8__ab8464d1aeab4bd2,swiss_roll_with_hole,f_mapper,0.01,8,True,True,success,success,True,True,True,True
N1_C_RETRO__M6A2__swiss_roll_with_hole__conventional__sigma_0.01__rep9__b42cf2bc7ff1d793,M6A2__swiss_roll_with_hole__conventional__sigma_0.01__rep9__b42cf2bc7ff1d793,swiss_roll_with_hole,conventional,0.01,9,True,True,success,success,True,True,True,True
N1_C_RETRO__M6A2__swiss_roll_with_hole__f_mapper__sigma_0.01__rep9__f81fdf832d137f09,M6A2__swiss_roll_with_hole__f_mapper__sigma_0.01__rep9__f81fdf832d137f09,swiss_roll_with_hole,f_mapper,0.01,9,True,True,success,success,True,True,True,True
N1_C_RETRO__M6A2__swiss_roll_with_hole__conventional__sigma_0.01__rep10__e4a3add1d0ec7e1f,M6A2__swiss_roll_with_hole__conventional__sigma_0.01__rep10__e4a3add1d0ec7e1f,swiss_roll_with_hole,conventional,0.01,10,True,True,success,success,True,True,True,True
N1_C_RETRO__M6A2__swiss_roll_with_hole__f_mapper__sigma_0.01__rep10__178ce23be7214359,M6A2__swiss_roll_with_hole__f_mapper__sigma_0.01__rep10__178ce23be7214359,swiss_roll_with_hole,f_mapper,0.01,10,True,True,success,success,True,True,True,True
N1_C_RETRO__M6A2__swiss_roll_with_hole__conventional__sigma_0.01__rep11__06e9f7482385cfd1,M6A2__swiss_roll_with_hole__conventional__sigma_0.01__rep11__06e9f7482385cfd1,swiss_roll_with_hole,conventional,0.01,11,True,True,success,success,True,True,True,True
N1_C_RETRO__M6A2__swiss_roll_with_hole__f_mapper__sigma_0.01__rep11__3470ce98d778f652,M6A2__swiss_roll_with_hole__f_mapper__sigma_0.01__rep11__3470ce98d778f652,swiss_roll_with_hole,f_mapper,0.01,11,True,True,success,success,True,True,True,True
N1_C_RETRO__M6A2__swiss_roll_with_hole__conventional__sigma_0.01__rep12__0f1a7d668f09c8bc,M6A2__swiss_roll_with_hole__conventional__sigma_0.01__rep12__0f1a7d668f09c8bc,swiss_roll_with_hole,conventional,0.01,12,True,True,success,success,True,True,True,True
N1_C_RETRO__M6A2__swiss_roll_with_hole__f_mapper__sigma_0.01__rep12__4376a70edab807c2,M6A2__swiss_roll_with_hole__f_mapper__sigma_0.01__rep12__4376a70edab807c2,swiss_roll_with_hole,f_mapper,0.01,12,True,True,success,success,True,True,True,True
N1_C_RETRO__M6A2__swiss_roll_with_hole__conventional__sigma_0.01__rep13__28192938bfee802d,M6A2__swiss_roll_with_hole__conventional__sigma_0.01__rep13__28192938bfee802d,swiss_roll_with_hole,conventional,0.01,13,True,True,success,success,True,True,True,True
N1_C_RETRO__M6A2__swiss_roll_with_hole__f_mapper__sigma_0.01__rep13__4ab92120ea4381c4,M6A2__swiss_roll_with_hole__f_mapper__sigma_0.01__rep13__4ab92120ea4381c4,swiss_roll_with_hole,f_mapper,0.01,13,True,True,success,success,True,True,True,True
N1_C_RETRO__M6A2__swiss_roll_with_hole__conventional__sigma_0.01__rep14__f0d6aeedc83e5774,M6A2__swiss_roll_with_hole__conventional__sigma_0.01__rep14__f0d6aeedc83e5774,swiss_roll_with_hole,conventional,0.01,14,True,True,success,success,True,True,True,True
N1_C_RETRO__M6A2__swiss_roll_with_hole__f_mapper__sigma_0.01__rep14__a82355fb06d6d729,M6A2__swiss_roll_with_hole__f_mapper__sigma_0.01__rep14__a82355fb06d6d729,swiss_roll_with_hole,f_mapper,0.01,14,True,True,success,success,True,True,True,True
N1_C_RETRO__M6A2__swiss_roll_with_hole__conventional__sigma_0.01__rep15__a683d5bf879c35f0,M6A2__swiss_roll_with_hole__conventional__sigma_0.01__rep15__a683d5bf879c35f0,swiss_roll_with_hole,conventional,0.01,15,True,True,success,success,True,True,True,True
N1_C_RETRO__M6A2__swiss_roll_with_hole__f_mapper__sigma_0.01__rep15__9d6a7fecfc8e56a5,M6A2__swiss_roll_with_hole__f_mapper__sigma_0.01__rep15__9d6a7fecfc8e56a5,swiss_roll_with_hole,f_mapper,0.01,15,True,True,success,success,True,True,True,True
N1_C_RETRO__M6A2__swiss_roll_with_hole__conventional__sigma_0.01__rep16__aec65931afbe4455,M6A2__swiss_roll_with_hole__conventional__sigma_0.01__rep16__aec65931afbe4455,swiss_roll_with_hole,conventional,0.01,16,True,True,success,success,True,True,True,True
N1_C_RETRO__M6A2__swiss_roll_with_hole__f_mapper__sigma_0.01__rep16__b92072eea25db043,M6A2__swiss_roll_with_hole__f_mapper__sigma_0.01__rep16__b92072eea25db043,swiss_roll_with_hole,f_mapper,0.01,16,True,True,success,success,True,True,True,True
N1_C_RETRO__M6A2__swiss_roll_with_hole__conventional__sigma_0.01__rep17__c635e18ed37f4d94,M6A2__swiss_roll_with_hole__conventional__sigma_0.01__rep17__c635e18ed37f4d94,swiss_roll_with_hole,conventional,0.01,17,True,True,success,success,True,True,True,True
N1_C_RETRO__M6A2__swiss_roll_with_hole__f_mapper__sigma_0.01__rep17__0fd119814c751fd5,M6A2__swiss_roll_with_hole__f_mapper__sigma_0.01__rep17__0fd119814c751fd5,swiss_roll_with_hole,f_mapper,0.01,17,True,True,success,success,True,True,True,True
N1_C_RETRO__M6A2__swiss_roll_with_hole__conventional__sigma_0.01__rep18__5421584c992db48b,M6A2__swiss_roll_with_hole__conventional__sigma_0.01__rep18__5421584c992db48b,swiss_roll_with_hole,conventional,0.01,18,True,True,success,success,True,True,True,True
N1_C_RETRO__M6A2__swiss_roll_with_hole__f_mapper__sigma_0.01__rep18__0bea9cd97c044c33,M6A2__swiss_roll_with_hole__f_mapper__sigma_0.01__rep18__0bea9cd97c044c33,swiss_roll_with_hole,f_mapper,0.01,18,True,True,success,success,True,True,True,True
N1_C_RETRO__M6A2__swiss_roll_with_hole__conventional__sigma_0.01__rep19__bb31037cda4cb33d,M6A2__swiss_roll_with_hole__conventional__sigma_0.01__rep19__bb31037cda4cb33d,swiss_roll_with_hole,conventional,0.01,19,True,True,success,success,True,True,True,True
N1_C_RETRO__M6A2__swiss_roll_with_hole__f_mapper__sigma_0.01__rep19__0a258dcf25d6cef9,M6A2__swiss_roll_with_hole__f_mapper__sigma_0.01__rep19__0a258dcf25d6cef9,swiss_roll_with_hole,f_mapper,0.01,19,True,True,success,success,True,True,True,True
N1_C_RETRO__M6A2__swiss_roll_with_hole__conventional__sigma_0.01__rep20__3d6092f8c3587c64,M6A2__swiss_roll_with_hole__conventional__sigma_0.01__rep20__3d6092f8c3587c64,swiss_roll_with_hole,conventional,0.01,20,True,True,success,success,True,True,True,True
N1_C_RETRO__M6A2__swiss_roll_with_hole__f_mapper__sigma_0.01__rep20__2f9773650bd06d3f,M6A2__swiss_roll_with_hole__f_mapper__sigma_0.01__rep20__2f9773650bd06d3f,swiss_roll_with_hole,f_mapper,0.01,20,True,True,success,success,True,True,True,True
N1_C_RETRO__M6A2__swiss_roll_with_hole__conventional__sigma_0.01__rep21__0177327feaf2edc5,M6A2__swiss_roll_with_hole__conventional__sigma_0.01__rep21__0177327feaf2edc5,swiss_roll_with_hole,conventional,0.01,21,True,True,success,success,True,True,True,True
N1_C_RETRO__M6A2__swiss_roll_with_hole__f_mapper__sigma_0.01__rep21__de0d39d22253647c,M6A2__swiss_roll_with_hole__f_mapper__sigma_0.01__rep21__de0d39d22253647c,swiss_roll_with_hole,f_mapper,0.01,21,True,True,success,success,True,True,True,True
N1_C_RETRO__M6A2__swiss_roll_with_hole__conventional__sigma_0.01__rep22__45b6b7084c8b73a6,M6A2__swiss_roll_with_hole__conventional__sigma_0.01__rep22__45b6b7084c8b73a6,swiss_roll_with_hole,conventional,0.01,22,True,True,success,success,True,True,True,True
N1_C_RETRO__M6A2__swiss_roll_with_hole__f_mapper__sigma_0.01__rep22__8da4f2bd34ee7c44,M6A2__swiss_roll_with_hole__f_mapper__sigma_0.01__rep22__8da4f2bd34ee7c44,swiss_roll_with_hole,f_mapper,0.01,22,True,True,success,success,True,True,True,True
N1_C_RETRO__M6A2__swiss_roll_with_hole__conventional__sigma_0.01__rep23__eea0838e2099ae1f,M6A2__swiss_roll_with_hole__conventional__sigma_0.01__rep23__eea0838e2099ae1f,swiss_roll_with_hole,conventional,0.01,23,True,True,success,success,True,True,True,True
N1_C_RETRO__M6A2__swiss_roll_with_hole__f_mapper__sigma_0.01__rep23__b89d1b0852519c8f,M6A2__swiss_roll_with_hole__f_mapper__sigma_0.01__rep23__b89d1b0852519c8f,swiss_roll_with_hole,f_mapper,0.01,23,True,True,success,success,True,True,True,True
N1_C_RETRO__M6A2__swiss_roll_with_hole__conventional__sigma_0.01__rep24__49c80749679f2014,M6A2__swiss_roll_with_hole__conventional__sigma_0.01__rep24__49c80749679f2014,swiss_roll_with_hole,conventional,0.01,24,True,True,success,success,True,True,True,True
N1_C_RETRO__M6A2__swiss_roll_with_hole__f_mapper__sigma_0.01__rep24__9be77d1c40aa2351,M6A2__swiss_roll_with_hole__f_mapper__sigma_0.01__rep24__9be77d1c40aa2351,swiss_roll_with_hole,f_mapper,0.01,24,True,True,success,success,True,True,True,True
N1_C_RETRO__M6A2__swiss_roll_with_hole__conventional__sigma_0.01__rep25__99f2d68bec404874,M6A2__swiss_roll_with_hole__conventional__sigma_0.01__rep25__99f2d68bec404874,swiss_roll_with_hole,conventional,0.01,25,True,True,success,success,True,True,True,True
N1_C_RETRO__M6A2__swiss_roll_with_hole__f_mapper__sigma_0.01__rep25__1db8716314afcd12,M6A2__swiss_roll_with_hole__f_mapper__sigma_0.01__rep25__1db8716314afcd12,swiss_roll_with_hole,f_mapper,0.01,25,True,True,success,success,True,True,True,True
N1_C_RETRO__M6A2__swiss_roll_with_hole__conventional__sigma_0.01__rep26__47249aaa8b99f9b5,M6A2__swiss_roll_with_hole__conventional__sigma_0.01__rep26__47249aaa8b99f9b5,swiss_roll_with_hole,conventional,0.01,26,True,True,success,success,True,True,True,True
N1_C_RETRO__M6A2__swiss_roll_with_hole__f_mapper__sigma_0.01__rep26__a0e62d8888047c62,M6A2__swiss_roll_with_hole__f_mapper__sigma_0.01__rep26__a0e62d8888047c62,swiss_roll_with_hole,f_mapper,0.01,26,True,True,success,success,True,True,True,True
N1_C_RETRO__M6A2__swiss_roll_with_hole__conventional__sigma_0.01__rep27__ee435a1ba80e8a65,M6A2__swiss_roll_with_hole__conventional__sigma_0.01__rep27__ee435a1ba80e8a65,swiss_roll_with_hole,conventional,0.01,27,True,True,success,success,True,True,True,True
N1_C_RETRO__M6A2__swiss_roll_with_hole__f_mapper__sigma_0.01__rep27__664beacfa3d4df14,M6A2__swiss_roll_with_hole__f_mapper__sigma_0.01__rep27__664beacfa3d4df14,swiss_roll_with_hole,f_mapper,0.01,27,True,True,success,success,True,True,True,True
N1_C_RETRO__M6A2__swiss_roll_with_hole__conventional__sigma_0.01__rep28__25d26c6e42e8ea7a,M6A2__swiss_roll_with_hole__conventional__sigma_0.01__rep28__25d26c6e42e8ea7a,swiss_roll_with_hole,conventional,0.01,28,True,True,success,success,True,True,True,True
N1_C_RETRO__M6A2__swiss_roll_with_hole__f_mapper__sigma_0.01__rep28__09760577ba3d20ac,M6A2__swiss_roll_with_hole__f_mapper__sigma_0.01__rep28__09760577ba3d20ac,swiss_roll_with_hole,f_mapper,0.01,28,True,True,success,success,True,True,True,True
N1_C_RETRO__M6A2__swiss_roll_with_hole__conventional__sigma_0.01__rep29__924d9e5a7649d243,M6A2__swiss_roll_with_hole__conventional__sigma_0.01__rep29__924d9e5a7649d243,swiss_roll_with_hole,conventional,0.01,29,True,True,success,success,True,True,True,True
N1_C_RETRO__M6A2__swiss_roll_with_hole__f_mapper__sigma_0.01__rep29__ea81b8de877062de,M6A2__swiss_roll_with_hole__f_mapper__sigma_0.01__rep29__ea81b8de877062de,swiss_roll_with_hole,f_mapper,0.01,29,True,True,success,success,True,True,True,True
N1_C_RETRO__M6A2__swiss_roll_with_hole__conventional__sigma_0.01__rep30__4f719dd5a28ea5f2,M6A2__swiss_roll_with_hole__conventional__sigma_0.01__rep30__4f719dd5a28ea5f2,swiss_roll_with_hole,conventional,0.01,30,True,True,success,success,True,True,True,True
N1_C_RETRO__M6A2__swiss_roll_with_hole__f_mapper__sigma_0.01__rep30__f0865c6325c5898f,M6A2__swiss_roll_with_hole__f_mapper__sigma_0.01__rep30__f0865c6325c5898f,swiss_roll_with_hole,f_mapper,0.01,30,True,True,success,success,True,True,True,True
N1_C_RETRO__M6A2__swiss_roll_with_hole__conventional__sigma_0.03__rep1__aee0851470d1801a,M6A2__swiss_roll_with_hole__conventional__sigma_0.03__rep1__aee0851470d1801a,swiss_roll_with_hole,conventional,0.03,1,True,True,success,success,True,True,True,True
N1_C_RETRO__M6A2__swiss_roll_with_hole__f_mapper__sigma_0.03__rep1__3c16f78bd46917df,M6A2__swiss_roll_with_hole__f_mapper__sigma_0.03__rep1__3c16f78bd46917df,swiss_roll_with_hole,f_mapper,0.03,1,True,True,success,success,True,True,True,True
N1_C_RETRO__M6A2__swiss_roll_with_hole__conventional__sigma_0.03__rep2__c6976a19e1139fcd,M6A2__swiss_roll_with_hole__conventional__sigma_0.03__rep2__c6976a19e1139fcd,swiss_roll_with_hole,conventional,0.03,2,True,True,success,success,True,True,True,True
N1_C_RETRO__M6A2__swiss_roll_with_hole__f_mapper__sigma_0.03__rep2__a881437d060f49b2,M6A2__swiss_roll_with_hole__f_mapper__sigma_0.03__rep2__a881437d060f49b2,swiss_roll_with_hole,f_mapper,0.03,2,True,True,success,success,True,True,True,True
N1_C_RETRO__M6A2__swiss_roll_with_hole__conventional__sigma_0.03__rep3__7f8c3cbab7ecab3d,M6A2__swiss_roll_with_hole__conventional__sigma_0.03__rep3__7f8c3cbab7ecab3d,swiss_roll_with_hole,conventional,0.03,3,True,True,success,success,True,True,True,True
N1_C_RETRO__M6A2__swiss_roll_with_hole__f_mapper__sigma_0.03__rep3__af2a0c54e7da2b29,M6A2__swiss_roll_with_hole__f_mapper__sigma_0.03__rep3__af2a0c54e7da2b29,swiss_roll_with_hole,f_mapper,0.03,3,True,True,success,success,True,True,True,True
N1_C_RETRO__M6A2__swiss_roll_with_hole__conventional__sigma_0.03__rep4__9917499861cd0299,M6A2__swiss_roll_with_hole__conventional__sigma_0.03__rep4__9917499861cd0299,swiss_roll_with_hole,conventional,0.03,4,True,True,success,success,True,True,True,True
N1_C_RETRO__M6A2__swiss_roll_with_hole__f_mapper__sigma_0.03__rep4__e82ab45d0a116341,M6A2__swiss_roll_with_hole__f_mapper__sigma_0.03__rep4__e82ab45d0a116341,swiss_roll_with_hole,f_mapper,0.03,4,True,True,success,success,True,True,True,True
N1_C_RETRO__M6A2__swiss_roll_with_hole__conventional__sigma_0.03__rep5__a9740a6398387801,M6A2__swiss_roll_with_hole__conventional__sigma_0.03__rep5__a9740a6398387801,swiss_roll_with_hole,conventional,0.03,5,True,True,success,success,True,True,True,True
N1_C_RETRO__M6A2__swiss_roll_with_hole__f_mapper__sigma_0.03__rep5__c9a723d370c35889,M6A2__swiss_roll_with_hole__f_mapper__sigma_0.03__rep5__c9a723d370c35889,swiss_roll_with_hole,f_mapper,0.03,5,True,True,success,success,True,True,True,True
N1_C_RETRO__M6A2__swiss_roll_with_hole__conventional__sigma_0.03__rep6__9c2387402611994a,M6A2__swiss_roll_with_hole__conventional__sigma_0.03__rep6__9c2387402611994a,swiss_roll_with_hole,conventional,0.03,6,True,True,success,success,True,True,True,True
N1_C_RETRO__M6A2__swiss_roll_with_hole__f_mapper__sigma_0.03__rep6__a79f995bacc71e31,M6A2__swiss_roll_with_hole__f_mapper__sigma_0.03__rep6__a79f995bacc71e31,swiss_roll_with_hole,f_mapper,0.03,6,True,True,success,success,True,True,True,True
N1_C_RETRO__M6A2__swiss_roll_with_hole__conventional__sigma_0.03__rep7__d523fc37e5ebcb45,M6A2__swiss_roll_with_hole__conventional__sigma_0.03__rep7__d523fc37e5ebcb45,swiss_roll_with_hole,conventional,0.03,7,True,True,success,success,True,True,True,True
N1_C_RETRO__M6A2__swiss_roll_with_hole__f_mapper__sigma_0.03__rep7__4681076ef1e139d2,M6A2__swiss_roll_with_hole__f_mapper__sigma_0.03__rep7__4681076ef1e139d2,swiss_roll_with_hole,f_mapper,0.03,7,True,True,success,success,True,True,True,True
N1_C_RETRO__M6A2__swiss_roll_with_hole__conventional__sigma_0.03__rep8__6a7bd2eef0b3683e,M6A2__swiss_roll_with_hole__conventional__sigma_0.03__rep8__6a7bd2eef0b3683e,swiss_roll_with_hole,conventional,0.03,8,True,True,success,success,True,True,True,True
N1_C_RETRO__M6A2__swiss_roll_with_hole__f_mapper__sigma_0.03__rep8__cf18953e5e5fddf4,M6A2__swiss_roll_with_hole__f_mapper__sigma_0.03__rep8__cf18953e5e5fddf4,swiss_roll_with_hole,f_mapper,0.03,8,True,True,success,success,True,True,True,True
N1_C_RETRO__M6A2__swiss_roll_with_hole__conventional__sigma_0.03__rep9__b90ac7528ff4b024,M6A2__swiss_roll_with_hole__conventional__sigma_0.03__rep9__b90ac7528ff4b024,swiss_roll_with_hole,conventional,0.03,9,True,True,success,success,True,True,True,True
N1_C_RETRO__M6A2__swiss_roll_with_hole__f_mapper__sigma_0.03__rep9__1bd4d27f51266e31,M6A2__swiss_roll_with_hole__f_mapper__sigma_0.03__rep9__1bd4d27f51266e31,swiss_roll_with_hole,f_mapper,0.03,9,True,True,success,success,True,True,True,True
N1_C_RETRO__M6A2__swiss_roll_with_hole__conventional__sigma_0.03__rep10__a04ee4c4830e13fa,M6A2__swiss_roll_with_hole__conventional__sigma_0.03__rep10__a04ee4c4830e13fa,swiss_roll_with_hole,conventional,0.03,10,True,True,success,success,True,True,True,True
N1_C_RETRO__M6A2__swiss_roll_with_hole__f_mapper__sigma_0.03__rep10__cce605e5bccdaabd,M6A2__swiss_roll_with_hole__f_mapper__sigma_0.03__rep10__cce605e5bccdaabd,swiss_roll_with_hole,f_mapper,0.03,10,True,True,success,success,True,True,True,True
N1_C_RETRO__M6A2__swiss_roll_with_hole__conventional__sigma_0.03__rep11__5bb672aada4cc04e,M6A2__swiss_roll_with_hole__conventional__sigma_0.03__rep11__5bb672aada4cc04e,swiss_roll_with_hole,conventional,0.03,11,True,True,success,success,True,True,True,True
N1_C_RETRO__M6A2__swiss_roll_with_hole__f_mapper__sigma_0.03__rep11__f1d65f0120844984,M6A2__swiss_roll_with_hole__f_mapper__sigma_0.03__rep11__f1d65f0120844984,swiss_roll_with_hole,f_mapper,0.03,11,True,True,success,success,True,True,True,True
N1_C_RETRO__M6A2__swiss_roll_with_hole__conventional__sigma_0.03__rep12__ef04160fdd6a2c0a,M6A2__swiss_roll_with_hole__conventional__sigma_0.03__rep12__ef04160fdd6a2c0a,swiss_roll_with_hole,conventional,0.03,12,True,True,success,success,True,True,True,True
N1_C_RETRO__M6A2__swiss_roll_with_hole__f_mapper__sigma_0.03__rep12__03d24de70423dcef,M6A2__swiss_roll_with_hole__f_mapper__sigma_0.03__rep12__03d24de70423dcef,swiss_roll_with_hole,f_mapper,0.03,12,True,True,success,success,True,True,True,True
N1_C_RETRO__M6A2__swiss_roll_with_hole__conventional__sigma_0.03__rep13__fde28e0386c032cc,M6A2__swiss_roll_with_hole__conventional__sigma_0.03__rep13__fde28e0386c032cc,swiss_roll_with_hole,conventional,0.03,13,True,True,success,success,True,True,True,True
N1_C_RETRO__M6A2__swiss_roll_with_hole__f_mapper__sigma_0.03__rep13__d3d77c47749d53f9,M6A2__swiss_roll_with_hole__f_mapper__sigma_0.03__rep13__d3d77c47749d53f9,swiss_roll_with_hole,f_mapper,0.03,13,True,True,success,success,True,True,True,True
N1_C_RETRO__M6A2__swiss_roll_with_hole__conventional__sigma_0.03__rep14__44c7f086f8560d5f,M6A2__swiss_roll_with_hole__conventional__sigma_0.03__rep14__44c7f086f8560d5f,swiss_roll_with_hole,conventional,0.03,14,True,True,success,success,True,True,True,True
N1_C_RETRO__M6A2__swiss_roll_with_hole__f_mapper__sigma_0.03__rep14__4059aa44d379ec8b,M6A2__swiss_roll_with_hole__f_mapper__sigma_0.03__rep14__4059aa44d379ec8b,swiss_roll_with_hole,f_mapper,0.03,14,True,True,success,success,True,True,True,True
N1_C_RETRO__M6A2__swiss_roll_with_hole__conventional__sigma_0.03__rep15__8682512d9c07aa4e,M6A2__swiss_roll_with_hole__conventional__sigma_0.03__rep15__8682512d9c07aa4e,swiss_roll_with_hole,conventional,0.03,15,True,True,success,success,True,True,True,True
N1_C_RETRO__M6A2__swiss_roll_with_hole__f_mapper__sigma_0.03__rep15__e0f9a01293a81599,M6A2__swiss_roll_with_hole__f_mapper__sigma_0.03__rep15__e0f9a01293a81599,swiss_roll_with_hole,f_mapper,0.03,15,True,True,success,success,True,True,True,True
N1_C_RETRO__M6A2__swiss_roll_with_hole__conventional__sigma_0.03__rep16__b35b27a3e8621195,M6A2__swiss_roll_with_hole__conventional__sigma_0.03__rep16__b35b27a3e8621195,swiss_roll_with_hole,conventional,0.03,16,True,True,success,success,True,True,True,True
N1_C_RETRO__M6A2__swiss_roll_with_hole__f_mapper__sigma_0.03__rep16__ee65123645288a99,M6A2__swiss_roll_with_hole__f_mapper__sigma_0.03__rep16__ee65123645288a99,swiss_roll_with_hole,f_mapper,0.03,16,True,True,success,success,True,True,True,True
N1_C_RETRO__M6A2__swiss_roll_with_hole__conventional__sigma_0.03__rep17__3bcb7fc6aceec94d,M6A2__swiss_roll_with_hole__conventional__sigma_0.03__rep17__3bcb7fc6aceec94d,swiss_roll_with_hole,conventional,0.03,17,True,True,success,success,True,True,True,True
N1_C_RETRO__M6A2__swiss_roll_with_hole__f_mapper__sigma_0.03__rep17__9de53fa2d6c32564,M6A2__swiss_roll_with_hole__f_mapper__sigma_0.03__rep17__9de53fa2d6c32564,swiss_roll_with_hole,f_mapper,0.03,17,True,True,success,success,True,True,True,True
N1_C_RETRO__M6A2__swiss_roll_with_hole__conventional__sigma_0.03__rep18__fb74c17bf25caf61,M6A2__swiss_roll_with_hole__conventional__sigma_0.03__rep18__fb74c17bf25caf61,swiss_roll_with_hole,conventional,0.03,18,True,True,success,success,True,True,True,True
N1_C_RETRO__M6A2__swiss_roll_with_hole__f_mapper__sigma_0.03__rep18__840e5ccddac903c3,M6A2__swiss_roll_with_hole__f_mapper__sigma_0.03__rep18__840e5ccddac903c3,swiss_roll_with_hole,f_mapper,0.03,18,True,True,success,success,True,True,True,True
N1_C_RETRO__M6A2__swiss_roll_with_hole__conventional__sigma_0.03__rep19__ae96e05ee5c458f1,M6A2__swiss_roll_with_hole__conventional__sigma_0.03__rep19__ae96e05ee5c458f1,swiss_roll_with_hole,conventional,0.03,19,True,True,success,success,True,True,True,True
N1_C_RETRO__M6A2__swiss_roll_with_hole__f_mapper__sigma_0.03__rep19__79bc773ae939d951,M6A2__swiss_roll_with_hole__f_mapper__sigma_0.03__rep19__79bc773ae939d951,swiss_roll_with_hole,f_mapper,0.03,19,True,True,success,success,True,True,True,True
N1_C_RETRO__M6A2__swiss_roll_with_hole__conventional__sigma_0.03__rep20__356aafa79b1cbe69,M6A2__swiss_roll_with_hole__conventional__sigma_0.03__rep20__356aafa79b1cbe69,swiss_roll_with_hole,conventional,0.03,20,True,True,success,success,True,True,True,True
N1_C_RETRO__M6A2__swiss_roll_with_hole__f_mapper__sigma_0.03__rep20__eb3d4018a590baee,M6A2__swiss_roll_with_hole__f_mapper__sigma_0.03__rep20__eb3d4018a590baee,swiss_roll_with_hole,f_mapper,0.03,20,True,True,success,success,True,True,True,True
N1_C_RETRO__M6A2__swiss_roll_with_hole__conventional__sigma_0.03__rep21__205b2720fd34489a,M6A2__swiss_roll_with_hole__conventional__sigma_0.03__rep21__205b2720fd34489a,swiss_roll_with_hole,conventional,0.03,21,True,True,success,success,True,True,True,True
N1_C_RETRO__M6A2__swiss_roll_with_hole__f_mapper__sigma_0.03__rep21__4e2f454bced2ba77,M6A2__swiss_roll_with_hole__f_mapper__sigma_0.03__rep21__4e2f454bced2ba77,swiss_roll_with_hole,f_mapper,0.03,21,True,True,success,success,True,True,True,True
N1_C_RETRO__M6A2__swiss_roll_with_hole__conventional__sigma_0.03__rep22__fe4bfacf37dacbb8,M6A2__swiss_roll_with_hole__conventional__sigma_0.03__rep22__fe4bfacf37dacbb8,swiss_roll_with_hole,conventional,0.03,22,True,True,success,success,True,True,True,True
N1_C_RETRO__M6A2__swiss_roll_with_hole__f_mapper__sigma_0.03__rep22__692be4c5f73a5fed,M6A2__swiss_roll_with_hole__f_mapper__sigma_0.03__rep22__692be4c5f73a5fed,swiss_roll_with_hole,f_mapper,0.03,22,True,True,success,success,True,True,True,True
N1_C_RETRO__M6A2__swiss_roll_with_hole__conventional__sigma_0.03__rep23__168587e3ffc18984,M6A2__swiss_roll_with_hole__conventional__sigma_0.03__rep23__168587e3ffc18984,swiss_roll_with_hole,conventional,0.03,23,True,True,success,success,True,True,True,True
N1_C_RETRO__M6A2__swiss_roll_with_hole__f_mapper__sigma_0.03__rep23__38d4f51951c0eff5,M6A2__swiss_roll_with_hole__f_mapper__sigma_0.03__rep23__38d4f51951c0eff5,swiss_roll_with_hole,f_mapper,0.03,23,True,True,success,success,True,True,True,True
N1_C_RETRO__M6A2__swiss_roll_with_hole__conventional__sigma_0.03__rep24__4c131686da31290e,M6A2__swiss_roll_with_hole__conventional__sigma_0.03__rep24__4c131686da31290e,swiss_roll_with_hole,conventional,0.03,24,True,True,success,success,True,True,True,True
N1_C_RETRO__M6A2__swiss_roll_with_hole__f_mapper__sigma_0.03__rep24__afb0fa247b85df0e,M6A2__swiss_roll_with_hole__f_mapper__sigma_0.03__rep24__afb0fa247b85df0e,swiss_roll_with_hole,f_mapper,0.03,24,True,True,success,success,True,True,True,True
N1_C_RETRO__M6A2__swiss_roll_with_hole__conventional__sigma_0.03__rep25__dce22639979e79a7,M6A2__swiss_roll_with_hole__conventional__sigma_0.03__rep25__dce22639979e79a7,swiss_roll_with_hole,conventional,0.03,25,True,True,success,success,True,True,True,True
N1_C_RETRO__M6A2__swiss_roll_with_hole__f_mapper__sigma_0.03__rep25__e83ea99c54ce703a,M6A2__swiss_roll_with_hole__f_mapper__sigma_0.03__rep25__e83ea99c54ce703a,swiss_roll_with_hole,f_mapper,0.03,25,True,True,success,success,True,True,True,True
N1_C_RETRO__M6A2__swiss_roll_with_hole__conventional__sigma_0.03__rep26__259a69b17eadc6c2,M6A2__swiss_roll_with_hole__conventional__sigma_0.03__rep26__259a69b17eadc6c2,swiss_roll_with_hole,conventional,0.03,26,True,True,success,success,True,True,True,True
N1_C_RETRO__M6A2__swiss_roll_with_hole__f_mapper__sigma_0.03__rep26__a0a8d3b1842d4142,M6A2__swiss_roll_with_hole__f_mapper__sigma_0.03__rep26__a0a8d3b1842d4142,swiss_roll_with_hole,f_mapper,0.03,26,True,True,success,success,True,True,True,True
N1_C_RETRO__M6A2__swiss_roll_with_hole__conventional__sigma_0.03__rep27__681de457ee52c5c2,M6A2__swiss_roll_with_hole__conventional__sigma_0.03__rep27__681de457ee52c5c2,swiss_roll_with_hole,conventional,0.03,27,True,True,success,success,True,True,True,True
N1_C_RETRO__M6A2__swiss_roll_with_hole__f_mapper__sigma_0.03__rep27__e5e77cd41078163e,M6A2__swiss_roll_with_hole__f_mapper__sigma_0.03__rep27__e5e77cd41078163e,swiss_roll_with_hole,f_mapper,0.03,27,True,True,success,success,True,True,True,True
N1_C_RETRO__M6A2__swiss_roll_with_hole__conventional__sigma_0.03__rep28__7a61e7ceda6f9ba5,M6A2__swiss_roll_with_hole__conventional__sigma_0.03__rep28__7a61e7ceda6f9ba5,swiss_roll_with_hole,conventional,0.03,28,True,True,success,success,True,True,True,True
N1_C_RETRO__M6A2__swiss_roll_with_hole__f_mapper__sigma_0.03__rep28__dc5416b461a10a16,M6A2__swiss_roll_with_hole__f_mapper__sigma_0.03__rep28__dc5416b461a10a16,swiss_roll_with_hole,f_mapper,0.03,28,True,True,success,success,True,True,True,True
N1_C_RETRO__M6A2__swiss_roll_with_hole__conventional__sigma_0.03__rep29__0ae02cc1ba96d556,M6A2__swiss_roll_with_hole__conventional__sigma_0.03__rep29__0ae02cc1ba96d556,swiss_roll_with_hole,conventional,0.03,29,True,True,success,success,True,True,True,True
N1_C_RETRO__M6A2__swiss_roll_with_hole__f_mapper__sigma_0.03__rep29__120e59e005a759e3,M6A2__swiss_roll_with_hole__f_mapper__sigma_0.03__rep29__120e59e005a759e3,swiss_roll_with_hole,f_mapper,0.03,29,True,True,success,success,True,True,True,True
N1_C_RETRO__M6A2__swiss_roll_with_hole__conventional__sigma_0.03__rep30__c63de71d8f205564,M6A2__swiss_roll_with_hole__conventional__sigma_0.03__rep30__c63de71d8f205564,swiss_roll_with_hole,conventional,0.03,30,True,True,success,success,True,True,True,True
N1_C_RETRO__M6A2__swiss_roll_with_hole__f_mapper__sigma_0.03__rep30__57599a2269ba9454,M6A2__swiss_roll_with_hole__f_mapper__sigma_0.03__rep30__57599a2269ba9454,swiss_roll_with_hole,f_mapper,0.03,30,True,True,success,success,True,True,True,True
N1_C_RETRO__M6A2__swiss_roll_with_hole__conventional__sigma_0.05__rep1__fbb9da425f396cee,M6A2__swiss_roll_with_hole__conventional__sigma_0.05__rep1__fbb9da425f396cee,swiss_roll_with_hole,conventional,0.05,1,True,True,success,success,True,True,True,True
N1_C_RETRO__M6A2__swiss_roll_with_hole__f_mapper__sigma_0.05__rep1__6bfff4dce9a4cd8e,M6A2__swiss_roll_with_hole__f_mapper__sigma_0.05__rep1__6bfff4dce9a4cd8e,swiss_roll_with_hole,f_mapper,0.05,1,True,True,success,success,True,True,True,True
N1_C_RETRO__M6A2__swiss_roll_with_hole__conventional__sigma_0.05__rep2__c9600b5f572e38ee,M6A2__swiss_roll_with_hole__conventional__sigma_0.05__rep2__c9600b5f572e38ee,swiss_roll_with_hole,conventional,0.05,2,True,True,success,success,True,True,True,True
N1_C_RETRO__M6A2__swiss_roll_with_hole__f_mapper__sigma_0.05__rep2__83e8d6bc40ea3fa6,M6A2__swiss_roll_with_hole__f_mapper__sigma_0.05__rep2__83e8d6bc40ea3fa6,swiss_roll_with_hole,f_mapper,0.05,2,True,True,success,success,True,True,True,True
N1_C_RETRO__M6A2__swiss_roll_with_hole__conventional__sigma_0.05__rep3__05780819efb8507a,M6A2__swiss_roll_with_hole__conventional__sigma_0.05__rep3__05780819efb8507a,swiss_roll_with_hole,conventional,0.05,3,True,True,success,success,True,True,True,True
N1_C_RETRO__M6A2__swiss_roll_with_hole__f_mapper__sigma_0.05__rep3__fca4fb7de3438b7c,M6A2__swiss_roll_with_hole__f_mapper__sigma_0.05__rep3__fca4fb7de3438b7c,swiss_roll_with_hole,f_mapper,0.05,3,True,True,success,success,True,True,True,True
N1_C_RETRO__M6A2__swiss_roll_with_hole__conventional__sigma_0.05__rep4__8b35dd305ba514b4,M6A2__swiss_roll_with_hole__conventional__sigma_0.05__rep4__8b35dd305ba514b4,swiss_roll_with_hole,conventional,0.05,4,True,True,success,success,True,True,True,True
N1_C_RETRO__M6A2__swiss_roll_with_hole__f_mapper__sigma_0.05__rep4__0e54f85fe0ee139a,M6A2__swiss_roll_with_hole__f_mapper__sigma_0.05__rep4__0e54f85fe0ee139a,swiss_roll_with_hole,f_mapper,0.05,4,True,True,success,success,True,True,True,True
N1_C_RETRO__M6A2__swiss_roll_with_hole__conventional__sigma_0.05__rep5__b70b3a823f38accd,M6A2__swiss_roll_with_hole__conventional__sigma_0.05__rep5__b70b3a823f38accd,swiss_roll_with_hole,conventional,0.05,5,True,True,success,success,True,True,True,True
N1_C_RETRO__M6A2__swiss_roll_with_hole__f_mapper__sigma_0.05__rep5__5e7d1b864e72c682,M6A2__swiss_roll_with_hole__f_mapper__sigma_0.05__rep5__5e7d1b864e72c682,swiss_roll_with_hole,f_mapper,0.05,5,True,True,success,success,True,True,True,True
N1_C_RETRO__M6A2__swiss_roll_with_hole__conventional__sigma_0.05__rep6__c4955e24a1b376ad,M6A2__swiss_roll_with_hole__conventional__sigma_0.05__rep6__c4955e24a1b376ad,swiss_roll_with_hole,conventional,0.05,6,True,True,success,success,True,True,True,True
N1_C_RETRO__M6A2__swiss_roll_with_hole__f_mapper__sigma_0.05__rep6__d18f78e9f37f9b6e,M6A2__swiss_roll_with_hole__f_mapper__sigma_0.05__rep6__d18f78e9f37f9b6e,swiss_roll_with_hole,f_mapper,0.05,6,True,True,success,success,True,True,True,True
N1_C_RETRO__M6A2__swiss_roll_with_hole__conventional__sigma_0.05__rep7__b7bd5fc82f638562,M6A2__swiss_roll_with_hole__conventional__sigma_0.05__rep7__b7bd5fc82f638562,swiss_roll_with_hole,conventional,0.05,7,True,True,success,success,True,True,True,True
N1_C_RETRO__M6A2__swiss_roll_with_hole__f_mapper__sigma_0.05__rep7__ba29b6e03b386b14,M6A2__swiss_roll_with_hole__f_mapper__sigma_0.05__rep7__ba29b6e03b386b14,swiss_roll_with_hole,f_mapper,0.05,7,True,True,success,success,True,True,True,True
N1_C_RETRO__M6A2__swiss_roll_with_hole__conventional__sigma_0.05__rep8__77db14f852a57e2d,M6A2__swiss_roll_with_hole__conventional__sigma_0.05__rep8__77db14f852a57e2d,swiss_roll_with_hole,conventional,0.05,8,True,True,success,success,True,True,True,True
N1_C_RETRO__M6A2__swiss_roll_with_hole__f_mapper__sigma_0.05__rep8__4b025d79b9d021ed,M6A2__swiss_roll_with_hole__f_mapper__sigma_0.05__rep8__4b025d79b9d021ed,swiss_roll_with_hole,f_mapper,0.05,8,True,True,success,success,True,True,True,True
N1_C_RETRO__M6A2__swiss_roll_with_hole__conventional__sigma_0.05__rep9__307e172a12aa83fe,M6A2__swiss_roll_with_hole__conventional__sigma_0.05__rep9__307e172a12aa83fe,swiss_roll_with_hole,conventional,0.05,9,True,True,success,success,True,True,True,True
N1_C_RETRO__M6A2__swiss_roll_with_hole__f_mapper__sigma_0.05__rep9__5274af1bd34f19b9,M6A2__swiss_roll_with_hole__f_mapper__sigma_0.05__rep9__5274af1bd34f19b9,swiss_roll_with_hole,f_mapper,0.05,9,True,True,success,success,True,True,True,True
N1_C_RETRO__M6A2__swiss_roll_with_hole__conventional__sigma_0.05__rep10__bf0f8827d1077303,M6A2__swiss_roll_with_hole__conventional__sigma_0.05__rep10__bf0f8827d1077303,swiss_roll_with_hole,conventional,0.05,10,True,True,success,success,True,True,True,True
N1_C_RETRO__M6A2__swiss_roll_with_hole__f_mapper__sigma_0.05__rep10__729cdca28c707a06,M6A2__swiss_roll_with_hole__f_mapper__sigma_0.05__rep10__729cdca28c707a06,swiss_roll_with_hole,f_mapper,0.05,10,True,True,success,success,True,True,True,True
N1_C_RETRO__M6A2__swiss_roll_with_hole__conventional__sigma_0.05__rep11__fab8e50909716b23,M6A2__swiss_roll_with_hole__conventional__sigma_0.05__rep11__fab8e50909716b23,swiss_roll_with_hole,conventional,0.05,11,True,True,success,success,True,True,True,True
N1_C_RETRO__M6A2__swiss_roll_with_hole__f_mapper__sigma_0.05__rep11__d310080d94983097,M6A2__swiss_roll_with_hole__f_mapper__sigma_0.05__rep11__d310080d94983097,swiss_roll_with_hole,f_mapper,0.05,11,True,True,success,success,True,True,True,True
N1_C_RETRO__M6A2__swiss_roll_with_hole__conventional__sigma_0.05__rep12__ade2b1d6e7643a47,M6A2__swiss_roll_with_hole__conventional__sigma_0.05__rep12__ade2b1d6e7643a47,swiss_roll_with_hole,conventional,0.05,12,True,True,success,success,True,True,True,True
N1_C_RETRO__M6A2__swiss_roll_with_hole__f_mapper__sigma_0.05__rep12__4faf61e9e7714a4d,M6A2__swiss_roll_with_hole__f_mapper__sigma_0.05__rep12__4faf61e9e7714a4d,swiss_roll_with_hole,f_mapper,0.05,12,True,True,success,success,True,True,True,True
N1_C_RETRO__M6A2__swiss_roll_with_hole__conventional__sigma_0.05__rep13__cddb7d3cf5906365,M6A2__swiss_roll_with_hole__conventional__sigma_0.05__rep13__cddb7d3cf5906365,swiss_roll_with_hole,conventional,0.05,13,True,True,success,success,True,True,True,True
N1_C_RETRO__M6A2__swiss_roll_with_hole__f_mapper__sigma_0.05__rep13__76bf383634b5b9df,M6A2__swiss_roll_with_hole__f_mapper__sigma_0.05__rep13__76bf383634b5b9df,swiss_roll_with_hole,f_mapper,0.05,13,True,True,success,success,True,True,True,True
N1_C_RETRO__M6A2__swiss_roll_with_hole__conventional__sigma_0.05__rep14__f321eb4791e0de8d,M6A2__swiss_roll_with_hole__conventional__sigma_0.05__rep14__f321eb4791e0de8d,swiss_roll_with_hole,conventional,0.05,14,True,True,success,success,True,True,True,True
N1_C_RETRO__M6A2__swiss_roll_with_hole__f_mapper__sigma_0.05__rep14__0bc9496a94dd04c7,M6A2__swiss_roll_with_hole__f_mapper__sigma_0.05__rep14__0bc9496a94dd04c7,swiss_roll_with_hole,f_mapper,0.05,14,True,True,success,success,True,True,True,True
N1_C_RETRO__M6A2__swiss_roll_with_hole__conventional__sigma_0.05__rep15__5fb4cb78c1223fc4,M6A2__swiss_roll_with_hole__conventional__sigma_0.05__rep15__5fb4cb78c1223fc4,swiss_roll_with_hole,conventional,0.05,15,True,True,success,success,True,True,True,True
N1_C_RETRO__M6A2__swiss_roll_with_hole__f_mapper__sigma_0.05__rep15__9e2583b8d18ee299,M6A2__swiss_roll_with_hole__f_mapper__sigma_0.05__rep15__9e2583b8d18ee299,swiss_roll_with_hole,f_mapper,0.05,15,True,True,success,success,True,True,True,True
N1_C_RETRO__M6A2__swiss_roll_with_hole__conventional__sigma_0.05__rep16__da6b5c862ec6e44e,M6A2__swiss_roll_with_hole__conventional__sigma_0.05__rep16__da6b5c862ec6e44e,swiss_roll_with_hole,conventional,0.05,16,True,True,success,success,True,True,True,True
N1_C_RETRO__M6A2__swiss_roll_with_hole__f_mapper__sigma_0.05__rep16__73225c960d49c6f1,M6A2__swiss_roll_with_hole__f_mapper__sigma_0.05__rep16__73225c960d49c6f1,swiss_roll_with_hole,f_mapper,0.05,16,True,True,success,success,True,True,True,True
N1_C_RETRO__M6A2__swiss_roll_with_hole__conventional__sigma_0.05__rep17__29ea917bdffcf942,M6A2__swiss_roll_with_hole__conventional__sigma_0.05__rep17__29ea917bdffcf942,swiss_roll_with_hole,conventional,0.05,17,True,True,success,success,True,True,True,True
N1_C_RETRO__M6A2__swiss_roll_with_hole__f_mapper__sigma_0.05__rep17__0e1b4825efb499b3,M6A2__swiss_roll_with_hole__f_mapper__sigma_0.05__rep17__0e1b4825efb499b3,swiss_roll_with_hole,f_mapper,0.05,17,True,True,success,success,True,True,True,True
N1_C_RETRO__M6A2__swiss_roll_with_hole__conventional__sigma_0.05__rep18__46a7d5c4af0707a4,M6A2__swiss_roll_with_hole__conventional__sigma_0.05__rep18__46a7d5c4af0707a4,swiss_roll_with_hole,conventional,0.05,18,True,True,success,success,True,True,True,True
N1_C_RETRO__M6A2__swiss_roll_with_hole__f_mapper__sigma_0.05__rep18__1fca655699e2598e,M6A2__swiss_roll_with_hole__f_mapper__sigma_0.05__rep18__1fca655699e2598e,swiss_roll_with_hole,f_mapper,0.05,18,True,True,success,success,True,True,True,True
N1_C_RETRO__M6A2__swiss_roll_with_hole__conventional__sigma_0.05__rep19__30a0d6cad872a9e3,M6A2__swiss_roll_with_hole__conventional__sigma_0.05__rep19__30a0d6cad872a9e3,swiss_roll_with_hole,conventional,0.05,19,True,True,success,success,True,True,True,True
N1_C_RETRO__M6A2__swiss_roll_with_hole__f_mapper__sigma_0.05__rep19__b677a563b93dd910,M6A2__swiss_roll_with_hole__f_mapper__sigma_0.05__rep19__b677a563b93dd910,swiss_roll_with_hole,f_mapper,0.05,19,True,True,success,success,True,True,True,True
N1_C_RETRO__M6A2__swiss_roll_with_hole__conventional__sigma_0.05__rep20__940658b96c9fc7b3,M6A2__swiss_roll_with_hole__conventional__sigma_0.05__rep20__940658b96c9fc7b3,swiss_roll_with_hole,conventional,0.05,20,True,True,success,success,True,True,True,True
N1_C_RETRO__M6A2__swiss_roll_with_hole__f_mapper__sigma_0.05__rep20__b3ae5954e119fa9e,M6A2__swiss_roll_with_hole__f_mapper__sigma_0.05__rep20__b3ae5954e119fa9e,swiss_roll_with_hole,f_mapper,0.05,20,True,True,success,success,True,True,True,True
N1_C_RETRO__M6A2__swiss_roll_with_hole__conventional__sigma_0.05__rep21__f140c9b0874765f6,M6A2__swiss_roll_with_hole__conventional__sigma_0.05__rep21__f140c9b0874765f6,swiss_roll_with_hole,conventional,0.05,21,True,True,success,success,True,True,True,True
N1_C_RETRO__M6A2__swiss_roll_with_hole__f_mapper__sigma_0.05__rep21__ab6ab3744a72ad32,M6A2__swiss_roll_with_hole__f_mapper__sigma_0.05__rep21__ab6ab3744a72ad32,swiss_roll_with_hole,f_mapper,0.05,21,True,True,success,success,True,True,True,True
N1_C_RETRO__M6A2__swiss_roll_with_hole__conventional__sigma_0.05__rep22__0289c0e5c94437aa,M6A2__swiss_roll_with_hole__conventional__sigma_0.05__rep22__0289c0e5c94437aa,swiss_roll_with_hole,conventional,0.05,22,True,True,success,success,True,True,True,True
N1_C_RETRO__M6A2__swiss_roll_with_hole__f_mapper__sigma_0.05__rep22__18072bb7a4606e98,M6A2__swiss_roll_with_hole__f_mapper__sigma_0.05__rep22__18072bb7a4606e98,swiss_roll_with_hole,f_mapper,0.05,22,True,True,success,success,True,True,True,True
N1_C_RETRO__M6A2__swiss_roll_with_hole__conventional__sigma_0.05__rep23__35264a3be3f28396,M6A2__swiss_roll_with_hole__conventional__sigma_0.05__rep23__35264a3be3f28396,swiss_roll_with_hole,conventional,0.05,23,True,True,success,success,True,True,True,True
N1_C_RETRO__M6A2__swiss_roll_with_hole__f_mapper__sigma_0.05__rep23__8ca05981553aaf96,M6A2__swiss_roll_with_hole__f_mapper__sigma_0.05__rep23__8ca05981553aaf96,swiss_roll_with_hole,f_mapper,0.05,23,True,True,success,success,True,True,True,True
N1_C_RETRO__M6A2__swiss_roll_with_hole__conventional__sigma_0.05__rep24__28d186c56af3bdc1,M6A2__swiss_roll_with_hole__conventional__sigma_0.05__rep24__28d186c56af3bdc1,swiss_roll_with_hole,conventional,0.05,24,True,True,success,success,True,True,True,True
N1_C_RETRO__M6A2__swiss_roll_with_hole__f_mapper__sigma_0.05__rep24__79df89bdbeb32bcd,M6A2__swiss_roll_with_hole__f_mapper__sigma_0.05__rep24__79df89bdbeb32bcd,swiss_roll_with_hole,f_mapper,0.05,24,True,True,success,success,True,True,True,True
N1_C_RETRO__M6A2__swiss_roll_with_hole__conventional__sigma_0.05__rep25__50c8c6622d831a7a,M6A2__swiss_roll_with_hole__conventional__sigma_0.05__rep25__50c8c6622d831a7a,swiss_roll_with_hole,conventional,0.05,25,True,True,success,success,True,True,True,True
N1_C_RETRO__M6A2__swiss_roll_with_hole__f_mapper__sigma_0.05__rep25__4c56a45aa551974f,M6A2__swiss_roll_with_hole__f_mapper__sigma_0.05__rep25__4c56a45aa551974f,swiss_roll_with_hole,f_mapper,0.05,25,True,True,success,success,True,True,True,True
N1_C_RETRO__M6A2__swiss_roll_with_hole__conventional__sigma_0.05__rep26__80ba81fd5a62a1b3,M6A2__swiss_roll_with_hole__conventional__sigma_0.05__rep26__80ba81fd5a62a1b3,swiss_roll_with_hole,conventional,0.05,26,True,True,success,success,True,True,True,True
N1_C_RETRO__M6A2__swiss_roll_with_hole__f_mapper__sigma_0.05__rep26__009e071fec7602d9,M6A2__swiss_roll_with_hole__f_mapper__sigma_0.05__rep26__009e071fec7602d9,swiss_roll_with_hole,f_mapper,0.05,26,True,True,success,success,True,True,True,True
N1_C_RETRO__M6A2__swiss_roll_with_hole__conventional__sigma_0.05__rep27__59cf2f5684f91bd9,M6A2__swiss_roll_with_hole__conventional__sigma_0.05__rep27__59cf2f5684f91bd9,swiss_roll_with_hole,conventional,0.05,27,True,True,success,success,True,True,True,True
N1_C_RETRO__M6A2__swiss_roll_with_hole__f_mapper__sigma_0.05__rep27__ff5f7e091c6523a0,M6A2__swiss_roll_with_hole__f_mapper__sigma_0.05__rep27__ff5f7e091c6523a0,swiss_roll_with_hole,f_mapper,0.05,27,True,True,success,success,True,True,True,True
N1_C_RETRO__M6A2__swiss_roll_with_hole__conventional__sigma_0.05__rep28__46325681f13087ea,M6A2__swiss_roll_with_hole__conventional__sigma_0.05__rep28__46325681f13087ea,swiss_roll_with_hole,conventional,0.05,28,True,True,success,success,True,True,True,True
N1_C_RETRO__M6A2__swiss_roll_with_hole__f_mapper__sigma_0.05__rep28__7dde9443159fbbd1,M6A2__swiss_roll_with_hole__f_mapper__sigma_0.05__rep28__7dde9443159fbbd1,swiss_roll_with_hole,f_mapper,0.05,28,True,True,success,success,True,True,True,True
N1_C_RETRO__M6A2__swiss_roll_with_hole__conventional__sigma_0.05__rep29__bebb2cabeb342e8c,M6A2__swiss_roll_with_hole__conventional__sigma_0.05__rep29__bebb2cabeb342e8c,swiss_roll_with_hole,conventional,0.05,29,True,True,success,success,True,True,True,True
N1_C_RETRO__M6A2__swiss_roll_with_hole__f_mapper__sigma_0.05__rep29__1b8162a77e8e574d,M6A2__swiss_roll_with_hole__f_mapper__sigma_0.05__rep29__1b8162a77e8e574d,swiss_roll_with_hole,f_mapper,0.05,29,True,True,success,success,True,True,True,True
N1_C_RETRO__M6A2__swiss_roll_with_hole__conventional__sigma_0.05__rep30__850a5d57bbe544f4,M6A2__swiss_roll_with_hole__conventional__sigma_0.05__rep30__850a5d57bbe544f4,swiss_roll_with_hole,conventional,0.05,30,True,True,success,success,True,True,True,True
N1_C_RETRO__M6A2__swiss_roll_with_hole__f_mapper__sigma_0.05__rep30__d687b977a13bdee1,M6A2__swiss_roll_with_hole__f_mapper__sigma_0.05__rep30__d687b977a13bdee1,swiss_roll_with_hole,f_mapper,0.05,30,True,True,success,success,True,True,True,True
N1_C_RETRO__M6A2__swiss_roll_with_hole__conventional__sigma_0.08__rep1__ae95f4ae75a08ffe,M6A2__swiss_roll_with_hole__conventional__sigma_0.08__rep1__ae95f4ae75a08ffe,swiss_roll_with_hole,conventional,0.08,1,True,True,success,success,True,True,True,True
N1_C_RETRO__M6A2__swiss_roll_with_hole__f_mapper__sigma_0.08__rep1__cf30d1e3c923d4d5,M6A2__swiss_roll_with_hole__f_mapper__sigma_0.08__rep1__cf30d1e3c923d4d5,swiss_roll_with_hole,f_mapper,0.08,1,True,True,success,success,True,True,True,True
N1_C_RETRO__M6A2__swiss_roll_with_hole__conventional__sigma_0.08__rep2__0db080d9de2dbfb1,M6A2__swiss_roll_with_hole__conventional__sigma_0.08__rep2__0db080d9de2dbfb1,swiss_roll_with_hole,conventional,0.08,2,True,True,success,success,True,True,True,True
N1_C_RETRO__M6A2__swiss_roll_with_hole__f_mapper__sigma_0.08__rep2__a9c6bb57eb9e2abf,M6A2__swiss_roll_with_hole__f_mapper__sigma_0.08__rep2__a9c6bb57eb9e2abf,swiss_roll_with_hole,f_mapper,0.08,2,True,True,success,success,True,True,True,True
N1_C_RETRO__M6A2__swiss_roll_with_hole__conventional__sigma_0.08__rep3__4ddc076cfb69dfaa,M6A2__swiss_roll_with_hole__conventional__sigma_0.08__rep3__4ddc076cfb69dfaa,swiss_roll_with_hole,conventional,0.08,3,True,True,success,success,True,True,True,True
N1_C_RETRO__M6A2__swiss_roll_with_hole__f_mapper__sigma_0.08__rep3__057be61a4f20ac1c,M6A2__swiss_roll_with_hole__f_mapper__sigma_0.08__rep3__057be61a4f20ac1c,swiss_roll_with_hole,f_mapper,0.08,3,True,True,success,success,True,True,True,True
N1_C_RETRO__M6A2__swiss_roll_with_hole__conventional__sigma_0.08__rep4__a72d4fc622ba584e,M6A2__swiss_roll_with_hole__conventional__sigma_0.08__rep4__a72d4fc622ba584e,swiss_roll_with_hole,conventional,0.08,4,True,True,success,success,True,True,True,True
N1_C_RETRO__M6A2__swiss_roll_with_hole__f_mapper__sigma_0.08__rep4__92af4a3bf94168fe,M6A2__swiss_roll_with_hole__f_mapper__sigma_0.08__rep4__92af4a3bf94168fe,swiss_roll_with_hole,f_mapper,0.08,4,True,True,success,success,True,True,True,True
N1_C_RETRO__M6A2__swiss_roll_with_hole__conventional__sigma_0.08__rep5__07196e8c14d63029,M6A2__swiss_roll_with_hole__conventional__sigma_0.08__rep5__07196e8c14d63029,swiss_roll_with_hole,conventional,0.08,5,True,True,success,success,True,True,True,True
N1_C_RETRO__M6A2__swiss_roll_with_hole__f_mapper__sigma_0.08__rep5__7a630041a26ed4a1,M6A2__swiss_roll_with_hole__f_mapper__sigma_0.08__rep5__7a630041a26ed4a1,swiss_roll_with_hole,f_mapper,0.08,5,True,True,success,success,True,True,True,True
N1_C_RETRO__M6A2__swiss_roll_with_hole__conventional__sigma_0.08__rep6__bd74792a5e978696,M6A2__swiss_roll_with_hole__conventional__sigma_0.08__rep6__bd74792a5e978696,swiss_roll_with_hole,conventional,0.08,6,True,True,success,success,True,True,True,True
N1_C_RETRO__M6A2__swiss_roll_with_hole__f_mapper__sigma_0.08__rep6__ec2974003b84f618,M6A2__swiss_roll_with_hole__f_mapper__sigma_0.08__rep6__ec2974003b84f618,swiss_roll_with_hole,f_mapper,0.08,6,True,True,success,success,True,True,True,True
N1_C_RETRO__M6A2__swiss_roll_with_hole__conventional__sigma_0.08__rep7__aeeb62232172b452,M6A2__swiss_roll_with_hole__conventional__sigma_0.08__rep7__aeeb62232172b452,swiss_roll_with_hole,conventional,0.08,7,True,True,success,success,True,True,True,True
N1_C_RETRO__M6A2__swiss_roll_with_hole__f_mapper__sigma_0.08__rep7__9a69364dd8d1cab7,M6A2__swiss_roll_with_hole__f_mapper__sigma_0.08__rep7__9a69364dd8d1cab7,swiss_roll_with_hole,f_mapper,0.08,7,True,True,success,success,True,True,True,True
N1_C_RETRO__M6A2__swiss_roll_with_hole__conventional__sigma_0.08__rep8__d1a8da0509709451,M6A2__swiss_roll_with_hole__conventional__sigma_0.08__rep8__d1a8da0509709451,swiss_roll_with_hole,conventional,0.08,8,True,True,success,success,True,True,True,True
N1_C_RETRO__M6A2__swiss_roll_with_hole__f_mapper__sigma_0.08__rep8__148d47b57cf1aad8,M6A2__swiss_roll_with_hole__f_mapper__sigma_0.08__rep8__148d47b57cf1aad8,swiss_roll_with_hole,f_mapper,0.08,8,True,True,success,success,True,True,True,True
N1_C_RETRO__M6A2__swiss_roll_with_hole__conventional__sigma_0.08__rep9__beef390a064c802f,M6A2__swiss_roll_with_hole__conventional__sigma_0.08__rep9__beef390a064c802f,swiss_roll_with_hole,conventional,0.08,9,True,True,success,success,True,True,True,True
N1_C_RETRO__M6A2__swiss_roll_with_hole__f_mapper__sigma_0.08__rep9__15af88b49b4314dd,M6A2__swiss_roll_with_hole__f_mapper__sigma_0.08__rep9__15af88b49b4314dd,swiss_roll_with_hole,f_mapper,0.08,9,True,True,success,success,True,True,True,True
N1_C_RETRO__M6A2__swiss_roll_with_hole__conventional__sigma_0.08__rep10__12feddcefd7d25e3,M6A2__swiss_roll_with_hole__conventional__sigma_0.08__rep10__12feddcefd7d25e3,swiss_roll_with_hole,conventional,0.08,10,True,True,success,success,True,True,True,True
N1_C_RETRO__M6A2__swiss_roll_with_hole__f_mapper__sigma_0.08__rep10__70dfde08c7b0ca77,M6A2__swiss_roll_with_hole__f_mapper__sigma_0.08__rep10__70dfde08c7b0ca77,swiss_roll_with_hole,f_mapper,0.08,10,True,True,success,success,True,True,True,True
N1_C_RETRO__M6A2__swiss_roll_with_hole__conventional__sigma_0.08__rep11__a84638ba2316eb29,M6A2__swiss_roll_with_hole__conventional__sigma_0.08__rep11__a84638ba2316eb29,swiss_roll_with_hole,conventional,0.08,11,True,True,success,success,True,True,True,True
N1_C_RETRO__M6A2__swiss_roll_with_hole__f_mapper__sigma_0.08__rep11__2a49e2127c378d97,M6A2__swiss_roll_with_hole__f_mapper__sigma_0.08__rep11__2a49e2127c378d97,swiss_roll_with_hole,f_mapper,0.08,11,True,True,success,success,True,True,True,True
N1_C_RETRO__M6A2__swiss_roll_with_hole__conventional__sigma_0.08__rep12__17faec61b1058bad,M6A2__swiss_roll_with_hole__conventional__sigma_0.08__rep12__17faec61b1058bad,swiss_roll_with_hole,conventional,0.08,12,True,True,success,success,True,True,True,True
N1_C_RETRO__M6A2__swiss_roll_with_hole__f_mapper__sigma_0.08__rep12__47dbfe29d7c8f281,M6A2__swiss_roll_with_hole__f_mapper__sigma_0.08__rep12__47dbfe29d7c8f281,swiss_roll_with_hole,f_mapper,0.08,12,True,True,success,success,True,True,True,True
N1_C_RETRO__M6A2__swiss_roll_with_hole__conventional__sigma_0.08__rep13__8f43001274c96b88,M6A2__swiss_roll_with_hole__conventional__sigma_0.08__rep13__8f43001274c96b88,swiss_roll_with_hole,conventional,0.08,13,True,True,success,success,True,True,True,True
N1_C_RETRO__M6A2__swiss_roll_with_hole__f_mapper__sigma_0.08__rep13__e535e33d1cb8a81e,M6A2__swiss_roll_with_hole__f_mapper__sigma_0.08__rep13__e535e33d1cb8a81e,swiss_roll_with_hole,f_mapper,0.08,13,True,True,success,success,True,True,True,True
N1_C_RETRO__M6A2__swiss_roll_with_hole__conventional__sigma_0.08__rep14__0f343af335a51234,M6A2__swiss_roll_with_hole__conventional__sigma_0.08__rep14__0f343af335a51234,swiss_roll_with_hole,conventional,0.08,14,True,True,success,success,True,True,True,True
N1_C_RETRO__M6A2__swiss_roll_with_hole__f_mapper__sigma_0.08__rep14__b1a974cb1261b77e,M6A2__swiss_roll_with_hole__f_mapper__sigma_0.08__rep14__b1a974cb1261b77e,swiss_roll_with_hole,f_mapper,0.08,14,True,True,success,success,True,True,True,True
N1_C_RETRO__M6A2__swiss_roll_with_hole__conventional__sigma_0.08__rep15__1e526cae01706851,M6A2__swiss_roll_with_hole__conventional__sigma_0.08__rep15__1e526cae01706851,swiss_roll_with_hole,conventional,0.08,15,True,True,success,success,True,True,True,True
N1_C_RETRO__M6A2__swiss_roll_with_hole__f_mapper__sigma_0.08__rep15__ae59d491a5522055,M6A2__swiss_roll_with_hole__f_mapper__sigma_0.08__rep15__ae59d491a5522055,swiss_roll_with_hole,f_mapper,0.08,15,True,True,success,success,True,True,True,True
N1_C_RETRO__M6A2__swiss_roll_with_hole__conventional__sigma_0.08__rep16__ba3c882ab2dd1b0f,M6A2__swiss_roll_with_hole__conventional__sigma_0.08__rep16__ba3c882ab2dd1b0f,swiss_roll_with_hole,conventional,0.08,16,True,True,success,success,True,True,True,True
N1_C_RETRO__M6A2__swiss_roll_with_hole__f_mapper__sigma_0.08__rep16__976e0e4671a3ac4c,M6A2__swiss_roll_with_hole__f_mapper__sigma_0.08__rep16__976e0e4671a3ac4c,swiss_roll_with_hole,f_mapper,0.08,16,True,True,success,success,True,True,True,True
N1_C_RETRO__M6A2__swiss_roll_with_hole__conventional__sigma_0.08__rep17__bab0a4f5adfebd88,M6A2__swiss_roll_with_hole__conventional__sigma_0.08__rep17__bab0a4f5adfebd88,swiss_roll_with_hole,conventional,0.08,17,True,True,success,success,True,True,True,True
N1_C_RETRO__M6A2__swiss_roll_with_hole__f_mapper__sigma_0.08__rep17__e4a48506c2a30603,M6A2__swiss_roll_with_hole__f_mapper__sigma_0.08__rep17__e4a48506c2a30603,swiss_roll_with_hole,f_mapper,0.08,17,True,True,success,success,True,True,True,True
N1_C_RETRO__M6A2__swiss_roll_with_hole__conventional__sigma_0.08__rep18__fd88b9a9392fddab,M6A2__swiss_roll_with_hole__conventional__sigma_0.08__rep18__fd88b9a9392fddab,swiss_roll_with_hole,conventional,0.08,18,True,True,success,success,True,True,True,True
N1_C_RETRO__M6A2__swiss_roll_with_hole__f_mapper__sigma_0.08__rep18__14ec3892eeecdec4,M6A2__swiss_roll_with_hole__f_mapper__sigma_0.08__rep18__14ec3892eeecdec4,swiss_roll_with_hole,f_mapper,0.08,18,True,True,success,success,True,True,True,True
N1_C_RETRO__M6A2__swiss_roll_with_hole__conventional__sigma_0.08__rep19__39dcf2dc2116f718,M6A2__swiss_roll_with_hole__conventional__sigma_0.08__rep19__39dcf2dc2116f718,swiss_roll_with_hole,conventional,0.08,19,True,True,success,success,True,True,True,True
N1_C_RETRO__M6A2__swiss_roll_with_hole__f_mapper__sigma_0.08__rep19__f9b7712d1ef5535e,M6A2__swiss_roll_with_hole__f_mapper__sigma_0.08__rep19__f9b7712d1ef5535e,swiss_roll_with_hole,f_mapper,0.08,19,True,True,success,success,True,True,True,True
N1_C_RETRO__M6A2__swiss_roll_with_hole__conventional__sigma_0.08__rep20__1a539e4ee72b6e0a,M6A2__swiss_roll_with_hole__conventional__sigma_0.08__rep20__1a539e4ee72b6e0a,swiss_roll_with_hole,conventional,0.08,20,True,True,success,success,True,True,True,True
N1_C_RETRO__M6A2__swiss_roll_with_hole__f_mapper__sigma_0.08__rep20__fa3295c4e9002a1c,M6A2__swiss_roll_with_hole__f_mapper__sigma_0.08__rep20__fa3295c4e9002a1c,swiss_roll_with_hole,f_mapper,0.08,20,True,True,success,success,True,True,True,True
N1_C_RETRO__M6A2__swiss_roll_with_hole__conventional__sigma_0.08__rep21__5ebcdccf9fbff035,M6A2__swiss_roll_with_hole__conventional__sigma_0.08__rep21__5ebcdccf9fbff035,swiss_roll_with_hole,conventional,0.08,21,True,True,success,success,True,True,True,True
N1_C_RETRO__M6A2__swiss_roll_with_hole__f_mapper__sigma_0.08__rep21__a4f76410b9d88b07,M6A2__swiss_roll_with_hole__f_mapper__sigma_0.08__rep21__a4f76410b9d88b07,swiss_roll_with_hole,f_mapper,0.08,21,True,True,success,success,True,True,True,True
N1_C_RETRO__M6A2__swiss_roll_with_hole__conventional__sigma_0.08__rep22__c340efe205b76274,M6A2__swiss_roll_with_hole__conventional__sigma_0.08__rep22__c340efe205b76274,swiss_roll_with_hole,conventional,0.08,22,True,True,success,success,True,True,True,True
N1_C_RETRO__M6A2__swiss_roll_with_hole__f_mapper__sigma_0.08__rep22__9d4e7ef58d41deb7,M6A2__swiss_roll_with_hole__f_mapper__sigma_0.08__rep22__9d4e7ef58d41deb7,swiss_roll_with_hole,f_mapper,0.08,22,True,True,success,success,True,True,True,True
N1_C_RETRO__M6A2__swiss_roll_with_hole__conventional__sigma_0.08__rep23__37ac28fa551a0a11,M6A2__swiss_roll_with_hole__conventional__sigma_0.08__rep23__37ac28fa551a0a11,swiss_roll_with_hole,conventional,0.08,23,True,True,success,success,True,True,True,True
N1_C_RETRO__M6A2__swiss_roll_with_hole__f_mapper__sigma_0.08__rep23__32d2b4510fcaa8b2,M6A2__swiss_roll_with_hole__f_mapper__sigma_0.08__rep23__32d2b4510fcaa8b2,swiss_roll_with_hole,f_mapper,0.08,23,True,True,success,success,True,True,True,True
N1_C_RETRO__M6A2__swiss_roll_with_hole__conventional__sigma_0.08__rep24__78ec5abf3552a4c2,M6A2__swiss_roll_with_hole__conventional__sigma_0.08__rep24__78ec5abf3552a4c2,swiss_roll_with_hole,conventional,0.08,24,True,True,success,success,True,True,True,True
N1_C_RETRO__M6A2__swiss_roll_with_hole__f_mapper__sigma_0.08__rep24__df8284553cd7597c,M6A2__swiss_roll_with_hole__f_mapper__sigma_0.08__rep24__df8284553cd7597c,swiss_roll_with_hole,f_mapper,0.08,24,True,True,success,success,True,True,True,True
N1_C_RETRO__M6A2__swiss_roll_with_hole__conventional__sigma_0.08__rep25__93664a90b9e98175,M6A2__swiss_roll_with_hole__conventional__sigma_0.08__rep25__93664a90b9e98175,swiss_roll_with_hole,conventional,0.08,25,True,True,success,success,True,True,True,True
N1_C_RETRO__M6A2__swiss_roll_with_hole__f_mapper__sigma_0.08__rep25__e1bbd4d3b5419c8f,M6A2__swiss_roll_with_hole__f_mapper__sigma_0.08__rep25__e1bbd4d3b5419c8f,swiss_roll_with_hole,f_mapper,0.08,25,True,True,success,success,True,True,True,True
N1_C_RETRO__M6A2__swiss_roll_with_hole__conventional__sigma_0.08__rep26__95704577ba05f1e8,M6A2__swiss_roll_with_hole__conventional__sigma_0.08__rep26__95704577ba05f1e8,swiss_roll_with_hole,conventional,0.08,26,True,True,success,success,True,True,True,True
N1_C_RETRO__M6A2__swiss_roll_with_hole__f_mapper__sigma_0.08__rep26__fa7a8ec70b64c469,M6A2__swiss_roll_with_hole__f_mapper__sigma_0.08__rep26__fa7a8ec70b64c469,swiss_roll_with_hole,f_mapper,0.08,26,True,True,success,success,True,True,True,True
N1_C_RETRO__M6A2__swiss_roll_with_hole__conventional__sigma_0.08__rep27__8b55170e665c79c9,M6A2__swiss_roll_with_hole__conventional__sigma_0.08__rep27__8b55170e665c79c9,swiss_roll_with_hole,conventional,0.08,27,True,True,success,success,True,True,True,True
N1_C_RETRO__M6A2__swiss_roll_with_hole__f_mapper__sigma_0.08__rep27__72a332ad29107928,M6A2__swiss_roll_with_hole__f_mapper__sigma_0.08__rep27__72a332ad29107928,swiss_roll_with_hole,f_mapper,0.08,27,True,True,success,success,True,True,True,True
N1_C_RETRO__M6A2__swiss_roll_with_hole__conventional__sigma_0.08__rep28__444ad99ff3fbf39f,M6A2__swiss_roll_with_hole__conventional__sigma_0.08__rep28__444ad99ff3fbf39f,swiss_roll_with_hole,conventional,0.08,28,True,True,success,success,True,True,True,True
N1_C_RETRO__M6A2__swiss_roll_with_hole__f_mapper__sigma_0.08__rep28__86609f5c8a00a87b,M6A2__swiss_roll_with_hole__f_mapper__sigma_0.08__rep28__86609f5c8a00a87b,swiss_roll_with_hole,f_mapper,0.08,28,True,True,success,success,True,True,True,True
N1_C_RETRO__M6A2__swiss_roll_with_hole__conventional__sigma_0.08__rep29__3ef346d69eb7867a,M6A2__swiss_roll_with_hole__conventional__sigma_0.08__rep29__3ef346d69eb7867a,swiss_roll_with_hole,conventional,0.08,29,True,True,success,success,True,True,True,True
N1_C_RETRO__M6A2__swiss_roll_with_hole__f_mapper__sigma_0.08__rep29__727ab30145a1840b,M6A2__swiss_roll_with_hole__f_mapper__sigma_0.08__rep29__727ab30145a1840b,swiss_roll_with_hole,f_mapper,0.08,29,True,True,success,success,True,True,True,True
N1_C_RETRO__M6A2__swiss_roll_with_hole__conventional__sigma_0.08__rep30__b99d1411bd5eed32,M6A2__swiss_roll_with_hole__conventional__sigma_0.08__rep30__b99d1411bd5eed32,swiss_roll_with_hole,conventional,0.08,30,True,True,success,success,True,True,True,True
N1_C_RETRO__M6A2__swiss_roll_with_hole__f_mapper__sigma_0.08__rep30__7cb56023d07c08c1,M6A2__swiss_roll_with_hole__f_mapper__sigma_0.08__rep30__7cb56023d07c08c1,swiss_roll_with_hole,f_mapper,0.08,30,True,True,success,success,True,True,True,True
N1_C_RETRO__M6A2__swiss_roll_with_hole__conventional__sigma_0.10__rep1__c4c9d27599a7b855,M6A2__swiss_roll_with_hole__conventional__sigma_0.10__rep1__c4c9d27599a7b855,swiss_roll_with_hole,conventional,0.1,1,True,True,success,success,True,True,True,True
N1_C_RETRO__M6A2__swiss_roll_with_hole__f_mapper__sigma_0.10__rep1__6314feb250cb65b5,M6A2__swiss_roll_with_hole__f_mapper__sigma_0.10__rep1__6314feb250cb65b5,swiss_roll_with_hole,f_mapper,0.1,1,True,True,success,success,True,True,True,True
N1_C_RETRO__M6A2__swiss_roll_with_hole__conventional__sigma_0.10__rep2__6652364d4e613f0e,M6A2__swiss_roll_with_hole__conventional__sigma_0.10__rep2__6652364d4e613f0e,swiss_roll_with_hole,conventional,0.1,2,True,True,success,success,True,True,True,True
N1_C_RETRO__M6A2__swiss_roll_with_hole__f_mapper__sigma_0.10__rep2__4997f345a603880e,M6A2__swiss_roll_with_hole__f_mapper__sigma_0.10__rep2__4997f345a603880e,swiss_roll_with_hole,f_mapper,0.1,2,True,True,success,success,True,True,True,True
N1_C_RETRO__M6A2__swiss_roll_with_hole__conventional__sigma_0.10__rep3__771b09fc98b76639,M6A2__swiss_roll_with_hole__conventional__sigma_0.10__rep3__771b09fc98b76639,swiss_roll_with_hole,conventional,0.1,3,True,True,success,success,True,True,True,True
N1_C_RETRO__M6A2__swiss_roll_with_hole__f_mapper__sigma_0.10__rep3__7fbe26c77bfe5d40,M6A2__swiss_roll_with_hole__f_mapper__sigma_0.10__rep3__7fbe26c77bfe5d40,swiss_roll_with_hole,f_mapper,0.1,3,True,True,success,success,True,True,True,True
N1_C_RETRO__M6A2__swiss_roll_with_hole__conventional__sigma_0.10__rep4__4d7c6aa6de800836,M6A2__swiss_roll_with_hole__conventional__sigma_0.10__rep4__4d7c6aa6de800836,swiss_roll_with_hole,conventional,0.1,4,True,True,success,success,True,True,True,True
N1_C_RETRO__M6A2__swiss_roll_with_hole__f_mapper__sigma_0.10__rep4__da4f3952d68a61e0,M6A2__swiss_roll_with_hole__f_mapper__sigma_0.10__rep4__da4f3952d68a61e0,swiss_roll_with_hole,f_mapper,0.1,4,True,True,success,success,True,True,True,True
N1_C_RETRO__M6A2__swiss_roll_with_hole__conventional__sigma_0.10__rep5__a3cd07991854de99,M6A2__swiss_roll_with_hole__conventional__sigma_0.10__rep5__a3cd07991854de99,swiss_roll_with_hole,conventional,0.1,5,True,True,success,success,True,True,True,True
N1_C_RETRO__M6A2__swiss_roll_with_hole__f_mapper__sigma_0.10__rep5__354b51de8cff90c1,M6A2__swiss_roll_with_hole__f_mapper__sigma_0.10__rep5__354b51de8cff90c1,swiss_roll_with_hole,f_mapper,0.1,5,True,True,success,success,True,True,True,True
N1_C_RETRO__M6A2__swiss_roll_with_hole__conventional__sigma_0.10__rep6__f10ec11085013a5d,M6A2__swiss_roll_with_hole__conventional__sigma_0.10__rep6__f10ec11085013a5d,swiss_roll_with_hole,conventional,0.1,6,True,True,success,success,True,True,True,True
N1_C_RETRO__M6A2__swiss_roll_with_hole__f_mapper__sigma_0.10__rep6__74043831a7e8f54e,M6A2__swiss_roll_with_hole__f_mapper__sigma_0.10__rep6__74043831a7e8f54e,swiss_roll_with_hole,f_mapper,0.1,6,True,True,success,success,True,True,True,True
N1_C_RETRO__M6A2__swiss_roll_with_hole__conventional__sigma_0.10__rep7__43c4d8dc7dfda4ef,M6A2__swiss_roll_with_hole__conventional__sigma_0.10__rep7__43c4d8dc7dfda4ef,swiss_roll_with_hole,conventional,0.1,7,True,True,success,success,True,True,True,True
N1_C_RETRO__M6A2__swiss_roll_with_hole__f_mapper__sigma_0.10__rep7__a1db47943755e656,M6A2__swiss_roll_with_hole__f_mapper__sigma_0.10__rep7__a1db47943755e656,swiss_roll_with_hole,f_mapper,0.1,7,True,True,success,success,True,True,True,True
N1_C_RETRO__M6A2__swiss_roll_with_hole__conventional__sigma_0.10__rep8__d4d96ebc5eb3d1a0,M6A2__swiss_roll_with_hole__conventional__sigma_0.10__rep8__d4d96ebc5eb3d1a0,swiss_roll_with_hole,conventional,0.1,8,True,True,success,success,True,True,True,True
N1_C_RETRO__M6A2__swiss_roll_with_hole__f_mapper__sigma_0.10__rep8__2183d3a2eee657a6,M6A2__swiss_roll_with_hole__f_mapper__sigma_0.10__rep8__2183d3a2eee657a6,swiss_roll_with_hole,f_mapper,0.1,8,True,True,success,success,True,True,True,True
N1_C_RETRO__M6A2__swiss_roll_with_hole__conventional__sigma_0.10__rep9__8027e65b3b9f3a0b,M6A2__swiss_roll_with_hole__conventional__sigma_0.10__rep9__8027e65b3b9f3a0b,swiss_roll_with_hole,conventional,0.1,9,True,True,success,success,True,True,True,True
N1_C_RETRO__M6A2__swiss_roll_with_hole__f_mapper__sigma_0.10__rep9__317bb02482296861,M6A2__swiss_roll_with_hole__f_mapper__sigma_0.10__rep9__317bb02482296861,swiss_roll_with_hole,f_mapper,0.1,9,True,True,success,success,True,True,True,True
N1_C_RETRO__M6A2__swiss_roll_with_hole__conventional__sigma_0.10__rep10__14dea71245a5d30f,M6A2__swiss_roll_with_hole__conventional__sigma_0.10__rep10__14dea71245a5d30f,swiss_roll_with_hole,conventional,0.1,10,True,True,success,success,True,True,True,True
N1_C_RETRO__M6A2__swiss_roll_with_hole__f_mapper__sigma_0.10__rep10__1b18077a1c6c94aa,M6A2__swiss_roll_with_hole__f_mapper__sigma_0.10__rep10__1b18077a1c6c94aa,swiss_roll_with_hole,f_mapper,0.1,10,True,True,success,success,True,True,True,True
N1_C_RETRO__M6A2__swiss_roll_with_hole__conventional__sigma_0.10__rep11__f5791ced90163f15,M6A2__swiss_roll_with_hole__conventional__sigma_0.10__rep11__f5791ced90163f15,swiss_roll_with_hole,conventional,0.1,11,True,True,success,success,True,True,True,True
N1_C_RETRO__M6A2__swiss_roll_with_hole__f_mapper__sigma_0.10__rep11__8e5d18b4abef3f76,M6A2__swiss_roll_with_hole__f_mapper__sigma_0.10__rep11__8e5d18b4abef3f76,swiss_roll_with_hole,f_mapper,0.1,11,True,True,success,success,True,True,True,True
N1_C_RETRO__M6A2__swiss_roll_with_hole__conventional__sigma_0.10__rep12__1159243422b72c9b,M6A2__swiss_roll_with_hole__conventional__sigma_0.10__rep12__1159243422b72c9b,swiss_roll_with_hole,conventional,0.1,12,True,True,success,success,True,True,True,True
N1_C_RETRO__M6A2__swiss_roll_with_hole__f_mapper__sigma_0.10__rep12__bc87a3a405564f1c,M6A2__swiss_roll_with_hole__f_mapper__sigma_0.10__rep12__bc87a3a405564f1c,swiss_roll_with_hole,f_mapper,0.1,12,True,True,success,success,True,True,True,True
N1_C_RETRO__M6A2__swiss_roll_with_hole__conventional__sigma_0.10__rep13__61b3725bc20b4cb6,M6A2__swiss_roll_with_hole__conventional__sigma_0.10__rep13__61b3725bc20b4cb6,swiss_roll_with_hole,conventional,0.1,13,True,True,success,success,True,True,True,True
N1_C_RETRO__M6A2__swiss_roll_with_hole__f_mapper__sigma_0.10__rep13__0bd52c131ec88ad4,M6A2__swiss_roll_with_hole__f_mapper__sigma_0.10__rep13__0bd52c131ec88ad4,swiss_roll_with_hole,f_mapper,0.1,13,True,True,success,success,True,True,True,True
N1_C_RETRO__M6A2__swiss_roll_with_hole__conventional__sigma_0.10__rep14__c3c2e17089385fa6,M6A2__swiss_roll_with_hole__conventional__sigma_0.10__rep14__c3c2e17089385fa6,swiss_roll_with_hole,conventional,0.1,14,True,True,success,success,True,True,True,True
N1_C_RETRO__M6A2__swiss_roll_with_hole__f_mapper__sigma_0.10__rep14__bdc79809025feec2,M6A2__swiss_roll_with_hole__f_mapper__sigma_0.10__rep14__bdc79809025feec2,swiss_roll_with_hole,f_mapper,0.1,14,True,True,success,success,True,True,True,True
N1_C_RETRO__M6A2__swiss_roll_with_hole__conventional__sigma_0.10__rep15__3be6f78b646df5d8,M6A2__swiss_roll_with_hole__conventional__sigma_0.10__rep15__3be6f78b646df5d8,swiss_roll_with_hole,conventional,0.1,15,True,True,success,success,True,True,True,True
N1_C_RETRO__M6A2__swiss_roll_with_hole__f_mapper__sigma_0.10__rep15__6ee60da5fcbb2b68,M6A2__swiss_roll_with_hole__f_mapper__sigma_0.10__rep15__6ee60da5fcbb2b68,swiss_roll_with_hole,f_mapper,0.1,15,True,True,success,success,True,True,True,True
N1_C_RETRO__M6A2__swiss_roll_with_hole__conventional__sigma_0.10__rep16__06413b8fcce4599b,M6A2__swiss_roll_with_hole__conventional__sigma_0.10__rep16__06413b8fcce4599b,swiss_roll_with_hole,conventional,0.1,16,True,True,success,success,True,True,True,True
N1_C_RETRO__M6A2__swiss_roll_with_hole__f_mapper__sigma_0.10__rep16__e28d16eb2017f7e9,M6A2__swiss_roll_with_hole__f_mapper__sigma_0.10__rep16__e28d16eb2017f7e9,swiss_roll_with_hole,f_mapper,0.1,16,True,True,success,success,True,True,True,True
N1_C_RETRO__M6A2__swiss_roll_with_hole__conventional__sigma_0.10__rep17__b0e4186bd55cf930,M6A2__swiss_roll_with_hole__conventional__sigma_0.10__rep17__b0e4186bd55cf930,swiss_roll_with_hole,conventional,0.1,17,True,True,success,success,True,True,True,True
N1_C_RETRO__M6A2__swiss_roll_with_hole__f_mapper__sigma_0.10__rep17__e73903fcfc9b4191,M6A2__swiss_roll_with_hole__f_mapper__sigma_0.10__rep17__e73903fcfc9b4191,swiss_roll_with_hole,f_mapper,0.1,17,True,True,fcm_non_convergence,fcm_non_convergence,True,N/A_failure,N/A_failure,N/A_failure
N1_C_RETRO__M6A2__swiss_roll_with_hole__conventional__sigma_0.10__rep18__b3b5423457f2ce8c,M6A2__swiss_roll_with_hole__conventional__sigma_0.10__rep18__b3b5423457f2ce8c,swiss_roll_with_hole,conventional,0.1,18,True,True,success,success,True,True,True,True
N1_C_RETRO__M6A2__swiss_roll_with_hole__f_mapper__sigma_0.10__rep18__83e1808566f188a6,M6A2__swiss_roll_with_hole__f_mapper__sigma_0.10__rep18__83e1808566f188a6,swiss_roll_with_hole,f_mapper,0.1,18,True,True,success,success,True,True,True,True
N1_C_RETRO__M6A2__swiss_roll_with_hole__conventional__sigma_0.10__rep19__873a8178ed331f7d,M6A2__swiss_roll_with_hole__conventional__sigma_0.10__rep19__873a8178ed331f7d,swiss_roll_with_hole,conventional,0.1,19,True,True,success,success,True,True,True,True
N1_C_RETRO__M6A2__swiss_roll_with_hole__f_mapper__sigma_0.10__rep19__4e207a47516eb8a3,M6A2__swiss_roll_with_hole__f_mapper__sigma_0.10__rep19__4e207a47516eb8a3,swiss_roll_with_hole,f_mapper,0.1,19,True,True,success,success,True,True,True,True
N1_C_RETRO__M6A2__swiss_roll_with_hole__conventional__sigma_0.10__rep20__d5579ed823670767,M6A2__swiss_roll_with_hole__conventional__sigma_0.10__rep20__d5579ed823670767,swiss_roll_with_hole,conventional,0.1,20,True,True,success,success,True,True,True,True
N1_C_RETRO__M6A2__swiss_roll_with_hole__f_mapper__sigma_0.10__rep20__9233c25b30f8de35,M6A2__swiss_roll_with_hole__f_mapper__sigma_0.10__rep20__9233c25b30f8de35,swiss_roll_with_hole,f_mapper,0.1,20,True,True,success,success,True,True,True,True
N1_C_RETRO__M6A2__swiss_roll_with_hole__conventional__sigma_0.10__rep21__2a3ee6d072e52f52,M6A2__swiss_roll_with_hole__conventional__sigma_0.10__rep21__2a3ee6d072e52f52,swiss_roll_with_hole,conventional,0.1,21,True,True,success,success,True,True,True,True
N1_C_RETRO__M6A2__swiss_roll_with_hole__f_mapper__sigma_0.10__rep21__9eac376ecd3d6056,M6A2__swiss_roll_with_hole__f_mapper__sigma_0.10__rep21__9eac376ecd3d6056,swiss_roll_with_hole,f_mapper,0.1,21,True,True,success,success,True,True,True,True
N1_C_RETRO__M6A2__swiss_roll_with_hole__conventional__sigma_0.10__rep22__79aff947e9787183,M6A2__swiss_roll_with_hole__conventional__sigma_0.10__rep22__79aff947e9787183,swiss_roll_with_hole,conventional,0.1,22,True,True,success,success,True,True,True,True
N1_C_RETRO__M6A2__swiss_roll_with_hole__f_mapper__sigma_0.10__rep22__de27e5e6b07cc6f9,M6A2__swiss_roll_with_hole__f_mapper__sigma_0.10__rep22__de27e5e6b07cc6f9,swiss_roll_with_hole,f_mapper,0.1,22,True,True,success,success,True,True,True,True
N1_C_RETRO__M6A2__swiss_roll_with_hole__conventional__sigma_0.10__rep23__a64e1439df36699a,M6A2__swiss_roll_with_hole__conventional__sigma_0.10__rep23__a64e1439df36699a,swiss_roll_with_hole,conventional,0.1,23,True,True,success,success,True,True,True,True
N1_C_RETRO__M6A2__swiss_roll_with_hole__f_mapper__sigma_0.10__rep23__48e5dcffa3fc0ede,M6A2__swiss_roll_with_hole__f_mapper__sigma_0.10__rep23__48e5dcffa3fc0ede,swiss_roll_with_hole,f_mapper,0.1,23,True,True,success,success,True,True,True,True
N1_C_RETRO__M6A2__swiss_roll_with_hole__conventional__sigma_0.10__rep24__540eb4a7fbd9fa84,M6A2__swiss_roll_with_hole__conventional__sigma_0.10__rep24__540eb4a7fbd9fa84,swiss_roll_with_hole,conventional,0.1,24,True,True,success,success,True,True,True,True
N1_C_RETRO__M6A2__swiss_roll_with_hole__f_mapper__sigma_0.10__rep24__5bf4a458f046b9d5,M6A2__swiss_roll_with_hole__f_mapper__sigma_0.10__rep24__5bf4a458f046b9d5,swiss_roll_with_hole,f_mapper,0.1,24,True,True,success,success,True,True,True,True
N1_C_RETRO__M6A2__swiss_roll_with_hole__conventional__sigma_0.10__rep25__e884664232afb8f4,M6A2__swiss_roll_with_hole__conventional__sigma_0.10__rep25__e884664232afb8f4,swiss_roll_with_hole,conventional,0.1,25,True,True,success,success,True,True,True,True
N1_C_RETRO__M6A2__swiss_roll_with_hole__f_mapper__sigma_0.10__rep25__1126f4bac2c7a57f,M6A2__swiss_roll_with_hole__f_mapper__sigma_0.10__rep25__1126f4bac2c7a57f,swiss_roll_with_hole,f_mapper,0.1,25,True,True,success,success,True,True,True,True
N1_C_RETRO__M6A2__swiss_roll_with_hole__conventional__sigma_0.10__rep26__f587b84182f959b9,M6A2__swiss_roll_with_hole__conventional__sigma_0.10__rep26__f587b84182f959b9,swiss_roll_with_hole,conventional,0.1,26,True,True,success,success,True,True,True,True
N1_C_RETRO__M6A2__swiss_roll_with_hole__f_mapper__sigma_0.10__rep26__5917b0fa56316dae,M6A2__swiss_roll_with_hole__f_mapper__sigma_0.10__rep26__5917b0fa56316dae,swiss_roll_with_hole,f_mapper,0.1,26,True,True,success,success,True,True,True,True
N1_C_RETRO__M6A2__swiss_roll_with_hole__conventional__sigma_0.10__rep27__4546c83a86194e14,M6A2__swiss_roll_with_hole__conventional__sigma_0.10__rep27__4546c83a86194e14,swiss_roll_with_hole,conventional,0.1,27,True,True,success,success,True,True,True,True
N1_C_RETRO__M6A2__swiss_roll_with_hole__f_mapper__sigma_0.10__rep27__3f38b4db2cf67fd1,M6A2__swiss_roll_with_hole__f_mapper__sigma_0.10__rep27__3f38b4db2cf67fd1,swiss_roll_with_hole,f_mapper,0.1,27,True,True,success,success,True,True,True,True
N1_C_RETRO__M6A2__swiss_roll_with_hole__conventional__sigma_0.10__rep28__f40655ef91218ceb,M6A2__swiss_roll_with_hole__conventional__sigma_0.10__rep28__f40655ef91218ceb,swiss_roll_with_hole,conventional,0.1,28,True,True,success,success,True,True,True,True
N1_C_RETRO__M6A2__swiss_roll_with_hole__f_mapper__sigma_0.10__rep28__dc43183034bf342f,M6A2__swiss_roll_with_hole__f_mapper__sigma_0.10__rep28__dc43183034bf342f,swiss_roll_with_hole,f_mapper,0.1,28,True,True,success,success,True,True,True,True
N1_C_RETRO__M6A2__swiss_roll_with_hole__conventional__sigma_0.10__rep29__18b4a56b259a5f08,M6A2__swiss_roll_with_hole__conventional__sigma_0.10__rep29__18b4a56b259a5f08,swiss_roll_with_hole,conventional,0.1,29,True,True,success,success,True,True,True,True
N1_C_RETRO__M6A2__swiss_roll_with_hole__f_mapper__sigma_0.10__rep29__77cb9bafbb144cbc,M6A2__swiss_roll_with_hole__f_mapper__sigma_0.10__rep29__77cb9bafbb144cbc,swiss_roll_with_hole,f_mapper,0.1,29,True,True,success,success,True,True,True,True
N1_C_RETRO__M6A2__swiss_roll_with_hole__conventional__sigma_0.10__rep30__ecf0f0f780aed517,M6A2__swiss_roll_with_hole__conventional__sigma_0.10__rep30__ecf0f0f780aed517,swiss_roll_with_hole,conventional,0.1,30,True,True,success,success,True,True,True,True
N1_C_RETRO__M6A2__swiss_roll_with_hole__f_mapper__sigma_0.10__rep30__83ee7f52f69f46ef,M6A2__swiss_roll_with_hole__f_mapper__sigma_0.10__rep30__83ee7f52f69f46ef,swiss_roll_with_hole,f_mapper,0.1,30,True,True,success,success,True,True,True,True
