shared_construction_id,mapper_run_id,axis1_record_id,axis2_record_id,membership_payload_hash,dataset_hash,sigma,replicate_id,status,pullback_identity_match,linkage_valid
95bfc1283e54167b5bec7bc0bb95223dbda75d1deebc75d3e7a70321ee2dddfa,N1_C_DIGITS__conventional__sigma_0.00__rep00,AXIS1__N1_C_DIGITS__conventional__sigma_0.00__rep00,AXIS2__N1_C_DIGITS__conventional__sigma_0.00__rep00,d2ab8d059ec01132e501544efeddfed4dc7bf973a49647b435397d0db3762ea6,23a53393488b04f92efc45ebc92767e2dcfdf206ba37a928f497d261e42267d2,0.0,0,success,True,True
deea60d2bb1da4bf159488bddc8d545e57a86fe3d5519531a83cd5ce2bc44bf5,N1_C_DIGITS__f_mapper__sigma_0.00__rep00,AXIS1__N1_C_DIGITS__f_mapper__sigma_0.00__rep00,AXIS2__N1_C_DIGITS__f_mapper__sigma_0.00__rep00,,23a53393488b04f92efc45ebc92767e2dcfdf206ba37a928f497d261e42267d2,0.0,0,fcm_non_convergence,True,True
ab48b3cb0f868e2e96209899c76f901b390140d736840618778e313ac2d1ca29,N1_C_DIGITS__conventional__sigma_0.01__rep01,AXIS1__N1_C_DIGITS__conventional__sigma_0.01__rep01,AXIS2__N1_C_DIGITS__conventional__sigma_0.01__rep01,de2707db6675a2d5c0f494b32e90fd577687b3748d6f0e738a0e48216a2429e9,096d92bb0126e13a16ae60a3d1f3f29a96713ca0eec89a880b4e95bfd0370e6b,0.01,1,success,True,True
0eb5767c2e60c5f0335bd6500d4d1fe73414ccbe465751d9e774cf791fa22c5c,N1_C_DIGITS__f_mapper__sigma_0.01__rep01,AXIS1__N1_C_DIGITS__f_mapper__sigma_0.01__rep01,AXIS2__N1_C_DIGITS__f_mapper__sigma_0.01__rep01,31a0d133d1d01f0488f61398fdbb2ffe1d266daf2d886fecd7a183083c58d9be,096d92bb0126e13a16ae60a3d1f3f29a96713ca0eec89a880b4e95bfd0370e6b,0.01,1,success,True,True
92fa20a29c6b1a666b493ce3138227e2191e37d7a4034d6f439066252176d5ce,N1_C_DIGITS__conventional__sigma_0.01__rep02,AXIS1__N1_C_DIGITS__conventional__sigma_0.01__rep02,AXIS2__N1_C_DIGITS__conventional__sigma_0.01__rep02,4c2a1553facb7436073f034eb8ca483f2fb30d772456d4c6425cc3628396935e,30a2c34f2b888db7f1e1d62ee061c75bdb68a253ee880f7bd5e6804e096b9b35,0.01,2,success,True,True
6aeab5fbef049365546abd516bc768f5adba7c249eb2a4e410238fe339d2941c,N1_C_DIGITS__f_mapper__sigma_0.01__rep02,AXIS1__N1_C_DIGITS__f_mapper__sigma_0.01__rep02,AXIS2__N1_C_DIGITS__f_mapper__sigma_0.01__rep02,,30a2c34f2b888db7f1e1d62ee061c75bdb68a253ee880f7bd5e6804e096b9b35,0.01,2,fcm_non_convergence,True,True
20f9278432080a13db5c96fe71562eb3edbc30eefd315f285a0a0f0bd3883e76,N1_C_DIGITS__conventional__sigma_0.01__rep03,AXIS1__N1_C_DIGITS__conventional__sigma_0.01__rep03,AXIS2__N1_C_DIGITS__conventional__sigma_0.01__rep03,03464bcbd6f6c515388c015dfedb96ac4233e7aed883c1abdf37f3220a622b51,f1e8aa1ba1b555b03ab2dc7b63b6a2c55587e69c78fbc1cd0031b6e61dbf3c51,0.01,3,success,True,True
016f5ba9d681053c61baf1cf79e609cb116e2a93db1fa7fcc011ba456b274c50,N1_C_DIGITS__f_mapper__sigma_0.01__rep03,AXIS1__N1_C_DIGITS__f_mapper__sigma_0.01__rep03,AXIS2__N1_C_DIGITS__f_mapper__sigma_0.01__rep03,,f1e8aa1ba1b555b03ab2dc7b63b6a2c55587e69c78fbc1cd0031b6e61dbf3c51,0.01,3,fcm_non_convergence,True,True
9b1ddf8cc131b699e3e13009ddf536a1183c010b04d7ca5473a352b1a334f569,N1_C_DIGITS__conventional__sigma_0.01__rep04,AXIS1__N1_C_DIGITS__conventional__sigma_0.01__rep04,AXIS2__N1_C_DIGITS__conventional__sigma_0.01__rep04,3c2aff5e3a0d8628513b415f1782169387bfb15846e998e1a9de592148249e82,7bff1832109d7a41bcf50a95d306b6724d543eccca491cc6da253665f268f130,0.01,4,success,True,True
88422cb9d27ad475f247e7b6b78f87ad89798122e272023874cfb684cf726694,N1_C_DIGITS__f_mapper__sigma_0.01__rep04,AXIS1__N1_C_DIGITS__f_mapper__sigma_0.01__rep04,AXIS2__N1_C_DIGITS__f_mapper__sigma_0.01__rep04,,7bff1832109d7a41bcf50a95d306b6724d543eccca491cc6da253665f268f130,0.01,4,fcm_non_convergence,True,True
27e40215e0b02205cb0f9b869d75156ea7ec3ebcd128f3063d6d7b98f7807c69,N1_C_DIGITS__conventional__sigma_0.01__rep05,AXIS1__N1_C_DIGITS__conventional__sigma_0.01__rep05,AXIS2__N1_C_DIGITS__conventional__sigma_0.01__rep05,93beceb2f4f92f86f54ae6b3a84d932cb8ab7e2953b20c5980ae3c66d694adda,3ee9189aeafd2daf384b591c685b71a5a45be94ba8d424d581331008f5e853b6,0.01,5,success,True,True
77a2b795097876bf25ea0384fc69f33c03108827c53025cfe526e0cbc8f6bc0a,N1_C_DIGITS__f_mapper__sigma_0.01__rep05,AXIS1__N1_C_DIGITS__f_mapper__sigma_0.01__rep05,AXIS2__N1_C_DIGITS__f_mapper__sigma_0.01__rep05,,3ee9189aeafd2daf384b591c685b71a5a45be94ba8d424d581331008f5e853b6,0.01,5,fcm_non_convergence,True,True
68ad15ea461c2308873becb0513f58ac1fa3deccf2eec9e209775a8e4d48cc55,N1_C_DIGITS__conventional__sigma_0.01__rep06,AXIS1__N1_C_DIGITS__conventional__sigma_0.01__rep06,AXIS2__N1_C_DIGITS__conventional__sigma_0.01__rep06,b8794f2b9656534501994469a5da1f397c9f505fd3345ac4c4a69442a05e22b6,e9dfb7e8cf2d19924989bdde5dadec798a1bee29a050d56d4531a748459fe094,0.01,6,success,True,True
ecd25a00c561d6c1fb5192c8b48bc379dcf70a9c07fbe55361f988c22749f05b,N1_C_DIGITS__f_mapper__sigma_0.01__rep06,AXIS1__N1_C_DIGITS__f_mapper__sigma_0.01__rep06,AXIS2__N1_C_DIGITS__f_mapper__sigma_0.01__rep06,f732d687c0242ea02b331fee8661fd204b0f30d83388a25edccbad3bf5e7adb5,e9dfb7e8cf2d19924989bdde5dadec798a1bee29a050d56d4531a748459fe094,0.01,6,success,True,True
b85faf1be0519d19991651633f3447e0e8381db736a05e7b8b4bcad7a230755d,N1_C_DIGITS__conventional__sigma_0.01__rep07,AXIS1__N1_C_DIGITS__conventional__sigma_0.01__rep07,AXIS2__N1_C_DIGITS__conventional__sigma_0.01__rep07,ce198be780e1f0893e27c62f278425d486f4ba8a8eb31f68e9c22b4f9d7f3fca,b4824487d4460b1ab23901d9c7cea53ed24e079d9dcd8a7aa1e483196a4a88e1,0.01,7,success,True,True
f3e2b7e34f181a862cde9589c6c8c495495795a4458faf863714c412dda05342,N1_C_DIGITS__f_mapper__sigma_0.01__rep07,AXIS1__N1_C_DIGITS__f_mapper__sigma_0.01__rep07,AXIS2__N1_C_DIGITS__f_mapper__sigma_0.01__rep07,,b4824487d4460b1ab23901d9c7cea53ed24e079d9dcd8a7aa1e483196a4a88e1,0.01,7,fcm_non_convergence,True,True
dcc7fa352434dc01ba2c70f406b3fdd033fb568957758ba1591f8c3d44f25e1e,N1_C_DIGITS__conventional__sigma_0.01__rep08,AXIS1__N1_C_DIGITS__conventional__sigma_0.01__rep08,AXIS2__N1_C_DIGITS__conventional__sigma_0.01__rep08,199024a4ceb93ef7541db2283d7a0b33635cfb76da317c242ca47783ff34d01d,503fc6a6c66aed0e8ed80cd08f36ab293fd7f040198e480bd70c07ace2d30a19,0.01,8,success,True,True
71b5f48ca51a48a5da149f05a6dea20415c8e7196e235a56fb3c94215967f7a7,N1_C_DIGITS__f_mapper__sigma_0.01__rep08,AXIS1__N1_C_DIGITS__f_mapper__sigma_0.01__rep08,AXIS2__N1_C_DIGITS__f_mapper__sigma_0.01__rep08,11ee79febb4b27befe7750c5b9e7c189c73aafbe7c9d89beaffd64609f161ed2,503fc6a6c66aed0e8ed80cd08f36ab293fd7f040198e480bd70c07ace2d30a19,0.01,8,success,True,True
96ea235bd93ec8bad1abf312c3ccd9f1f9f23b9eca9bd42d6d113f3c32424213,N1_C_DIGITS__conventional__sigma_0.01__rep09,AXIS1__N1_C_DIGITS__conventional__sigma_0.01__rep09,AXIS2__N1_C_DIGITS__conventional__sigma_0.01__rep09,9d209f03c54e436488657d293c5439cdc369b2a758f54bc7ad071c0d4f4a5bf0,885e0abd7f5397d8eb68364e01e7926167051457791df33645edcb9ebe344240,0.01,9,success,True,True
46af6482b3df440e8d0cef9bbe8d39f36267693a261651561add23ff3255e137,N1_C_DIGITS__f_mapper__sigma_0.01__rep09,AXIS1__N1_C_DIGITS__f_mapper__sigma_0.01__rep09,AXIS2__N1_C_DIGITS__f_mapper__sigma_0.01__rep09,,885e0abd7f5397d8eb68364e01e7926167051457791df33645edcb9ebe344240,0.01,9,fcm_non_convergence,True,True
3dcda6e76d6b6fa70fd8200a9a1daafe58be91d5523d566033c30ae4a9830f72,N1_C_DIGITS__conventional__sigma_0.01__rep10,AXIS1__N1_C_DIGITS__conventional__sigma_0.01__rep10,AXIS2__N1_C_DIGITS__conventional__sigma_0.01__rep10,cc56c23867849e4334caf4916d0722129f961f57552427c5a598852371a83e5e,ad946e4abcf199ee74fe71f06a45438eef9a5463e52376a0275a34ba887180de,0.01,10,success,True,True
a1bddfd8b1bb62d7d0c7d61123d1f48a82010829076fca72ca933e64f65aceec,N1_C_DIGITS__f_mapper__sigma_0.01__rep10,AXIS1__N1_C_DIGITS__f_mapper__sigma_0.01__rep10,AXIS2__N1_C_DIGITS__f_mapper__sigma_0.01__rep10,,ad946e4abcf199ee74fe71f06a45438eef9a5463e52376a0275a34ba887180de,0.01,10,fcm_non_convergence,True,True
ad7ee082789736aab6c35192b18328b4e64a1dcdd8838fd4026f30e2253a9485,N1_C_DIGITS__conventional__sigma_0.01__rep11,AXIS1__N1_C_DIGITS__conventional__sigma_0.01__rep11,AXIS2__N1_C_DIGITS__conventional__sigma_0.01__rep11,c64d92cd81da5d237667e16b8e3f3621e4f9a09e1fb00624d718e6cf35d0a4f5,b5c59b709a7e8987488eba6b7a511a2a277e4537eb8badcc21e6a872c6748099,0.01,11,success,True,True
86e63d98d99d8760e4205908edd2189f21205f86beed90c153662df425c403be,N1_C_DIGITS__f_mapper__sigma_0.01__rep11,AXIS1__N1_C_DIGITS__f_mapper__sigma_0.01__rep11,AXIS2__N1_C_DIGITS__f_mapper__sigma_0.01__rep11,,b5c59b709a7e8987488eba6b7a511a2a277e4537eb8badcc21e6a872c6748099,0.01,11,fcm_non_convergence,True,True
bb21e65678285e56433e2f50a00b96a954372990b3251491140e5c086a506179,N1_C_DIGITS__conventional__sigma_0.01__rep12,AXIS1__N1_C_DIGITS__conventional__sigma_0.01__rep12,AXIS2__N1_C_DIGITS__conventional__sigma_0.01__rep12,cf5db8fbe1cad15943f98500af13b271479c24287f07e91333cb931d157c51b1,65a6735e66dafa50fa1e73885681b16f5ded4234bc20d14d40b9f5dce54d075d,0.01,12,success,True,True
2ab83b34c571cd083a344eafe9cf3b9d3e5d5ee3da4ab0e10cf461ecbf2e7d19,N1_C_DIGITS__f_mapper__sigma_0.01__rep12,AXIS1__N1_C_DIGITS__f_mapper__sigma_0.01__rep12,AXIS2__N1_C_DIGITS__f_mapper__sigma_0.01__rep12,48ac8cf704ab388b7f11bc9cac473cb4de91dca235f00fbab050a3964b8f819a,65a6735e66dafa50fa1e73885681b16f5ded4234bc20d14d40b9f5dce54d075d,0.01,12,success,True,True
054cab20be8a41f7d0b73a5af75e7f4c59c9a74265415689a510d72cd48e667e,N1_C_DIGITS__conventional__sigma_0.01__rep13,AXIS1__N1_C_DIGITS__conventional__sigma_0.01__rep13,AXIS2__N1_C_DIGITS__conventional__sigma_0.01__rep13,953a79687199aa98d46547e28de9a0f1b5493af569dc783daeaba7073c8a7bdf,5a1ba328fbf1e323ba7b0b3684af35c1088758d5937cd0e9ee12cafddc356b32,0.01,13,success,True,True
ec91555d786527de0267b8444be546829e4e611dc29a3b16073da503c8336267,N1_C_DIGITS__f_mapper__sigma_0.01__rep13,AXIS1__N1_C_DIGITS__f_mapper__sigma_0.01__rep13,AXIS2__N1_C_DIGITS__f_mapper__sigma_0.01__rep13,,5a1ba328fbf1e323ba7b0b3684af35c1088758d5937cd0e9ee12cafddc356b32,0.01,13,fcm_non_convergence,True,True
49ff82dc705149d2d2a02c50fd5a0a53dec04b15092087277cfec988140ebc4a,N1_C_DIGITS__conventional__sigma_0.01__rep14,AXIS1__N1_C_DIGITS__conventional__sigma_0.01__rep14,AXIS2__N1_C_DIGITS__conventional__sigma_0.01__rep14,8cc0b9cb256141e9303e4819dfeb99bbae5a75f28ac6e376cca34e009200f67d,ca60b9bed277e863f6b6ceffbfc262c2ad230b1a190630bcb717e7b07c83d49d,0.01,14,success,True,True
aa0a617af7e22980cc622beae7680d8debe484515717adcc9f87bcea3434b13b,N1_C_DIGITS__f_mapper__sigma_0.01__rep14,AXIS1__N1_C_DIGITS__f_mapper__sigma_0.01__rep14,AXIS2__N1_C_DIGITS__f_mapper__sigma_0.01__rep14,7989be4f56eb0f50c89752c306ce65234413bed7ede416ff980cf01fc5553f91,ca60b9bed277e863f6b6ceffbfc262c2ad230b1a190630bcb717e7b07c83d49d,0.01,14,success,True,True
7dbf4c2dbbbcb648349452be46c4b98b4b4171dd5752d86fb6a1e56f02481b37,N1_C_DIGITS__conventional__sigma_0.01__rep15,AXIS1__N1_C_DIGITS__conventional__sigma_0.01__rep15,AXIS2__N1_C_DIGITS__conventional__sigma_0.01__rep15,af2d56ab1fc2f0e8ab092fb65631049dafb334361a5e7a64ba608c6cdb0dbeb0,dd94196e46f34017f44fac0da601256ce08875e5661e0c949f50e17a26347f22,0.01,15,success,True,True
9e1e20f8cd9a27dc0a7d1492d318a487a24b65dfebff4a921d9cdb52b96b936c,N1_C_DIGITS__f_mapper__sigma_0.01__rep15,AXIS1__N1_C_DIGITS__f_mapper__sigma_0.01__rep15,AXIS2__N1_C_DIGITS__f_mapper__sigma_0.01__rep15,,dd94196e46f34017f44fac0da601256ce08875e5661e0c949f50e17a26347f22,0.01,15,fcm_non_convergence,True,True
f60ad3867797ef7077e84ed37b9df1b25626d876e846f7c7a800aed03f75b486,N1_C_DIGITS__conventional__sigma_0.01__rep16,AXIS1__N1_C_DIGITS__conventional__sigma_0.01__rep16,AXIS2__N1_C_DIGITS__conventional__sigma_0.01__rep16,efebdb14450087989dbe20035c88c51e419793f9713f8bc230be9d0cd500c1e3,2da4cdbbd20721d73a43d4d9cb6de313d45fb12bb000d3418493277e10b1d00d,0.01,16,success,True,True
d281fe14ee7d3eeea49cbb9a7404c8ddfa94e486131b1f397e3c829d38931503,N1_C_DIGITS__f_mapper__sigma_0.01__rep16,AXIS1__N1_C_DIGITS__f_mapper__sigma_0.01__rep16,AXIS2__N1_C_DIGITS__f_mapper__sigma_0.01__rep16,,2da4cdbbd20721d73a43d4d9cb6de313d45fb12bb000d3418493277e10b1d00d,0.01,16,fcm_non_convergence,True,True
ba9d7d66dba0919dcc7109cef99f5dfdb3444d63ea3aed8396c2e1e6d3c8cf30,N1_C_DIGITS__conventional__sigma_0.01__rep17,AXIS1__N1_C_DIGITS__conventional__sigma_0.01__rep17,AXIS2__N1_C_DIGITS__conventional__sigma_0.01__rep17,188e9532449c549b3ae084cd569fb89afb27994bb2bdc759b76b323681e1f8ee,0f5d652fbc798785e9a2a0e7fd6331dfee73ebf70d331c660f22f303b0f9b9e3,0.01,17,success,True,True
5b70724d7bbafc83dfea8406618a0290ce60b056624912481da5e5fdc3f41751,N1_C_DIGITS__f_mapper__sigma_0.01__rep17,AXIS1__N1_C_DIGITS__f_mapper__sigma_0.01__rep17,AXIS2__N1_C_DIGITS__f_mapper__sigma_0.01__rep17,8c3554f40223ec85ee72fcc507669319101b902fb2a77e64aa98c9aac5cdf129,0f5d652fbc798785e9a2a0e7fd6331dfee73ebf70d331c660f22f303b0f9b9e3,0.01,17,success,True,True
60a64c4881092c2df966ef95457895f62e51c719e4dfd7504b2ece1110a9bcf7,N1_C_DIGITS__conventional__sigma_0.01__rep18,AXIS1__N1_C_DIGITS__conventional__sigma_0.01__rep18,AXIS2__N1_C_DIGITS__conventional__sigma_0.01__rep18,73946376ff1bf7ca931d4a7bfe68bc344f1958b5c846285814b3ab0a04376c73,1c4e85cf745af8ff325f2f4caf056ea3f84fab6f332ced08b1574fa6505cb6c9,0.01,18,success,True,True
ca19d596a197f04a915c0adb81152d3991f4b3b2c841730c7e2e660effc0a41a,N1_C_DIGITS__f_mapper__sigma_0.01__rep18,AXIS1__N1_C_DIGITS__f_mapper__sigma_0.01__rep18,AXIS2__N1_C_DIGITS__f_mapper__sigma_0.01__rep18,,1c4e85cf745af8ff325f2f4caf056ea3f84fab6f332ced08b1574fa6505cb6c9,0.01,18,fcm_non_convergence,True,True
b9fddda9466638336548bfeb629b68d2e35e74810813cac55ae53f5ff6b61877,N1_C_DIGITS__conventional__sigma_0.01__rep19,AXIS1__N1_C_DIGITS__conventional__sigma_0.01__rep19,AXIS2__N1_C_DIGITS__conventional__sigma_0.01__rep19,e8c0ac4e1370d2af5e36cbf483bc3632db319a978f40c06c44b3ce6790f15647,2a1be71df9c4e5dd809867e70b38a5fd68e1b5883ef3d1b35648096b002fa73b,0.01,19,success,True,True
13a9ab264c98c01cbf2e79910fa252f393fedabf55324486a262f468ab335683,N1_C_DIGITS__f_mapper__sigma_0.01__rep19,AXIS1__N1_C_DIGITS__f_mapper__sigma_0.01__rep19,AXIS2__N1_C_DIGITS__f_mapper__sigma_0.01__rep19,,2a1be71df9c4e5dd809867e70b38a5fd68e1b5883ef3d1b35648096b002fa73b,0.01,19,fcm_non_convergence,True,True
db6f2f7f924ae8d55c437d3ae342f03a756eab07a89936a1461d52c98ade365d,N1_C_DIGITS__conventional__sigma_0.01__rep20,AXIS1__N1_C_DIGITS__conventional__sigma_0.01__rep20,AXIS2__N1_C_DIGITS__conventional__sigma_0.01__rep20,3d4b82933d5312f1d6099b76ab70481d70cb90712312a47d21d8c4ef7e2e0d45,34b8c2b8938d8770cf24b8c1c5ebd8198d5495251d34a0be2f99a4cbeac8f523,0.01,20,success,True,True
bdf3989fc0f7f2873273c0157b9c424a596b53d8ff279d6dcd760da7fd0325d9,N1_C_DIGITS__f_mapper__sigma_0.01__rep20,AXIS1__N1_C_DIGITS__f_mapper__sigma_0.01__rep20,AXIS2__N1_C_DIGITS__f_mapper__sigma_0.01__rep20,,34b8c2b8938d8770cf24b8c1c5ebd8198d5495251d34a0be2f99a4cbeac8f523,0.01,20,fcm_non_convergence,True,True
a7222d3a4bea4cf533160a11679bc4e7a809e9c8ab4d4f5dc680d4d715ccd147,N1_C_DIGITS__conventional__sigma_0.01__rep21,AXIS1__N1_C_DIGITS__conventional__sigma_0.01__rep21,AXIS2__N1_C_DIGITS__conventional__sigma_0.01__rep21,676b53a381ef553b3bcce824f2caca52a46aec152ca49701f3112cb8f587bc61,c1a8603e50ed7893d52c4b0db5d44622a504e1a133161342b1ed23c01b3d84ab,0.01,21,success,True,True
61a3964ee9c8ea3cd71148ebdcf3f12f4ea995854766dbdb544fd755899feb3e,N1_C_DIGITS__f_mapper__sigma_0.01__rep21,AXIS1__N1_C_DIGITS__f_mapper__sigma_0.01__rep21,AXIS2__N1_C_DIGITS__f_mapper__sigma_0.01__rep21,,c1a8603e50ed7893d52c4b0db5d44622a504e1a133161342b1ed23c01b3d84ab,0.01,21,fcm_non_convergence,True,True
2508e4d1b3c8587e804d5d5a973cca1902d256ffb096f7e0767c8a0d9f350f16,N1_C_DIGITS__conventional__sigma_0.01__rep22,AXIS1__N1_C_DIGITS__conventional__sigma_0.01__rep22,AXIS2__N1_C_DIGITS__conventional__sigma_0.01__rep22,21a585db92db7c80d75061d17f8feab2dba3206d5843a416cf774272263df283,236281019188faebeb5d24bae5efd159f3b1686f19f78b14cee67a5e4b416eea,0.01,22,success,True,True
a0b24f7667018bb2e8ff8a2ae29c65cb08785310e26e3cdc316044a3bc8d674b,N1_C_DIGITS__f_mapper__sigma_0.01__rep22,AXIS1__N1_C_DIGITS__f_mapper__sigma_0.01__rep22,AXIS2__N1_C_DIGITS__f_mapper__sigma_0.01__rep22,,236281019188faebeb5d24bae5efd159f3b1686f19f78b14cee67a5e4b416eea,0.01,22,fcm_non_convergence,True,True
d1d0ebb6a97d76abd53ca8affbd85fc81e8fb0ae55b32da032a94a446de86fba,N1_C_DIGITS__conventional__sigma_0.01__rep23,AXIS1__N1_C_DIGITS__conventional__sigma_0.01__rep23,AXIS2__N1_C_DIGITS__conventional__sigma_0.01__rep23,3d861fb8d8809a315a0547ba8c9ce4a9d8185b41c01b968b237547e1d26525ea,0e9e0ef66305baf74ced0b7962ddf3078d96008dafbf6c5ade4dcb593fbbc562,0.01,23,success,True,True
11824da6c8a24be1bed4c4c1d3e7a556beba82f712a9fcf21dac4dc181995c9d,N1_C_DIGITS__f_mapper__sigma_0.01__rep23,AXIS1__N1_C_DIGITS__f_mapper__sigma_0.01__rep23,AXIS2__N1_C_DIGITS__f_mapper__sigma_0.01__rep23,,0e9e0ef66305baf74ced0b7962ddf3078d96008dafbf6c5ade4dcb593fbbc562,0.01,23,fcm_non_convergence,True,True
717d9eb424a7da8df1592b82c2b489f26a620100383911357187811e84d393c5,N1_C_DIGITS__conventional__sigma_0.01__rep24,AXIS1__N1_C_DIGITS__conventional__sigma_0.01__rep24,AXIS2__N1_C_DIGITS__conventional__sigma_0.01__rep24,8f619667683212702901dce3eca325e531dfdc8493b2efb3f45d7ad365993995,63d09c6bf0a840669f2dc4bd7402cd90c87c734235e1265413cf3cf1e92ff8ba,0.01,24,success,True,True
df3de811cea0e643c7699612d4f27d05b6a55b84c823ae0c282c443e9388f001,N1_C_DIGITS__f_mapper__sigma_0.01__rep24,AXIS1__N1_C_DIGITS__f_mapper__sigma_0.01__rep24,AXIS2__N1_C_DIGITS__f_mapper__sigma_0.01__rep24,,63d09c6bf0a840669f2dc4bd7402cd90c87c734235e1265413cf3cf1e92ff8ba,0.01,24,fcm_non_convergence,True,True
0c40d7e325daa12fbff474953c2f2bf8e3949da161cd380507880c3dad477416,N1_C_DIGITS__conventional__sigma_0.01__rep25,AXIS1__N1_C_DIGITS__conventional__sigma_0.01__rep25,AXIS2__N1_C_DIGITS__conventional__sigma_0.01__rep25,7b43c56c5201d4969bd980cc48935778ef382eaf7e1425c0f8d28570cc0b36d3,d6b534ac84f41f0fb1b0f756b9fa9349ac81e852f56c2d160389762934bcb28b,0.01,25,success,True,True
f94a3a1f4c68071920c4899893565c5fb95eb657571b8b258c8871d9edbc51ca,N1_C_DIGITS__f_mapper__sigma_0.01__rep25,AXIS1__N1_C_DIGITS__f_mapper__sigma_0.01__rep25,AXIS2__N1_C_DIGITS__f_mapper__sigma_0.01__rep25,fecf7da297d8ec5a269228aaef01b926ebe2a2261677c0637eeffefc0d6f4d16,d6b534ac84f41f0fb1b0f756b9fa9349ac81e852f56c2d160389762934bcb28b,0.01,25,success,True,True
f4721560ddcd233df1e3d5cc6a4aae6cb6f5f1bb7cc1a01c929f9081b9362084,N1_C_DIGITS__conventional__sigma_0.01__rep26,AXIS1__N1_C_DIGITS__conventional__sigma_0.01__rep26,AXIS2__N1_C_DIGITS__conventional__sigma_0.01__rep26,604e3fa6d3ea4be51c0a649cc1741cfa875743b4d8f5c6f76b403c30ae5a22e0,df1cc96ab542c037f3547da054b00211ac7ce783ff01a0bcfd139e6404e27cd2,0.01,26,success,True,True
cbe27bad17f94ce49b074593e32ccca38aaed3e7982ca2fc7fb6d2964dbc2795,N1_C_DIGITS__f_mapper__sigma_0.01__rep26,AXIS1__N1_C_DIGITS__f_mapper__sigma_0.01__rep26,AXIS2__N1_C_DIGITS__f_mapper__sigma_0.01__rep26,8afe77324279c136b00c05a01368092634205cb752b81d1a358bf22479fc2f7a,df1cc96ab542c037f3547da054b00211ac7ce783ff01a0bcfd139e6404e27cd2,0.01,26,success,True,True
7955ff2e0efca0f65e2e268800a88bb371b82badd43230e25d93e609808dc30f,N1_C_DIGITS__conventional__sigma_0.01__rep27,AXIS1__N1_C_DIGITS__conventional__sigma_0.01__rep27,AXIS2__N1_C_DIGITS__conventional__sigma_0.01__rep27,1782af26cb0067c4a6a6b81ce22dba71fe3be5f6a7b9450ab08d5c58a071528c,5b940779a009d76446c0ff78dc777b644efebdc732fe866a43b444f83296af49,0.01,27,success,True,True
54fb3b10eeac0905ec8977fa60009be43f5a87eca1d63ee8e763af19745c27fb,N1_C_DIGITS__f_mapper__sigma_0.01__rep27,AXIS1__N1_C_DIGITS__f_mapper__sigma_0.01__rep27,AXIS2__N1_C_DIGITS__f_mapper__sigma_0.01__rep27,,5b940779a009d76446c0ff78dc777b644efebdc732fe866a43b444f83296af49,0.01,27,fcm_non_convergence,True,True
f7085a46d499ffcf252b69a3c47b6980552e3898d750f74c76a796688e567c1c,N1_C_DIGITS__conventional__sigma_0.01__rep28,AXIS1__N1_C_DIGITS__conventional__sigma_0.01__rep28,AXIS2__N1_C_DIGITS__conventional__sigma_0.01__rep28,ce8733f10a10fe5f585beb9ccc2556d46416643612b5cdb10d5dabbe11de3014,7a0e867fa62039d0a72c45c4cff5376ba02ef3640483b5fc32b0afa9c9fd1ce1,0.01,28,success,True,True
1563ea374d1c2aa2993e6e2b081e460720508e9c8a107eb8b1765a459634c24c,N1_C_DIGITS__f_mapper__sigma_0.01__rep28,AXIS1__N1_C_DIGITS__f_mapper__sigma_0.01__rep28,AXIS2__N1_C_DIGITS__f_mapper__sigma_0.01__rep28,,7a0e867fa62039d0a72c45c4cff5376ba02ef3640483b5fc32b0afa9c9fd1ce1,0.01,28,fcm_non_convergence,True,True
6097b8dd3451fc8248ceacf940a5e8d1496f24c5397aaab336d54b2a892c9227,N1_C_DIGITS__conventional__sigma_0.01__rep29,AXIS1__N1_C_DIGITS__conventional__sigma_0.01__rep29,AXIS2__N1_C_DIGITS__conventional__sigma_0.01__rep29,41163166372f14fe0e91c2aaf73e228ebd298001c92a96bc6bc0d7d8fbfb2afd,4b5e76d401ac256c585e5f0c1e9bfe86ba6c9f32c8969864d66f960b530e93f1,0.01,29,success,True,True
75f7da03dd62642a8ad659b99394bbc42a32c85e4fd93d6a3980210fc0bae306,N1_C_DIGITS__f_mapper__sigma_0.01__rep29,AXIS1__N1_C_DIGITS__f_mapper__sigma_0.01__rep29,AXIS2__N1_C_DIGITS__f_mapper__sigma_0.01__rep29,5bc3f291f1f8dc28c0c7f5302f650794a755197a36ae4e2484153621da06b25f,4b5e76d401ac256c585e5f0c1e9bfe86ba6c9f32c8969864d66f960b530e93f1,0.01,29,success,True,True
0632d2fd49933388e231a66ba7a9504c9554bf71f616e67d6bd8bc12fd7a7d8f,N1_C_DIGITS__conventional__sigma_0.01__rep30,AXIS1__N1_C_DIGITS__conventional__sigma_0.01__rep30,AXIS2__N1_C_DIGITS__conventional__sigma_0.01__rep30,5af5355d93e0b533ac92eeee82288a243a6a6e367502fd5b4e3c2c5b61c4aa21,aec24163e1dd632b7a30a17be2d81de2903f76722d1a4294f9323e13fcc8d491,0.01,30,success,True,True
c3c9be75ed09738e5d99dfb9b3d8fe15e0f31c09353c109228ac641021c7d52e,N1_C_DIGITS__f_mapper__sigma_0.01__rep30,AXIS1__N1_C_DIGITS__f_mapper__sigma_0.01__rep30,AXIS2__N1_C_DIGITS__f_mapper__sigma_0.01__rep30,,aec24163e1dd632b7a30a17be2d81de2903f76722d1a4294f9323e13fcc8d491,0.01,30,fcm_non_convergence,True,True
6b4f0cabba7aaf73ca0a7be56a5bdfbd529e0c94d8c4aebb2a5f0388db15cf40,N1_C_DIGITS__conventional__sigma_0.03__rep01,AXIS1__N1_C_DIGITS__conventional__sigma_0.03__rep01,AXIS2__N1_C_DIGITS__conventional__sigma_0.03__rep01,c45f89212da2ec32b63ea882cc4c08ef49ac975ebe300f4b9854c09b4f39de53,24053bc476f061c8d5320d3b6feccf833fc6496fdfb25b11a8c31e8348ebeb75,0.03,1,success,True,True
caef1253bc12cd1f4f9ff6f1964fbb9302425fb02872c03ded95056bb31a407d,N1_C_DIGITS__f_mapper__sigma_0.03__rep01,AXIS1__N1_C_DIGITS__f_mapper__sigma_0.03__rep01,AXIS2__N1_C_DIGITS__f_mapper__sigma_0.03__rep01,,24053bc476f061c8d5320d3b6feccf833fc6496fdfb25b11a8c31e8348ebeb75,0.03,1,fcm_non_convergence,True,True
54a50c0a34f5a98cff94ca7e9deef6b7313a164b80709558371202ca5fb24bea,N1_C_DIGITS__conventional__sigma_0.03__rep02,AXIS1__N1_C_DIGITS__conventional__sigma_0.03__rep02,AXIS2__N1_C_DIGITS__conventional__sigma_0.03__rep02,a15089fe5a392417bf4f044dfaab4fa2a8815de391ff2ad6857375d73cca4e63,2238930f8bd3691628a59e4866c8f4a7487e6a2177c4d85fefd1c94c5a81d229,0.03,2,success,True,True
5064cb46a8337dfee104d9e7630f0ae5f40ea30f11e3780e0d8158a17624f200,N1_C_DIGITS__f_mapper__sigma_0.03__rep02,AXIS1__N1_C_DIGITS__f_mapper__sigma_0.03__rep02,AXIS2__N1_C_DIGITS__f_mapper__sigma_0.03__rep02,,2238930f8bd3691628a59e4866c8f4a7487e6a2177c4d85fefd1c94c5a81d229,0.03,2,fcm_non_convergence,True,True
531bb362c6764df5afb8a207f30adb809b88eb8f642701d597794f0ff3223f9a,N1_C_DIGITS__conventional__sigma_0.03__rep03,AXIS1__N1_C_DIGITS__conventional__sigma_0.03__rep03,AXIS2__N1_C_DIGITS__conventional__sigma_0.03__rep03,91c8b22c11fbb9052ea281925bf1b5d48c41d3c40b6d3738100bd1863112089a,4aaf21fa3c79aacf63bd152fc6bcba28ed701665cb5703d319f03d71e1e720c3,0.03,3,success,True,True
2d74f8a4e1b70ae3e0cad7c99e869ee7d903531e87b274210a883cccbea9af64,N1_C_DIGITS__f_mapper__sigma_0.03__rep03,AXIS1__N1_C_DIGITS__f_mapper__sigma_0.03__rep03,AXIS2__N1_C_DIGITS__f_mapper__sigma_0.03__rep03,,4aaf21fa3c79aacf63bd152fc6bcba28ed701665cb5703d319f03d71e1e720c3,0.03,3,fcm_non_convergence,True,True
aab68c0ec5e58637bc953052ceb1025eb7bea07d889f8147be0de6e7052d58ec,N1_C_DIGITS__conventional__sigma_0.03__rep04,AXIS1__N1_C_DIGITS__conventional__sigma_0.03__rep04,AXIS2__N1_C_DIGITS__conventional__sigma_0.03__rep04,26cfd2ce077981bae27e10a0df344c3abc6f078763c640122335540cb570295d,db733b4fae77836f6b689cb63e588c7d9e95561d68276a44557ce7bbb590ef11,0.03,4,success,True,True
d44b32021b9b1c21dde4c3ddb2f1be3b698b88eeacfc574f3902d8ff073228ac,N1_C_DIGITS__f_mapper__sigma_0.03__rep04,AXIS1__N1_C_DIGITS__f_mapper__sigma_0.03__rep04,AXIS2__N1_C_DIGITS__f_mapper__sigma_0.03__rep04,,db733b4fae77836f6b689cb63e588c7d9e95561d68276a44557ce7bbb590ef11,0.03,4,fcm_non_convergence,True,True
eb275a7eb0ea67a14d2c1aec2eed30c1ace87e059e2972b5615a9b0713b13a52,N1_C_DIGITS__conventional__sigma_0.03__rep05,AXIS1__N1_C_DIGITS__conventional__sigma_0.03__rep05,AXIS2__N1_C_DIGITS__conventional__sigma_0.03__rep05,2768aa93e6a9e817b9e02017e0e7ded2b77683837495f45456c3d48e7117af0a,e14668b8258e9b8904167c614700061db1af98af14456014971414ba1e24d4e8,0.03,5,success,True,True
674b4149cee7fd527be213f715160054091fb9d8dd22606e0680ee4d52ba1db2,N1_C_DIGITS__f_mapper__sigma_0.03__rep05,AXIS1__N1_C_DIGITS__f_mapper__sigma_0.03__rep05,AXIS2__N1_C_DIGITS__f_mapper__sigma_0.03__rep05,a3f3e5902d6e52cdc396f52ffde099e31533571bd49172fa0af71a2d99286975,e14668b8258e9b8904167c614700061db1af98af14456014971414ba1e24d4e8,0.03,5,success,True,True
4155c34bb62a7ac01bfe5e6ffd719d3401d1fdd31187ada924bbb5ff57169408,N1_C_DIGITS__conventional__sigma_0.03__rep06,AXIS1__N1_C_DIGITS__conventional__sigma_0.03__rep06,AXIS2__N1_C_DIGITS__conventional__sigma_0.03__rep06,a12181f68cc77c370342c485b3c7842fd29e6ed72e59a2f9bbcd543150e562e1,4e042dbc8657d44d9e9d4d1bb30538a2801457ba5844e5ee5cb09e8db846c005,0.03,6,success,True,True
6ca8a16a24dc7ebe3e0458f72558c06aa5e83fdf819d0046ff637d25deeb94f0,N1_C_DIGITS__f_mapper__sigma_0.03__rep06,AXIS1__N1_C_DIGITS__f_mapper__sigma_0.03__rep06,AXIS2__N1_C_DIGITS__f_mapper__sigma_0.03__rep06,bbf39774d6d2523a271e1cd2e7120a0cf679cce64513611edaacd2ed0fad1a6c,4e042dbc8657d44d9e9d4d1bb30538a2801457ba5844e5ee5cb09e8db846c005,0.03,6,success,True,True
b7d555753e65547bdbe4f29faa07de75468726614ac6fa5f5c6ca987c9ac6cbb,N1_C_DIGITS__conventional__sigma_0.03__rep07,AXIS1__N1_C_DIGITS__conventional__sigma_0.03__rep07,AXIS2__N1_C_DIGITS__conventional__sigma_0.03__rep07,4e298281b1656ce688077cfde2fe818ae7447724e03be0a4948f99b9adeb39c0,8de9c7b6d380b7ed6c36b0d90cf70fe0b780a8533cf2b379058e96e8c87f6d98,0.03,7,success,True,True
dd477b494f5967ad8373c1a424a30478333ff1550b77aeb4e3c48973d50afdf2,N1_C_DIGITS__f_mapper__sigma_0.03__rep07,AXIS1__N1_C_DIGITS__f_mapper__sigma_0.03__rep07,AXIS2__N1_C_DIGITS__f_mapper__sigma_0.03__rep07,60b7dbb321b3e0f080f9f1c38246629c83f7c135c760f10b9f4890b763a9c280,8de9c7b6d380b7ed6c36b0d90cf70fe0b780a8533cf2b379058e96e8c87f6d98,0.03,7,success,True,True
f1917ce35bb003d400df5574a3352eaa3315a7d6e9d9da00e70a55641fafecd9,N1_C_DIGITS__conventional__sigma_0.03__rep08,AXIS1__N1_C_DIGITS__conventional__sigma_0.03__rep08,AXIS2__N1_C_DIGITS__conventional__sigma_0.03__rep08,2a4659521cc54e1b3cd5901e1075301c1b48d318c38b5574f946a7b0a7e5498b,6ae904ef778cc2b26ae7d25b0d3deaa583cfcb88f46d97a130f56a759c25f419,0.03,8,success,True,True
9f8070962c88a89d2598618cbb95df2d55c42c2cc28d503241cffd7fb883b378,N1_C_DIGITS__f_mapper__sigma_0.03__rep08,AXIS1__N1_C_DIGITS__f_mapper__sigma_0.03__rep08,AXIS2__N1_C_DIGITS__f_mapper__sigma_0.03__rep08,1bac28e9a580247f088172298eeaa650ef2f505bce7284916a033214ad85008a,6ae904ef778cc2b26ae7d25b0d3deaa583cfcb88f46d97a130f56a759c25f419,0.03,8,success,True,True
d93610ff7ef66657bc601f7d6f20f9955690af3e9fda78621145ba79ff3b7133,N1_C_DIGITS__conventional__sigma_0.03__rep09,AXIS1__N1_C_DIGITS__conventional__sigma_0.03__rep09,AXIS2__N1_C_DIGITS__conventional__sigma_0.03__rep09,051dce283c27206e160da511c161e990d50789b17a42fed21a24b1423fd81bde,ca7d2c5a4d45def0de3134f84c546d57842b1aaa619bfe43296346e75bf3e86c,0.03,9,success,True,True
f911500fc599aaafd26eef0641f79649c893577371e6aef69e4d8301dbc2990a,N1_C_DIGITS__f_mapper__sigma_0.03__rep09,AXIS1__N1_C_DIGITS__f_mapper__sigma_0.03__rep09,AXIS2__N1_C_DIGITS__f_mapper__sigma_0.03__rep09,fda198a4531040aa32f11a8000c8c548bee6550d6c182b85cb34bef518b98c5d,ca7d2c5a4d45def0de3134f84c546d57842b1aaa619bfe43296346e75bf3e86c,0.03,9,success,True,True
b331986b96c86028e52ec67b70e84471ac71be8631bbfe1e5944ffa3a350fc36,N1_C_DIGITS__conventional__sigma_0.03__rep10,AXIS1__N1_C_DIGITS__conventional__sigma_0.03__rep10,AXIS2__N1_C_DIGITS__conventional__sigma_0.03__rep10,27242b57f04b24bee4624a97b74826d487de7adc4adedb21a9fc6bb79e418e84,bc6af0960b0b39c7f0a78d85fd02cbed60abbe9c3c4a185f2b2989a339969218,0.03,10,success,True,True
63a010e955203bfa06fde5e4e7114d407d84a39e7ea784835ca1d06e0b45cb81,N1_C_DIGITS__f_mapper__sigma_0.03__rep10,AXIS1__N1_C_DIGITS__f_mapper__sigma_0.03__rep10,AXIS2__N1_C_DIGITS__f_mapper__sigma_0.03__rep10,,bc6af0960b0b39c7f0a78d85fd02cbed60abbe9c3c4a185f2b2989a339969218,0.03,10,fcm_non_convergence,True,True
d4cce57ff8b387342c6c537d30f1b7f9bd0049debee61f29eba6472b0e597b40,N1_C_DIGITS__conventional__sigma_0.03__rep11,AXIS1__N1_C_DIGITS__conventional__sigma_0.03__rep11,AXIS2__N1_C_DIGITS__conventional__sigma_0.03__rep11,28dec88e4dde1c388a270885955391718cdbd34a321b1df35c778f36dec93520,1bfa53edd28dd08121a44b8af30db89a542723757a984b73ffd90acca71cce72,0.03,11,success,True,True
0d3276f4ddd3130144f204fba17cefc0c67cfbc266580f8ddd44682cbe25fe67,N1_C_DIGITS__f_mapper__sigma_0.03__rep11,AXIS1__N1_C_DIGITS__f_mapper__sigma_0.03__rep11,AXIS2__N1_C_DIGITS__f_mapper__sigma_0.03__rep11,279fc2c2a8bdf8c4677764eec853cf08b15cf316df91ee3a1fc9d00396f0a575,1bfa53edd28dd08121a44b8af30db89a542723757a984b73ffd90acca71cce72,0.03,11,success,True,True
7af149991ac8d89319fec54c73a19ad1a173f250984599e30533d8a6f548d7df,N1_C_DIGITS__conventional__sigma_0.03__rep12,AXIS1__N1_C_DIGITS__conventional__sigma_0.03__rep12,AXIS2__N1_C_DIGITS__conventional__sigma_0.03__rep12,ebfcc5545ece17344e008bc8aec58b153399195ec7025e8e01e8f9900db554c6,b00d0b33a99b547be51a2a2e69cf4901bc71a2a9a7aac9e6958a7ea239c180cd,0.03,12,success,True,True
cd1572b50eadd33d923c5589ad57a724f48b219f87142311021a07974f0c04f9,N1_C_DIGITS__f_mapper__sigma_0.03__rep12,AXIS1__N1_C_DIGITS__f_mapper__sigma_0.03__rep12,AXIS2__N1_C_DIGITS__f_mapper__sigma_0.03__rep12,,b00d0b33a99b547be51a2a2e69cf4901bc71a2a9a7aac9e6958a7ea239c180cd,0.03,12,fcm_non_convergence,True,True
724801a445482fbcb00f751c9c3253203208753122cdf3f9333adad83ea093e4,N1_C_DIGITS__conventional__sigma_0.03__rep13,AXIS1__N1_C_DIGITS__conventional__sigma_0.03__rep13,AXIS2__N1_C_DIGITS__conventional__sigma_0.03__rep13,18e01cad6efe6dcc64aa06fd1c5023f5eace38c931627d78eefaff018d3d1f24,267a509b9c357ddb8690b69accc02a11173f76217ec1772e9e4a182abe14535b,0.03,13,success,True,True
690c908c5c2d2c18e9db4c1b7b0a3570a9b21fd761702d229f0c0b38473b3c8d,N1_C_DIGITS__f_mapper__sigma_0.03__rep13,AXIS1__N1_C_DIGITS__f_mapper__sigma_0.03__rep13,AXIS2__N1_C_DIGITS__f_mapper__sigma_0.03__rep13,0abbbcb4aeda70c85817a84cc99bd2447c9e4ebb33f8287b6eb99b84d16b392f,267a509b9c357ddb8690b69accc02a11173f76217ec1772e9e4a182abe14535b,0.03,13,success,True,True
6ab0b16156378c92c4b088426b5eafea883905badc85466cee6464334d357684,N1_C_DIGITS__conventional__sigma_0.03__rep14,AXIS1__N1_C_DIGITS__conventional__sigma_0.03__rep14,AXIS2__N1_C_DIGITS__conventional__sigma_0.03__rep14,81f322e53da82e6b948bffb8b85829e2a3a3d69cb5405937b26f785084b6cf61,d689db4a49a6be49626c7ed7914a434b5b3077ed1e1cbd806dce4f1256c141e4,0.03,14,success,True,True
d5e82b4b5f0b8fa481175452985bc33271374093a3390bd377f7f5228ed73663,N1_C_DIGITS__f_mapper__sigma_0.03__rep14,AXIS1__N1_C_DIGITS__f_mapper__sigma_0.03__rep14,AXIS2__N1_C_DIGITS__f_mapper__sigma_0.03__rep14,,d689db4a49a6be49626c7ed7914a434b5b3077ed1e1cbd806dce4f1256c141e4,0.03,14,fcm_non_convergence,True,True
e480976f0d6066f73a7afaa105cf6513e4fb693f8c798be5fa5760eed242323a,N1_C_DIGITS__conventional__sigma_0.03__rep15,AXIS1__N1_C_DIGITS__conventional__sigma_0.03__rep15,AXIS2__N1_C_DIGITS__conventional__sigma_0.03__rep15,7a35897b285bdb7a6795331d2be8c1496750c4b7aede937cb257e25798f5f97c,126426c0289ded9c57bb37f3bd0604cc127a04a9f260458fb1e65c86c4ee62f5,0.03,15,success,True,True
e39b13080f006502aa06667ccff60f9568c9738f2427df1eea2324ef5fd3e52c,N1_C_DIGITS__f_mapper__sigma_0.03__rep15,AXIS1__N1_C_DIGITS__f_mapper__sigma_0.03__rep15,AXIS2__N1_C_DIGITS__f_mapper__sigma_0.03__rep15,,126426c0289ded9c57bb37f3bd0604cc127a04a9f260458fb1e65c86c4ee62f5,0.03,15,fcm_non_convergence,True,True
0702efd79f008d66b2aa6da59e90091188d9fdfd531652bf48806661633dbcd9,N1_C_DIGITS__conventional__sigma_0.03__rep16,AXIS1__N1_C_DIGITS__conventional__sigma_0.03__rep16,AXIS2__N1_C_DIGITS__conventional__sigma_0.03__rep16,3830c70759565ef3b7ac2dcfafbae1a0ca858414b8fc4f98b74ac4ad40558f78,74e22bf863f2a066278dff393d339995e7891dc8866d271e105eb01da65b246c,0.03,16,success,True,True
8fa10d6e6b7fbe2b4b87d2eefe87d4e4434fefb6a881f26ebf8d5d916293f3f7,N1_C_DIGITS__f_mapper__sigma_0.03__rep16,AXIS1__N1_C_DIGITS__f_mapper__sigma_0.03__rep16,AXIS2__N1_C_DIGITS__f_mapper__sigma_0.03__rep16,f64fddc2eec783daaa3d067009605dbcb03a0213b196e2a4c00d82038d834f62,74e22bf863f2a066278dff393d339995e7891dc8866d271e105eb01da65b246c,0.03,16,success,True,True
450c714bcfb460f21a5f4f94f2d80f574701b46d79ab491fffc5c428ccacc894,N1_C_DIGITS__conventional__sigma_0.03__rep17,AXIS1__N1_C_DIGITS__conventional__sigma_0.03__rep17,AXIS2__N1_C_DIGITS__conventional__sigma_0.03__rep17,e956ad5b58bbc540bcbdcb8de5ed804ea9a42f92c6203eb6d4c57077df128a9a,2603a43ddb927e40a2f6a2a9546ca49e6e2e3b9baa071899a1676d2966d48d22,0.03,17,success,True,True
66f5710d9ef1e130f7bfd4b98819e713997e4f7942748313f001c706d626cf61,N1_C_DIGITS__f_mapper__sigma_0.03__rep17,AXIS1__N1_C_DIGITS__f_mapper__sigma_0.03__rep17,AXIS2__N1_C_DIGITS__f_mapper__sigma_0.03__rep17,,2603a43ddb927e40a2f6a2a9546ca49e6e2e3b9baa071899a1676d2966d48d22,0.03,17,fcm_non_convergence,True,True
50c1e15c73a69226b27852cf015143011684032022cf18d38679ac73daabd006,N1_C_DIGITS__conventional__sigma_0.03__rep18,AXIS1__N1_C_DIGITS__conventional__sigma_0.03__rep18,AXIS2__N1_C_DIGITS__conventional__sigma_0.03__rep18,03fd88128003e7d75c285c63cefddb10554b49e39c2e417e67e2eb315c9efc82,31122439538260ee5eef08373c48f9671eab6d28804aad00c75f060bcf3c521c,0.03,18,success,True,True
853b4804a969882508628993f4e38b9f390bd5b6489d76d435ce410a5d9feaed,N1_C_DIGITS__f_mapper__sigma_0.03__rep18,AXIS1__N1_C_DIGITS__f_mapper__sigma_0.03__rep18,AXIS2__N1_C_DIGITS__f_mapper__sigma_0.03__rep18,9b978d931b1aa3af6697b781f692a1e840d8c367f5295b5dcb690ab71a10a41a,31122439538260ee5eef08373c48f9671eab6d28804aad00c75f060bcf3c521c,0.03,18,success,True,True
5d6b6d61287e5b341a6e090869592867da6cd8a5d8b63d174f30a055b76db694,N1_C_DIGITS__conventional__sigma_0.03__rep19,AXIS1__N1_C_DIGITS__conventional__sigma_0.03__rep19,AXIS2__N1_C_DIGITS__conventional__sigma_0.03__rep19,fa63805909d917152f02d0febd4186ce36efd489311144cd07dbb1521e97d35f,8b0a696e8a4c452311c6e02ada4093bbfe676757560534759b0cb9253ea90f48,0.03,19,success,True,True
78753a8343cc34968103b41be34deea0be196b357b044a093dc551bc86703c0a,N1_C_DIGITS__f_mapper__sigma_0.03__rep19,AXIS1__N1_C_DIGITS__f_mapper__sigma_0.03__rep19,AXIS2__N1_C_DIGITS__f_mapper__sigma_0.03__rep19,,8b0a696e8a4c452311c6e02ada4093bbfe676757560534759b0cb9253ea90f48,0.03,19,fcm_non_convergence,True,True
6dac8a55e431ca1ddcc1051cba087c2895e23b6a4e77353229a2b06edb30abf5,N1_C_DIGITS__conventional__sigma_0.03__rep20,AXIS1__N1_C_DIGITS__conventional__sigma_0.03__rep20,AXIS2__N1_C_DIGITS__conventional__sigma_0.03__rep20,7ad3812e447dd0373d18aa97b71739848f19f1579698072c7087b68b668bc079,b326cad0ccbaeb25d6a8d226a11344e67b67d2d007599888753898227a5b32ce,0.03,20,success,True,True
438f92b46207969948477a8a930523ea8fc0a65b76e63c5afc72e660d4da3540,N1_C_DIGITS__f_mapper__sigma_0.03__rep20,AXIS1__N1_C_DIGITS__f_mapper__sigma_0.03__rep20,AXIS2__N1_C_DIGITS__f_mapper__sigma_0.03__rep20,2b4bd3066253d48dcb25815f69a53d727c652c48076d694b122cad23c09aa5b5,b326cad0ccbaeb25d6a8d226a11344e67b67d2d007599888753898227a5b32ce,0.03,20,success,True,True
eb5a2325178121469d0b210050702c0961e968c44659bce6afddcc8278c0c17c,N1_C_DIGITS__conventional__sigma_0.03__rep21,AXIS1__N1_C_DIGITS__conventional__sigma_0.03__rep21,AXIS2__N1_C_DIGITS__conventional__sigma_0.03__rep21,5674cfbc1a869c1042d86d5e8e8d5cf99d26d1043da05f565b87c4ed66dcb648,8b53e8d6f0b22dbd89b37e34aab2117b8d10f9f0d37fc3787b836402d8816621,0.03,21,success,True,True
a18b8d1a4b819ea3f2ede636a4050181157f0dbd2fe7c9fb4ecfd21d7439c719,N1_C_DIGITS__f_mapper__sigma_0.03__rep21,AXIS1__N1_C_DIGITS__f_mapper__sigma_0.03__rep21,AXIS2__N1_C_DIGITS__f_mapper__sigma_0.03__rep21,182029a200dad394bdea7919d32dd5ea28ffa596169647df2cf990c58dbf3904,8b53e8d6f0b22dbd89b37e34aab2117b8d10f9f0d37fc3787b836402d8816621,0.03,21,success,True,True
e1a1c7be75a566a9e2e148b83933074c41238fc58d03f63feb5a06c68e6a9224,N1_C_DIGITS__conventional__sigma_0.03__rep22,AXIS1__N1_C_DIGITS__conventional__sigma_0.03__rep22,AXIS2__N1_C_DIGITS__conventional__sigma_0.03__rep22,cabbc7570bae41a7520c3ef25a9b7e5d87751d3f2e0b0d242f2856c1a5696507,0dae0a45b4b3991ae3bf38c0ba2a68283f78a82a9b65d8f43e6c44d4625ed5eb,0.03,22,success,True,True
b91ea55f9ede24836ec5b9df8a114c9a50bb12e87901725fcb2452d152935141,N1_C_DIGITS__f_mapper__sigma_0.03__rep22,AXIS1__N1_C_DIGITS__f_mapper__sigma_0.03__rep22,AXIS2__N1_C_DIGITS__f_mapper__sigma_0.03__rep22,,0dae0a45b4b3991ae3bf38c0ba2a68283f78a82a9b65d8f43e6c44d4625ed5eb,0.03,22,fcm_non_convergence,True,True
4e57e30e25bca6eaa02a26b1faa5cc0c8605de3699d455f64002fa6c6c5d2eb0,N1_C_DIGITS__conventional__sigma_0.03__rep23,AXIS1__N1_C_DIGITS__conventional__sigma_0.03__rep23,AXIS2__N1_C_DIGITS__conventional__sigma_0.03__rep23,4d9d4e9578fb98dff6834bbdcb75ebd4e257ea8b1ada37c940dcd72984301908,3b8b3b29ef4519d04b724e85d83ed5b682b91940067fbe379b14411d57500d4a,0.03,23,success,True,True
c82d3af9fd303e6cd66b99ed61bf30d38e1132fb56e6d25aa5090a9af3b6e717,N1_C_DIGITS__f_mapper__sigma_0.03__rep23,AXIS1__N1_C_DIGITS__f_mapper__sigma_0.03__rep23,AXIS2__N1_C_DIGITS__f_mapper__sigma_0.03__rep23,f0aee6c6a4df9a6049f8728bd1a070e42970ac80858c46a93c6e54feae4d7b43,3b8b3b29ef4519d04b724e85d83ed5b682b91940067fbe379b14411d57500d4a,0.03,23,success,True,True
82f6002c80c6037d5a89190bc9f7abc3439a5c6fff9af2bb1b1dd7d142f21c2e,N1_C_DIGITS__conventional__sigma_0.03__rep24,AXIS1__N1_C_DIGITS__conventional__sigma_0.03__rep24,AXIS2__N1_C_DIGITS__conventional__sigma_0.03__rep24,ea43de3b217c22a2a1464def88883863e579d6e674be1ffad99ad117addab604,6afbbaf467c0d2463e65d07539ee6e5ca7b302a9c13e81a21195962d425b6344,0.03,24,success,True,True
c020b53eabdd505619ea008af8522ac217788c669603559bcbe1dd867c6fbd31,N1_C_DIGITS__f_mapper__sigma_0.03__rep24,AXIS1__N1_C_DIGITS__f_mapper__sigma_0.03__rep24,AXIS2__N1_C_DIGITS__f_mapper__sigma_0.03__rep24,8d7f719464577b8f8f5c8d31970b8cd682df560dd5a57e1a63325682dac87369,6afbbaf467c0d2463e65d07539ee6e5ca7b302a9c13e81a21195962d425b6344,0.03,24,success,True,True
7eb851e2fdc073e400a90cf2c234de9766610acac76cb04dc46c3087fee812fb,N1_C_DIGITS__conventional__sigma_0.03__rep25,AXIS1__N1_C_DIGITS__conventional__sigma_0.03__rep25,AXIS2__N1_C_DIGITS__conventional__sigma_0.03__rep25,516325810adba3ddc745bd23c671b83f19e460c1dfe1b3e8b6c8f8d2905eb60a,5cc2b569faaf3a3a2eda61912216dfb6a0ea83778b4027ca224f5fcc5b13f310,0.03,25,success,True,True
53c45c8b41a5cc8686f93579a94bb53993c22b2c37c9a0ad4b6076ae3b76980a,N1_C_DIGITS__f_mapper__sigma_0.03__rep25,AXIS1__N1_C_DIGITS__f_mapper__sigma_0.03__rep25,AXIS2__N1_C_DIGITS__f_mapper__sigma_0.03__rep25,e3eea712da295276099d30e93d0a5437e56f2b45bd12ad5b0d0ad45aaf0d4191,5cc2b569faaf3a3a2eda61912216dfb6a0ea83778b4027ca224f5fcc5b13f310,0.03,25,success,True,True
06c90f05444b9f72840ba1ff6dc47924c4d0e72fc63cc6fdf8f1272158bf6456,N1_C_DIGITS__conventional__sigma_0.03__rep26,AXIS1__N1_C_DIGITS__conventional__sigma_0.03__rep26,AXIS2__N1_C_DIGITS__conventional__sigma_0.03__rep26,e1d1bdbc4bd7f8547fd77315be22d6e81163762aee78fc6a17f5473261123dd8,0cba7e2e611eb571059a39f4dfb0c73ad61519f1c7cefc16a11e0f647c0bf69b,0.03,26,success,True,True
e6d0f47ff9e296aab6f45a6a36f4ecd7598c3e9b74707d4a72a837d292a27ac2,N1_C_DIGITS__f_mapper__sigma_0.03__rep26,AXIS1__N1_C_DIGITS__f_mapper__sigma_0.03__rep26,AXIS2__N1_C_DIGITS__f_mapper__sigma_0.03__rep26,81b118e321ad2632acb9d7a52688c2e537410dc3596e557ffa6f279ae269d808,0cba7e2e611eb571059a39f4dfb0c73ad61519f1c7cefc16a11e0f647c0bf69b,0.03,26,success,True,True
552b5dcfb42f1d99ec7a78a97ce19a2166479d14ebb74bf5ecbc5d4fe491dbe1,N1_C_DIGITS__conventional__sigma_0.03__rep27,AXIS1__N1_C_DIGITS__conventional__sigma_0.03__rep27,AXIS2__N1_C_DIGITS__conventional__sigma_0.03__rep27,37d09e29ac9e6c67be9b97dc666a9ea87756e9b64f3711c75a779ab670648fbf,5fcea4c2e1a963d61a4d598517382aa50f844bee1bce441912ff63c38a7375b1,0.03,27,success,True,True
fc4a94761703493a7b20199153dc27896757a0792b2f4f0f5cb0e45f94e91556,N1_C_DIGITS__f_mapper__sigma_0.03__rep27,AXIS1__N1_C_DIGITS__f_mapper__sigma_0.03__rep27,AXIS2__N1_C_DIGITS__f_mapper__sigma_0.03__rep27,bec0522be9e5545a3d3cca4c4ced95c9f251c0fffd8fd30593db1effaae07b58,5fcea4c2e1a963d61a4d598517382aa50f844bee1bce441912ff63c38a7375b1,0.03,27,success,True,True
614931cd851c03f3b5473624841c8cd3de98e2aad842d20ba3d753ac61bb4396,N1_C_DIGITS__conventional__sigma_0.03__rep28,AXIS1__N1_C_DIGITS__conventional__sigma_0.03__rep28,AXIS2__N1_C_DIGITS__conventional__sigma_0.03__rep28,dfbd495ca3b5b4201527a88ef7563b29901bc63ddb90038fb3a8bfd5ab468be3,52806c841c2b1da12a0fe098f686d71d117c25679a5768a1b66e1d577577768a,0.03,28,success,True,True
962014dbe1ae8b08539b0f94d936fc502a807bfb95df3129447627b52cbf7799,N1_C_DIGITS__f_mapper__sigma_0.03__rep28,AXIS1__N1_C_DIGITS__f_mapper__sigma_0.03__rep28,AXIS2__N1_C_DIGITS__f_mapper__sigma_0.03__rep28,6bf01f0ea545c74d5f74fa0cc22b5a0bc58ac149aa1891b8938de4bc4874a095,52806c841c2b1da12a0fe098f686d71d117c25679a5768a1b66e1d577577768a,0.03,28,success,True,True
c0f34f1728cc64e3fd407556a51b0b9aacfb5ed0d5f3b7c1ea9011d900ffa32f,N1_C_DIGITS__conventional__sigma_0.03__rep29,AXIS1__N1_C_DIGITS__conventional__sigma_0.03__rep29,AXIS2__N1_C_DIGITS__conventional__sigma_0.03__rep29,a3c197a8c75d63f16112f3af97a0a212c9609952a1646eb3853e951f3bb8c815,b994c8451b52f49888b7ca92635be861f851dcb771c581867fe7efbfa2fa491b,0.03,29,success,True,True
e543cf38ace6cb37b71070f25578c202de6b5741d878fc4b2a81cdedf45cd97e,N1_C_DIGITS__f_mapper__sigma_0.03__rep29,AXIS1__N1_C_DIGITS__f_mapper__sigma_0.03__rep29,AXIS2__N1_C_DIGITS__f_mapper__sigma_0.03__rep29,3a827b901e9c099c71bbbef6383e30c8b3f112e86a78804920e484bfaa08b99d,b994c8451b52f49888b7ca92635be861f851dcb771c581867fe7efbfa2fa491b,0.03,29,success,True,True
a4fabbfbc7739a21f5c440ae5da73e665c6278c08dc09f72153e49efc0fbaf31,N1_C_DIGITS__conventional__sigma_0.03__rep30,AXIS1__N1_C_DIGITS__conventional__sigma_0.03__rep30,AXIS2__N1_C_DIGITS__conventional__sigma_0.03__rep30,1229186625831e60ece47193c31e268cc8441c175d504ebcb47f579d2d289747,2dd61b0e47550906c9a5de06323eb7bffda4b5a6b49dcce2663d6c8f5390b6d4,0.03,30,success,True,True
6f4c0291516967305394eb4466cafc527b9f56367e67be36fbd8d347c7a21fc7,N1_C_DIGITS__f_mapper__sigma_0.03__rep30,AXIS1__N1_C_DIGITS__f_mapper__sigma_0.03__rep30,AXIS2__N1_C_DIGITS__f_mapper__sigma_0.03__rep30,0f0e068b65ef94b47d9cbab151adcbddafd06e7048568c31633e07b489d1dfff,2dd61b0e47550906c9a5de06323eb7bffda4b5a6b49dcce2663d6c8f5390b6d4,0.03,30,success,True,True
20e6dcddf6e2077bcdb5809c48162bd6212c2f58a3e692a4a1b24be65b2a37a8,N1_C_DIGITS__conventional__sigma_0.05__rep01,AXIS1__N1_C_DIGITS__conventional__sigma_0.05__rep01,AXIS2__N1_C_DIGITS__conventional__sigma_0.05__rep01,7e56ed0f7e3428db1b2e6988844a5a1589eb5013c4c27db17c75efeb2453a9d2,8da6b94e6b8f0ac4d7f5f066a4317cd50528e846306d479329c2a583c1f099d7,0.05,1,success,True,True
815a69b09e6a30182bcd3b3c1eb845c43aa9180791523f69c31d6197105adc9c,N1_C_DIGITS__f_mapper__sigma_0.05__rep01,AXIS1__N1_C_DIGITS__f_mapper__sigma_0.05__rep01,AXIS2__N1_C_DIGITS__f_mapper__sigma_0.05__rep01,fd4d1540800a369d1dea81e6c2cc30ff8e0308f996d4ff85d5f2ec5ff400d5e1,8da6b94e6b8f0ac4d7f5f066a4317cd50528e846306d479329c2a583c1f099d7,0.05,1,success,True,True
1646ff9c0a0462479c19b5c15c46a05a0e8954e2eb9078f144fb4f66cc82e13b,N1_C_DIGITS__conventional__sigma_0.05__rep02,AXIS1__N1_C_DIGITS__conventional__sigma_0.05__rep02,AXIS2__N1_C_DIGITS__conventional__sigma_0.05__rep02,de128b52048b2c7e2a5c3bed0176115904fbf631b761ca22dd843fde16a3c1b0,0423f1594b7f71c8f4c0d308ec6370fe6a7a80ee8c2fd5a8d507049f4cbda0a2,0.05,2,success,True,True
febff0a448b6fc83b842093c8716f547891f4053603f4c58c5eb8b2289ba0a19,N1_C_DIGITS__f_mapper__sigma_0.05__rep02,AXIS1__N1_C_DIGITS__f_mapper__sigma_0.05__rep02,AXIS2__N1_C_DIGITS__f_mapper__sigma_0.05__rep02,,0423f1594b7f71c8f4c0d308ec6370fe6a7a80ee8c2fd5a8d507049f4cbda0a2,0.05,2,fcm_non_convergence,True,True
7ec5806d4306ed1faf8a2e2a7735a143e8be2b233e4f2c731bf4d50662dc00f7,N1_C_DIGITS__conventional__sigma_0.05__rep03,AXIS1__N1_C_DIGITS__conventional__sigma_0.05__rep03,AXIS2__N1_C_DIGITS__conventional__sigma_0.05__rep03,e1eddc72865b5d40e8234035f220e5890192fe21e1b333b5b094a0a21dfa51c5,bca0e8dfb7c3810f4cc490d1412a36b37813ee4ab4edee8df942c62048a08f09,0.05,3,success,True,True
8b14df045c793169cba77127c9dcad2c3784c94319b8b541d2caddd564fc8a68,N1_C_DIGITS__f_mapper__sigma_0.05__rep03,AXIS1__N1_C_DIGITS__f_mapper__sigma_0.05__rep03,AXIS2__N1_C_DIGITS__f_mapper__sigma_0.05__rep03,c96501d2720e87e53a5e23cb15906b9b547e0ffe0ba682c3bc702d19487a7a2b,bca0e8dfb7c3810f4cc490d1412a36b37813ee4ab4edee8df942c62048a08f09,0.05,3,success,True,True
71ed57f580351d1457a3a51acd364701b476be95bdc9e06eb8a12ac6213bb960,N1_C_DIGITS__conventional__sigma_0.05__rep04,AXIS1__N1_C_DIGITS__conventional__sigma_0.05__rep04,AXIS2__N1_C_DIGITS__conventional__sigma_0.05__rep04,1aa971ee8ecf269802e4aa70305a2cb9e57cf8842e44de3cbff677a5560a2daa,448409006eb3a5413de0011ca5b0bf273cce54466ec8d9c9b2f17402e8a73e0f,0.05,4,success,True,True
d0b229f15014cdefc6934c54f316312dbdbe3db1750c0ccea43d93e3c6be0b2c,N1_C_DIGITS__f_mapper__sigma_0.05__rep04,AXIS1__N1_C_DIGITS__f_mapper__sigma_0.05__rep04,AXIS2__N1_C_DIGITS__f_mapper__sigma_0.05__rep04,,448409006eb3a5413de0011ca5b0bf273cce54466ec8d9c9b2f17402e8a73e0f,0.05,4,fcm_non_convergence,True,True
b54f103f2c2b13a4e0890b58acb5fee01b82d2d7b799065f1b15fc8807fe9960,N1_C_DIGITS__conventional__sigma_0.05__rep05,AXIS1__N1_C_DIGITS__conventional__sigma_0.05__rep05,AXIS2__N1_C_DIGITS__conventional__sigma_0.05__rep05,1c6a836ba3441daaaa3811e11050fe7a2a992afcaca6e56306996e7cc2c17ca2,9c3f6b5d60099fa6ce17aeb7ebbb6e5d9071c3e48b6efd1272a1752f4f6fb80d,0.05,5,success,True,True
be945875dfb0c111b8d8d407189e57fbe1dcfa2a008471b73c816036c307a4f8,N1_C_DIGITS__f_mapper__sigma_0.05__rep05,AXIS1__N1_C_DIGITS__f_mapper__sigma_0.05__rep05,AXIS2__N1_C_DIGITS__f_mapper__sigma_0.05__rep05,4947792ba7f21f7afc1d5d56b68414ac6f0d7ecedff7cc61307ea723b4dee8ca,9c3f6b5d60099fa6ce17aeb7ebbb6e5d9071c3e48b6efd1272a1752f4f6fb80d,0.05,5,success,True,True
75af3acb93527a595b8d508ba9c19774c92b9985f31b23881273d949f3782e04,N1_C_DIGITS__conventional__sigma_0.05__rep06,AXIS1__N1_C_DIGITS__conventional__sigma_0.05__rep06,AXIS2__N1_C_DIGITS__conventional__sigma_0.05__rep06,3a1d9e23444432026e91d909529f981ca4d877ec2ddc5cb15fd7ee9b25c3d697,01688e0ce309ac88de408f397c263fcbbf3735f846a53d9c9dd227cc2cc15bc7,0.05,6,success,True,True
cd2818a26b8d99fabdab760623a2ce93f45b2a366f6f6e5807e1f3d01d174e48,N1_C_DIGITS__f_mapper__sigma_0.05__rep06,AXIS1__N1_C_DIGITS__f_mapper__sigma_0.05__rep06,AXIS2__N1_C_DIGITS__f_mapper__sigma_0.05__rep06,ead7da0c0bf8cf9e0e9f4e61d5f7b4b8e5eca7eed71a1e269b624bc99bef90d6,01688e0ce309ac88de408f397c263fcbbf3735f846a53d9c9dd227cc2cc15bc7,0.05,6,success,True,True
0e68ca49f9764ba71eb71255e7094a2e2ce70565bf0e0f8e2d4b093727a3ebec,N1_C_DIGITS__conventional__sigma_0.05__rep07,AXIS1__N1_C_DIGITS__conventional__sigma_0.05__rep07,AXIS2__N1_C_DIGITS__conventional__sigma_0.05__rep07,79d305c281a25fc2933d85a436f08b41ec9928b8bdbeca8d3611acb09a545cc9,61e2835b6b4754d372466616928323ac294e3407db3100e75787f94a26561d7e,0.05,7,success,True,True
dfb86f73180e0f74d38df36a270f5378695aa3bed0ff5dfbe8361820e27a734f,N1_C_DIGITS__f_mapper__sigma_0.05__rep07,AXIS1__N1_C_DIGITS__f_mapper__sigma_0.05__rep07,AXIS2__N1_C_DIGITS__f_mapper__sigma_0.05__rep07,,61e2835b6b4754d372466616928323ac294e3407db3100e75787f94a26561d7e,0.05,7,fcm_non_convergence,True,True
c1101b28aa52f9a1e83929a510beb9507e71bb112579c3d887f086ed564d371c,N1_C_DIGITS__conventional__sigma_0.05__rep08,AXIS1__N1_C_DIGITS__conventional__sigma_0.05__rep08,AXIS2__N1_C_DIGITS__conventional__sigma_0.05__rep08,e93f84b2e11b6f1507e028f304ad3c4b920682568c9b41afaf44c4c798e4dfb3,5f6010c0db6e9ff05e65a6d7782d8095b43838640a3ca3c6f75ef7d74fe177ef,0.05,8,success,True,True
c6d89928c8b09b483d6e71aadceec1181b5fd01449ee3d4f3eaa6d42b449f1d2,N1_C_DIGITS__f_mapper__sigma_0.05__rep08,AXIS1__N1_C_DIGITS__f_mapper__sigma_0.05__rep08,AXIS2__N1_C_DIGITS__f_mapper__sigma_0.05__rep08,,5f6010c0db6e9ff05e65a6d7782d8095b43838640a3ca3c6f75ef7d74fe177ef,0.05,8,fcm_non_convergence,True,True
ee88546b2ec3a709ebd2d7522cfc65660333bd8d25dd6a801283d40183d83db1,N1_C_DIGITS__conventional__sigma_0.05__rep09,AXIS1__N1_C_DIGITS__conventional__sigma_0.05__rep09,AXIS2__N1_C_DIGITS__conventional__sigma_0.05__rep09,42104e7758ef9867fb8c9ad8a7315a2f2ceabb2604e357049e162fc1a406ebd5,ee04146e98acc190eea5dc724a194512615b24165e4f323856b004a4baba9af6,0.05,9,success,True,True
0aa5251728cef835e8b7eb83c31670001ed4d916a1eba31ce57902f8027e1901,N1_C_DIGITS__f_mapper__sigma_0.05__rep09,AXIS1__N1_C_DIGITS__f_mapper__sigma_0.05__rep09,AXIS2__N1_C_DIGITS__f_mapper__sigma_0.05__rep09,84f1b1965973917748c557c4731796f51c1e7c704ad55b8a77cc1af1c68b7661,ee04146e98acc190eea5dc724a194512615b24165e4f323856b004a4baba9af6,0.05,9,success,True,True
aae26f71533eb64d7bcf369622faba43f95686a9ec601f6d2c6d7c56a4a9442a,N1_C_DIGITS__conventional__sigma_0.05__rep10,AXIS1__N1_C_DIGITS__conventional__sigma_0.05__rep10,AXIS2__N1_C_DIGITS__conventional__sigma_0.05__rep10,5f17bbccbe031aeca9d283c9210bfb8dbfa8173c0289e257e7aed9c54d525294,db0d4dd6822759320b822975807face90b3d13b753e9b4dfbcfbd6491638d69e,0.05,10,success,True,True
6d7e055158fabb656f06e8f180fcd87d68708128504df47cc8db5ea48b80cf53,N1_C_DIGITS__f_mapper__sigma_0.05__rep10,AXIS1__N1_C_DIGITS__f_mapper__sigma_0.05__rep10,AXIS2__N1_C_DIGITS__f_mapper__sigma_0.05__rep10,8a357f08e3c11f6553270b1ebf92117b0c5d52bfb796a93566d022a0d18afe48,db0d4dd6822759320b822975807face90b3d13b753e9b4dfbcfbd6491638d69e,0.05,10,success,True,True
b657646ba94d372729ddb05609a4fc0d21c8ecf7085e39ec03557ba019b45eb1,N1_C_DIGITS__conventional__sigma_0.05__rep11,AXIS1__N1_C_DIGITS__conventional__sigma_0.05__rep11,AXIS2__N1_C_DIGITS__conventional__sigma_0.05__rep11,8b56e3006bfaf0f923275a29e53b5fd23431d4cec2d8285b22d9660ddde0449e,30d0c194c00ba4ac30ac1317e02d63477951878a3f4fab2583eea9471668b7ea,0.05,11,success,True,True
05080188cbcbc57986fca26ba512185737e20262f63ff9f2b2a87512ec6b3ab5,N1_C_DIGITS__f_mapper__sigma_0.05__rep11,AXIS1__N1_C_DIGITS__f_mapper__sigma_0.05__rep11,AXIS2__N1_C_DIGITS__f_mapper__sigma_0.05__rep11,,30d0c194c00ba4ac30ac1317e02d63477951878a3f4fab2583eea9471668b7ea,0.05,11,fcm_non_convergence,True,True
338a92117d8690f47ee3b36633040838772d07e79b5bc74e0df375ffd4df13cd,N1_C_DIGITS__conventional__sigma_0.05__rep12,AXIS1__N1_C_DIGITS__conventional__sigma_0.05__rep12,AXIS2__N1_C_DIGITS__conventional__sigma_0.05__rep12,3cd134600fef641d6ee037105255b5098e8ba9e5b90c6dee0e500b8fd17a66da,a2a7542f654266795bd353a4f789d2ed31f3a44b304aed5e0bcb0515026ecc08,0.05,12,success,True,True
6374ef12b7204c7cc5577cf12f8d9ce8da38fe70dc14d5af55e5fd71d304f214,N1_C_DIGITS__f_mapper__sigma_0.05__rep12,AXIS1__N1_C_DIGITS__f_mapper__sigma_0.05__rep12,AXIS2__N1_C_DIGITS__f_mapper__sigma_0.05__rep12,,a2a7542f654266795bd353a4f789d2ed31f3a44b304aed5e0bcb0515026ecc08,0.05,12,fcm_non_convergence,True,True
430c5ac7eeb46a67bc6c9a744facea0b83bd6203dd1213352d79cdaf437c9687,N1_C_DIGITS__conventional__sigma_0.05__rep13,AXIS1__N1_C_DIGITS__conventional__sigma_0.05__rep13,AXIS2__N1_C_DIGITS__conventional__sigma_0.05__rep13,850b2ec30612780a67d58dc676175d9792d760bc48714687fa22c8e4c17b7290,569d19bb63447cb24750076c5a8625bb4ae9e1423289ea78ed8a15b5c2c65a8f,0.05,13,success,True,True
4ee8a08471f252601714f17e76609364a28aa048e1b026ca655b4ffc5cecbf85,N1_C_DIGITS__f_mapper__sigma_0.05__rep13,AXIS1__N1_C_DIGITS__f_mapper__sigma_0.05__rep13,AXIS2__N1_C_DIGITS__f_mapper__sigma_0.05__rep13,,569d19bb63447cb24750076c5a8625bb4ae9e1423289ea78ed8a15b5c2c65a8f,0.05,13,fcm_non_convergence,True,True
c468d5311c049cc493dd3ead470c5760312ca802d507826f63a693df4d5fcb74,N1_C_DIGITS__conventional__sigma_0.05__rep14,AXIS1__N1_C_DIGITS__conventional__sigma_0.05__rep14,AXIS2__N1_C_DIGITS__conventional__sigma_0.05__rep14,dbb55efd3a018fc1cd3efb2f863ae4a6c914eb73a7aa40dad4e164af26c6fab4,d229f180393bcd1ffcfa26b318a338534b85da3144b8be658acff5e793574810,0.05,14,success,True,True
701bb0c32ee3563fcb9997d9c10c05163779dbdd5d06f1e25d86273eb0ea63bf,N1_C_DIGITS__f_mapper__sigma_0.05__rep14,AXIS1__N1_C_DIGITS__f_mapper__sigma_0.05__rep14,AXIS2__N1_C_DIGITS__f_mapper__sigma_0.05__rep14,56e09ff8d7d471c8846c6e2edbebda12558000d70b232d6ee9097a42a14b7747,d229f180393bcd1ffcfa26b318a338534b85da3144b8be658acff5e793574810,0.05,14,success,True,True
2b297b2a31265f44015437ee2af9284f409857da50d017227811bc18b1b84873,N1_C_DIGITS__conventional__sigma_0.05__rep15,AXIS1__N1_C_DIGITS__conventional__sigma_0.05__rep15,AXIS2__N1_C_DIGITS__conventional__sigma_0.05__rep15,c32f27f4415c7428a8640d216781f3084ed2d3090fc601572e1224f521eca938,770f5aae041adaeb85f91caa2664d0b1022400401c5480ff936d488d9eb9309b,0.05,15,success,True,True
024e081a337e409137dba9a59d4484c1b09e7f62f8fa196de0538958b52d66b0,N1_C_DIGITS__f_mapper__sigma_0.05__rep15,AXIS1__N1_C_DIGITS__f_mapper__sigma_0.05__rep15,AXIS2__N1_C_DIGITS__f_mapper__sigma_0.05__rep15,9a0b6501bcef4ca4812c9322be95f6ef2d9eab853f814c52bbfd62f1323770ce,770f5aae041adaeb85f91caa2664d0b1022400401c5480ff936d488d9eb9309b,0.05,15,success,True,True
97f30918be121590e964a71f2979e88b13e72e1b9013f0378cdb204f9c4ede7e,N1_C_DIGITS__conventional__sigma_0.05__rep16,AXIS1__N1_C_DIGITS__conventional__sigma_0.05__rep16,AXIS2__N1_C_DIGITS__conventional__sigma_0.05__rep16,1d6feda0d5c22043803c97d94bdee9f39ac3a0f89f737fc727340c759a14b8c2,81442e56fb865d285539ea95da019b732088a02fe98d01777246f0fb1514c208,0.05,16,success,True,True
9462f87422bee65524e662dd41d4fa560b106f0147fff8f4e9bff2495e250479,N1_C_DIGITS__f_mapper__sigma_0.05__rep16,AXIS1__N1_C_DIGITS__f_mapper__sigma_0.05__rep16,AXIS2__N1_C_DIGITS__f_mapper__sigma_0.05__rep16,b767ba05a2432a9d5fd1590fd3a24c4f34a859c79f9ba3859d94ec493d69c882,81442e56fb865d285539ea95da019b732088a02fe98d01777246f0fb1514c208,0.05,16,success,True,True
54a7b2dfff9c812243006664a305140f2766d4cd04d59c6ab3283ebe54243f4b,N1_C_DIGITS__conventional__sigma_0.05__rep17,AXIS1__N1_C_DIGITS__conventional__sigma_0.05__rep17,AXIS2__N1_C_DIGITS__conventional__sigma_0.05__rep17,cbb1077ec4438c32d34ea213b2627cfd48a7a3c11e0f16952f4ecb8cfbd34306,14f0b10b9871386beba2d93fd6e00abcb24c9a13679739c6451574bfa47912d7,0.05,17,success,True,True
3db15bb20b06a1581b3e9788ab95e9438c9a257b8fe1950801f91e8a6aa5069d,N1_C_DIGITS__f_mapper__sigma_0.05__rep17,AXIS1__N1_C_DIGITS__f_mapper__sigma_0.05__rep17,AXIS2__N1_C_DIGITS__f_mapper__sigma_0.05__rep17,,14f0b10b9871386beba2d93fd6e00abcb24c9a13679739c6451574bfa47912d7,0.05,17,fcm_non_convergence,True,True
1ecb68298266625c0637d83e2f7c08d69eb22843f22dd7264c8a689a6f8becd3,N1_C_DIGITS__conventional__sigma_0.05__rep18,AXIS1__N1_C_DIGITS__conventional__sigma_0.05__rep18,AXIS2__N1_C_DIGITS__conventional__sigma_0.05__rep18,65d170169912540dad1e48a0aee55f79b8d77bb31a644cadfead1bee562afdb1,4b1b9ccd8755091e4b653debee284ef0db525277d3bd181e9414a91122bb5c35,0.05,18,success,True,True
3a5e11814ee87d210d6ed1a006c56a18f38b63567377577289e9c8837f6c53dd,N1_C_DIGITS__f_mapper__sigma_0.05__rep18,AXIS1__N1_C_DIGITS__f_mapper__sigma_0.05__rep18,AXIS2__N1_C_DIGITS__f_mapper__sigma_0.05__rep18,,4b1b9ccd8755091e4b653debee284ef0db525277d3bd181e9414a91122bb5c35,0.05,18,fcm_non_convergence,True,True
78be0ab5905b7a0fb2397fd68ba134ae916b81c05e569fa108fb9b01eb5c4cf3,N1_C_DIGITS__conventional__sigma_0.05__rep19,AXIS1__N1_C_DIGITS__conventional__sigma_0.05__rep19,AXIS2__N1_C_DIGITS__conventional__sigma_0.05__rep19,686a71b193c37ccb627e8e58dfeaf22816a3db38c70f7697da9f5bc26e34e065,9e71af9226774dd7d08cb3e55def4de0d11e54a548e7bc72ef755e8193bf7eeb,0.05,19,success,True,True
ae577f16dfdd2fcea50b3fb43d5baee1635470370f23ef14f2fa35a2765abdc1,N1_C_DIGITS__f_mapper__sigma_0.05__rep19,AXIS1__N1_C_DIGITS__f_mapper__sigma_0.05__rep19,AXIS2__N1_C_DIGITS__f_mapper__sigma_0.05__rep19,,9e71af9226774dd7d08cb3e55def4de0d11e54a548e7bc72ef755e8193bf7eeb,0.05,19,fcm_non_convergence,True,True
d13a2bc17b1c42eb2537148f3c928c922a912bbb92f6b46f03a38d4bd00dba95,N1_C_DIGITS__conventional__sigma_0.05__rep20,AXIS1__N1_C_DIGITS__conventional__sigma_0.05__rep20,AXIS2__N1_C_DIGITS__conventional__sigma_0.05__rep20,bc0ff8e2be83e24725e4f18a3d9b5faa26fa8b97a85a85c792bb1c47cf5229ed,90add5426702d899a79d78a3b795583b59ff7aac54a23a4bc288b22c245d7b42,0.05,20,success,True,True
41eda5fbbff5cba3f8c9b9bbef692110001122d7779e1bbcb324193409fe9515,N1_C_DIGITS__f_mapper__sigma_0.05__rep20,AXIS1__N1_C_DIGITS__f_mapper__sigma_0.05__rep20,AXIS2__N1_C_DIGITS__f_mapper__sigma_0.05__rep20,,90add5426702d899a79d78a3b795583b59ff7aac54a23a4bc288b22c245d7b42,0.05,20,fcm_non_convergence,True,True
99179e62da0014bd9a259c57a51e0646b1285966d55def194ca63c691b454184,N1_C_DIGITS__conventional__sigma_0.05__rep21,AXIS1__N1_C_DIGITS__conventional__sigma_0.05__rep21,AXIS2__N1_C_DIGITS__conventional__sigma_0.05__rep21,dfc570635a1e32a017899e4f58588381a8c657111b2086202f086fcb543c8ac2,ded122e47cb192a4d6a4dc603dc28ca492e98d5df71707579927aead12570090,0.05,21,success,True,True
97322a971a645fdb18e78c73a23a142617f5b8ee4eb7714a80f978299e75a18d,N1_C_DIGITS__f_mapper__sigma_0.05__rep21,AXIS1__N1_C_DIGITS__f_mapper__sigma_0.05__rep21,AXIS2__N1_C_DIGITS__f_mapper__sigma_0.05__rep21,,ded122e47cb192a4d6a4dc603dc28ca492e98d5df71707579927aead12570090,0.05,21,fcm_non_convergence,True,True
b435130a53f9fae99a41efc4b23578e1b7a3532786eefaf56d99ea33942c0070,N1_C_DIGITS__conventional__sigma_0.05__rep22,AXIS1__N1_C_DIGITS__conventional__sigma_0.05__rep22,AXIS2__N1_C_DIGITS__conventional__sigma_0.05__rep22,79ef90e955d024ad84fe836159da1c73fd8e26a0e5180ab01f5a3140a5c5f726,25b15bd8c8e1b5d763e5e23a59bd564bac3f5076a039d8ee1587bf5a7e18d091,0.05,22,success,True,True
9f4d44b5ff787e0e011d0368d59e3a464977a2cc180641183cbb033bbbcf7b4b,N1_C_DIGITS__f_mapper__sigma_0.05__rep22,AXIS1__N1_C_DIGITS__f_mapper__sigma_0.05__rep22,AXIS2__N1_C_DIGITS__f_mapper__sigma_0.05__rep22,,25b15bd8c8e1b5d763e5e23a59bd564bac3f5076a039d8ee1587bf5a7e18d091,0.05,22,fcm_non_convergence,True,True
e6500e79aed3c09de5f4c4bf2505cab8dd8e9b0603f119f791197fcab00a72fe,N1_C_DIGITS__conventional__sigma_0.05__rep23,AXIS1__N1_C_DIGITS__conventional__sigma_0.05__rep23,AXIS2__N1_C_DIGITS__conventional__sigma_0.05__rep23,ebdc123752d1c875c632de7d86fed678470be5b7e55e427b65f7e521f95797b8,560b3ce7fecbfce0da690aefa4011c14adf8938bf76bdb760c92e730f6fbdaa8,0.05,23,success,True,True
ccd215f3ee5fb79ec174684d8ca6e87a93fdf0766590a52f6e7786c007afc4b8,N1_C_DIGITS__f_mapper__sigma_0.05__rep23,AXIS1__N1_C_DIGITS__f_mapper__sigma_0.05__rep23,AXIS2__N1_C_DIGITS__f_mapper__sigma_0.05__rep23,be57d1518b32dd63a08f68cb93bfa1d6cf2a55a00a31836d04adcb1994a2442b,560b3ce7fecbfce0da690aefa4011c14adf8938bf76bdb760c92e730f6fbdaa8,0.05,23,success,True,True
e285dd79dad52b186b506216847b258278f584598b803e86663a29baee28c5c4,N1_C_DIGITS__conventional__sigma_0.05__rep24,AXIS1__N1_C_DIGITS__conventional__sigma_0.05__rep24,AXIS2__N1_C_DIGITS__conventional__sigma_0.05__rep24,6fd6c879d32f676df6ea400225dcd220225654147c99728f76bcd8f004aeedd4,f9338905e8546edeaaf9e3fafb8ea3229e4bd2f58bd15dfca7ec02adae1dfbb7,0.05,24,success,True,True
4381953b8ba6d7bb6f64f1b0843d2b5cf97c91a4fa44bd62675a7fd25fba8ef6,N1_C_DIGITS__f_mapper__sigma_0.05__rep24,AXIS1__N1_C_DIGITS__f_mapper__sigma_0.05__rep24,AXIS2__N1_C_DIGITS__f_mapper__sigma_0.05__rep24,,f9338905e8546edeaaf9e3fafb8ea3229e4bd2f58bd15dfca7ec02adae1dfbb7,0.05,24,fcm_non_convergence,True,True
a0491cc1d59cc636157635a7be780061890341aad6744b23259ddfac8cfb78cd,N1_C_DIGITS__conventional__sigma_0.05__rep25,AXIS1__N1_C_DIGITS__conventional__sigma_0.05__rep25,AXIS2__N1_C_DIGITS__conventional__sigma_0.05__rep25,7a2949bec2337d387bce6e23d9a03ad6f1e59776475d0f02a07b55df3519058c,81bfde275f978c3d4a2241b1d9f0d38b9d4c852537a26ca646742c47ca5bbaa7,0.05,25,success,True,True
e2a53f5d7e78a4b356dc7b8ca444207aa8fc01c08b51e2da3ed8b29d2e898019,N1_C_DIGITS__f_mapper__sigma_0.05__rep25,AXIS1__N1_C_DIGITS__f_mapper__sigma_0.05__rep25,AXIS2__N1_C_DIGITS__f_mapper__sigma_0.05__rep25,,81bfde275f978c3d4a2241b1d9f0d38b9d4c852537a26ca646742c47ca5bbaa7,0.05,25,fcm_non_convergence,True,True
11b0220b41a11535c3cab8fd364b044c9694bd8296632fb0e7df636780fa8b9f,N1_C_DIGITS__conventional__sigma_0.05__rep26,AXIS1__N1_C_DIGITS__conventional__sigma_0.05__rep26,AXIS2__N1_C_DIGITS__conventional__sigma_0.05__rep26,63c5d18b807096ed958321b414efdad91f492cbc8cc02cf5426bc6ceb8e47497,286bd717553a2062b2991bcc89401843095c3474267925072a7c64390f547345,0.05,26,success,True,True
3c2148f035f373697a06751076a52ea9b1183a9d79f76fb9e53580f34aaba6eb,N1_C_DIGITS__f_mapper__sigma_0.05__rep26,AXIS1__N1_C_DIGITS__f_mapper__sigma_0.05__rep26,AXIS2__N1_C_DIGITS__f_mapper__sigma_0.05__rep26,,286bd717553a2062b2991bcc89401843095c3474267925072a7c64390f547345,0.05,26,fcm_non_convergence,True,True
c63475be7a2dae6839a28c2042ea9253b55632b5288f7eebca6b3b64186a36a7,N1_C_DIGITS__conventional__sigma_0.05__rep27,AXIS1__N1_C_DIGITS__conventional__sigma_0.05__rep27,AXIS2__N1_C_DIGITS__conventional__sigma_0.05__rep27,1bcd8ef6807d46364a577228794c4c5a01b2178d24a9af3367b478bb10a63932,dae3a338dac1f84cdf00d3607e5b6af0b8994355f8d1c3d1bdb81bee8edd7107,0.05,27,success,True,True
e80634babbeb9d89ef6411f9b5ee7c30bb2672c4b3cc7783580d98ac908ccff3,N1_C_DIGITS__f_mapper__sigma_0.05__rep27,AXIS1__N1_C_DIGITS__f_mapper__sigma_0.05__rep27,AXIS2__N1_C_DIGITS__f_mapper__sigma_0.05__rep27,2b8d62bf97fdf7f219581ff73387e9b0481cc5873a21f1fdb2880e7f2bb3ed1f,dae3a338dac1f84cdf00d3607e5b6af0b8994355f8d1c3d1bdb81bee8edd7107,0.05,27,success,True,True
e7c9e7be3c9ac47c277f9ceb4c618444ba725bccb6a0cb6765dccf22d805e585,N1_C_DIGITS__conventional__sigma_0.05__rep28,AXIS1__N1_C_DIGITS__conventional__sigma_0.05__rep28,AXIS2__N1_C_DIGITS__conventional__sigma_0.05__rep28,c689d349855d1d22cc40cb16bd2aa9fc7304f1a95def3f69c0bee639c1efc19b,2c6de8b7533a4695865603af348fccb2e9945d1c1d70660f04c7a6905f2ecf7a,0.05,28,success,True,True
242073a62c469611faaaba71c040e178ab91ca6af0108b3dc1085645ad1350af,N1_C_DIGITS__f_mapper__sigma_0.05__rep28,AXIS1__N1_C_DIGITS__f_mapper__sigma_0.05__rep28,AXIS2__N1_C_DIGITS__f_mapper__sigma_0.05__rep28,03103304092283e799c3598f71f36c187ab60c172139652e22f62fd8f9248ce6,2c6de8b7533a4695865603af348fccb2e9945d1c1d70660f04c7a6905f2ecf7a,0.05,28,success,True,True
8796f8989848077fd50784128ad1cbe3de19cc27eee342cc7f7ba7ac4ece62ae,N1_C_DIGITS__conventional__sigma_0.05__rep29,AXIS1__N1_C_DIGITS__conventional__sigma_0.05__rep29,AXIS2__N1_C_DIGITS__conventional__sigma_0.05__rep29,efc3cfa361d9ead25ab995a726e47b5a37a91219f7559fe973a9768df3de287d,6d7c316faf6eedabb985f3aeef0b854e73ab8d919158e29fedc808295c1ed14b,0.05,29,success,True,True
6349030c961cd9b9af009c6068bb338c963fe0422abfa850fd596d664c78e9fb,N1_C_DIGITS__f_mapper__sigma_0.05__rep29,AXIS1__N1_C_DIGITS__f_mapper__sigma_0.05__rep29,AXIS2__N1_C_DIGITS__f_mapper__sigma_0.05__rep29,,6d7c316faf6eedabb985f3aeef0b854e73ab8d919158e29fedc808295c1ed14b,0.05,29,fcm_non_convergence,True,True
2829a2ea34af62955ac6c87b3f50eeffc7c46f11bbdc19d9297134dba1e3b649,N1_C_DIGITS__conventional__sigma_0.05__rep30,AXIS1__N1_C_DIGITS__conventional__sigma_0.05__rep30,AXIS2__N1_C_DIGITS__conventional__sigma_0.05__rep30,58149575a386f0a77375e74296dbdf92aac4d49c1cb7f9f703b84e3a7d374309,a67c8a5681f8cd4c554a2d679da0c36203ee67a9b22b498a479855f06acd59cb,0.05,30,success,True,True
22c90249a5ef4596f10401e5bb2efe780275f8aaee37f9bf107855ea29893271,N1_C_DIGITS__f_mapper__sigma_0.05__rep30,AXIS1__N1_C_DIGITS__f_mapper__sigma_0.05__rep30,AXIS2__N1_C_DIGITS__f_mapper__sigma_0.05__rep30,f72331544cd7c913901e409991fa7265c0358c3e1b3b3d5e01a6cb9ee9fb7b47,a67c8a5681f8cd4c554a2d679da0c36203ee67a9b22b498a479855f06acd59cb,0.05,30,success,True,True
b5b5112c9eb5ccca7d512763977c41c3a824b15987002fc54c3a7c45565075a1,N1_C_DIGITS__conventional__sigma_0.08__rep01,AXIS1__N1_C_DIGITS__conventional__sigma_0.08__rep01,AXIS2__N1_C_DIGITS__conventional__sigma_0.08__rep01,9d83cff0b8f3e4d6adc5e9c10b7f748b58ee3c1b63b9b934356f3fe968014865,52739b6a35a2b23e7bc6dd1e404f8c34c3d0ea2d8f7a7dc022cca245ec7f1e70,0.08,1,success,True,True
5722ad28dc4060b1a7f09a1cc8f8fec3b0c0d4b5aaa03beba7438e5f0f96b85b,N1_C_DIGITS__f_mapper__sigma_0.08__rep01,AXIS1__N1_C_DIGITS__f_mapper__sigma_0.08__rep01,AXIS2__N1_C_DIGITS__f_mapper__sigma_0.08__rep01,d9fe03854ec35ad13db21b42415b8dd0c1d520a9a5c40f181334f859afc4bc5d,52739b6a35a2b23e7bc6dd1e404f8c34c3d0ea2d8f7a7dc022cca245ec7f1e70,0.08,1,success,True,True
47f9ef130618cf027293d41cc61aa5a4f401fc2c3b45113c6342e4d08eedacb8,N1_C_DIGITS__conventional__sigma_0.08__rep02,AXIS1__N1_C_DIGITS__conventional__sigma_0.08__rep02,AXIS2__N1_C_DIGITS__conventional__sigma_0.08__rep02,b8f9b6a7b80af9abaf12da21b9624d6bc35e4663f63e4c810ef5b52f5b5c43a5,2bbcb5f4db9ae3e5ca6c9ed849a6577d0837729f4a09ae8d74eedf2358ec78cc,0.08,2,success,True,True
69c5849c911bc876c6977a6885fc46055f227c47f29fad386d82d67560d9b566,N1_C_DIGITS__f_mapper__sigma_0.08__rep02,AXIS1__N1_C_DIGITS__f_mapper__sigma_0.08__rep02,AXIS2__N1_C_DIGITS__f_mapper__sigma_0.08__rep02,30c9d3b04a536e870a2e2f6f35648f1659cb0ffab4c46ba470d73636d806d3ad,2bbcb5f4db9ae3e5ca6c9ed849a6577d0837729f4a09ae8d74eedf2358ec78cc,0.08,2,success,True,True
b6123b513aa3c6fb770bb517e874dbce554238c0a4623aa3518c0000acf1e341,N1_C_DIGITS__conventional__sigma_0.08__rep03,AXIS1__N1_C_DIGITS__conventional__sigma_0.08__rep03,AXIS2__N1_C_DIGITS__conventional__sigma_0.08__rep03,ec8c6b40769d2bf56b5da92e5a2fb21da3fe34c82ddb268005a1730d6225e781,0790315d777a432c2267a66e0ef7ceefe0036917e1fc3004db111823edd4fc25,0.08,3,success,True,True
85449e72004c0a4c7b8aac0e2afda6de3fd0a17bc90027fc0e1b4e4f1d6d5055,N1_C_DIGITS__f_mapper__sigma_0.08__rep03,AXIS1__N1_C_DIGITS__f_mapper__sigma_0.08__rep03,AXIS2__N1_C_DIGITS__f_mapper__sigma_0.08__rep03,c16f46aecee1484ed01772f2c6e7137710043414af061c8ceea64da767af7712,0790315d777a432c2267a66e0ef7ceefe0036917e1fc3004db111823edd4fc25,0.08,3,success,True,True
2c547a9f2f10af2651ee84731b4f9edaa5606b5ededde35511fdb9e626c72bd6,N1_C_DIGITS__conventional__sigma_0.08__rep04,AXIS1__N1_C_DIGITS__conventional__sigma_0.08__rep04,AXIS2__N1_C_DIGITS__conventional__sigma_0.08__rep04,ddb77469738d93376492733103a6acf4c46430bb5ea97aa45b43b44ef6d90fd1,e1282d34b09f10248f6d0db0139610e098434e099e5a15de2ecdf9f71774df99,0.08,4,success,True,True
fc97c55d357a09c72ceaacde7e45a7ab1b954249aa2411652dab015dcfddbfbe,N1_C_DIGITS__f_mapper__sigma_0.08__rep04,AXIS1__N1_C_DIGITS__f_mapper__sigma_0.08__rep04,AXIS2__N1_C_DIGITS__f_mapper__sigma_0.08__rep04,,e1282d34b09f10248f6d0db0139610e098434e099e5a15de2ecdf9f71774df99,0.08,4,fcm_non_convergence,True,True
e404bff92d871d4adc8c326e4a090b689d50ce74bd903a1ba9c0b819348a55e1,N1_C_DIGITS__conventional__sigma_0.08__rep05,AXIS1__N1_C_DIGITS__conventional__sigma_0.08__rep05,AXIS2__N1_C_DIGITS__conventional__sigma_0.08__rep05,339d73546e5e347824e0f782c9ca81d0436ed8d9da168717eb726a411736a518,653aba14379728de02962d2029ae957551eb8e453d4344c4219da6645462acaa,0.08,5,success,True,True
e8c4f82a14b7b4bd6547998454c45a039cab66519511312ac8040e0741765be6,N1_C_DIGITS__f_mapper__sigma_0.08__rep05,AXIS1__N1_C_DIGITS__f_mapper__sigma_0.08__rep05,AXIS2__N1_C_DIGITS__f_mapper__sigma_0.08__rep05,e794154db215e1134765b420a13289785ec5f9781c1aafcf798a963689613b91,653aba14379728de02962d2029ae957551eb8e453d4344c4219da6645462acaa,0.08,5,success,True,True
38021ad056c06cd2ebe868d246037ee0b4f93ce95f57a5d2847eb5107a5a74ab,N1_C_DIGITS__conventional__sigma_0.08__rep06,AXIS1__N1_C_DIGITS__conventional__sigma_0.08__rep06,AXIS2__N1_C_DIGITS__conventional__sigma_0.08__rep06,2d20d80555cc6259c11f27d22d33e6e146d16c3309d589bab986e51ad360b2d8,2a1da9240805d3c343ccc1aa58e3d5e58c146d190411d13ee7836f894c209f14,0.08,6,success,True,True
976f587981241cc89a0c6c3ea2b8ce805b5811b1798281d961edc9e791f8d0b7,N1_C_DIGITS__f_mapper__sigma_0.08__rep06,AXIS1__N1_C_DIGITS__f_mapper__sigma_0.08__rep06,AXIS2__N1_C_DIGITS__f_mapper__sigma_0.08__rep06,f6d004f9476f877455fa4618543eb079730cb7cd3d29f22c713149a3b791e6f6,2a1da9240805d3c343ccc1aa58e3d5e58c146d190411d13ee7836f894c209f14,0.08,6,success,True,True
ae2cd11b703e5232bc043f8d9bc4b4d7783a81bda22489307ba8344bbc7e7342,N1_C_DIGITS__conventional__sigma_0.08__rep07,AXIS1__N1_C_DIGITS__conventional__sigma_0.08__rep07,AXIS2__N1_C_DIGITS__conventional__sigma_0.08__rep07,b629fe0b72ac92ec100ce763247253292f02658281a7d1bb3dd8a827bfc60198,91b1bb92da80277d442cd8c4e675217aa2cf5c6f3c25f227605bdf572cdf142e,0.08,7,success,True,True
1a09f5b0f5bb2a473802caf1ea45fc3b7c730d06864daf620250a54d23c57d93,N1_C_DIGITS__f_mapper__sigma_0.08__rep07,AXIS1__N1_C_DIGITS__f_mapper__sigma_0.08__rep07,AXIS2__N1_C_DIGITS__f_mapper__sigma_0.08__rep07,5eead53dd48507d4e61fcac76ded78ab7b572cb76f723c0a6d41acb0434ded62,91b1bb92da80277d442cd8c4e675217aa2cf5c6f3c25f227605bdf572cdf142e,0.08,7,success,True,True
068b20cd2a21539f3d59c2e4451178d10b364a6f0699685172d2f82fd529547a,N1_C_DIGITS__conventional__sigma_0.08__rep08,AXIS1__N1_C_DIGITS__conventional__sigma_0.08__rep08,AXIS2__N1_C_DIGITS__conventional__sigma_0.08__rep08,14465cb66b20c48885f3f0ec16d3d2e334c576c248908aac55939138a04911c7,36c6a83ca2fa2a3bbc51b2e29f36871adb217550b454b971fa8980b5057dccef,0.08,8,success,True,True
931aae12120dceaf5bdda63c590c9602a965d82d9c6a07eee762daf9fad3b793,N1_C_DIGITS__f_mapper__sigma_0.08__rep08,AXIS1__N1_C_DIGITS__f_mapper__sigma_0.08__rep08,AXIS2__N1_C_DIGITS__f_mapper__sigma_0.08__rep08,8a9ca59278845ba05584f4a8bf6efaf9b793283d918b6cff39b578d1ded3a66b,36c6a83ca2fa2a3bbc51b2e29f36871adb217550b454b971fa8980b5057dccef,0.08,8,success,True,True
b9fd29b0e1a2fd9f8fbde0a08afe0bd87cc602cfe21dd62719c87a2b2c7b860e,N1_C_DIGITS__conventional__sigma_0.08__rep09,AXIS1__N1_C_DIGITS__conventional__sigma_0.08__rep09,AXIS2__N1_C_DIGITS__conventional__sigma_0.08__rep09,09904d38e67da9cfda0d43175e21f4a7705e9dbbc20f8d8c15f6f2a7466df48b,18016d467546142a6b90e0902653f83ddea7f7b4f54468a755bcdea2ee8640f8,0.08,9,success,True,True
cc8deaf5b30f76853279dd04e19ad994c6017396a70fa318aef771ca6949944c,N1_C_DIGITS__f_mapper__sigma_0.08__rep09,AXIS1__N1_C_DIGITS__f_mapper__sigma_0.08__rep09,AXIS2__N1_C_DIGITS__f_mapper__sigma_0.08__rep09,ed120d29d146692ffb91dd5e083397d0f29b456dd8f78dc376101fc14ca28f7c,18016d467546142a6b90e0902653f83ddea7f7b4f54468a755bcdea2ee8640f8,0.08,9,success,True,True
0589b73095ddaacdb265ade5a58e309f132ba81f6fb8e70b851ad9942a38ebca,N1_C_DIGITS__conventional__sigma_0.08__rep10,AXIS1__N1_C_DIGITS__conventional__sigma_0.08__rep10,AXIS2__N1_C_DIGITS__conventional__sigma_0.08__rep10,87c4adcbaeabb49b8d020deb52a39af4f5adc2c2a4a887e214e906fbb9d202a6,2f67122c476cda09902b7de1dab84db46ab24f4dee0250e0c1e7c3112e7b79cd,0.08,10,success,True,True
68f8f97b7afc6242d4c8b8dd2723d61fa2b1d6e2fc9ea2b501e257773a89bcdb,N1_C_DIGITS__f_mapper__sigma_0.08__rep10,AXIS1__N1_C_DIGITS__f_mapper__sigma_0.08__rep10,AXIS2__N1_C_DIGITS__f_mapper__sigma_0.08__rep10,,2f67122c476cda09902b7de1dab84db46ab24f4dee0250e0c1e7c3112e7b79cd,0.08,10,fcm_non_convergence,True,True
c75f4a3d25dfca176846f37f89cf5b7850be5c179de42f34c86664c1e9a89ad1,N1_C_DIGITS__conventional__sigma_0.08__rep11,AXIS1__N1_C_DIGITS__conventional__sigma_0.08__rep11,AXIS2__N1_C_DIGITS__conventional__sigma_0.08__rep11,b94ffb1d9fa004697cbb79dc7e456313b8c6fcb079e4bedb9e85a82a34be507f,b02271d778345306ce3a269a9613940b3563937aefc7931cdbc2b2f1dd69f459,0.08,11,success,True,True
3280cf5443f33d334811297187321a71788675d70c99adad00ff32c52dee1cd6,N1_C_DIGITS__f_mapper__sigma_0.08__rep11,AXIS1__N1_C_DIGITS__f_mapper__sigma_0.08__rep11,AXIS2__N1_C_DIGITS__f_mapper__sigma_0.08__rep11,ed2bdbb21aa7213910bfcbd78e38a30f64afa0b38f92880b2525d39cdc8301b3,b02271d778345306ce3a269a9613940b3563937aefc7931cdbc2b2f1dd69f459,0.08,11,success,True,True
83ab5ef1ba74b3cecad040f0da23d9413880906c88ebb406dfe9a7f253694328,N1_C_DIGITS__conventional__sigma_0.08__rep12,AXIS1__N1_C_DIGITS__conventional__sigma_0.08__rep12,AXIS2__N1_C_DIGITS__conventional__sigma_0.08__rep12,b88fa0c3be7fa9e090ff388a1792d60e99fd9c4a6a9fc1051b30fd0d5847d670,0e91d9c3d705613c8f192bfce1727419da0438828b69af1b74ec69a6bdd5748a,0.08,12,success,True,True
71811aec2d5925da6611ed277b6d80b49e760ec76bea77f5f6b9cc15cab734a2,N1_C_DIGITS__f_mapper__sigma_0.08__rep12,AXIS1__N1_C_DIGITS__f_mapper__sigma_0.08__rep12,AXIS2__N1_C_DIGITS__f_mapper__sigma_0.08__rep12,,0e91d9c3d705613c8f192bfce1727419da0438828b69af1b74ec69a6bdd5748a,0.08,12,fcm_non_convergence,True,True
f4250b8391c0dc21adf44008649d33148ba28b4321cd1777956f164ee04ff909,N1_C_DIGITS__conventional__sigma_0.08__rep13,AXIS1__N1_C_DIGITS__conventional__sigma_0.08__rep13,AXIS2__N1_C_DIGITS__conventional__sigma_0.08__rep13,35daa988be1527455e631b552a242846e5b5f0c2ef9bafe0ab0550e1e2eb1f23,5c78ffc917cfee447e113dff0da3d2122f7dde78ecf3584f83ca4f0868f424c7,0.08,13,success,True,True
6df448a3f8957fa4ae778fb1ae37d09dcb84cecf407988b38f0149fb7a96deed,N1_C_DIGITS__f_mapper__sigma_0.08__rep13,AXIS1__N1_C_DIGITS__f_mapper__sigma_0.08__rep13,AXIS2__N1_C_DIGITS__f_mapper__sigma_0.08__rep13,c0b606092efefdbcb55bfb2c0f12b443495d41fd93bee911c26a6c350f5433d1,5c78ffc917cfee447e113dff0da3d2122f7dde78ecf3584f83ca4f0868f424c7,0.08,13,success,True,True
fb15618e685d578826409c9ebc68d70629d6b8101f059f0fe35a4532d9777792,N1_C_DIGITS__conventional__sigma_0.08__rep14,AXIS1__N1_C_DIGITS__conventional__sigma_0.08__rep14,AXIS2__N1_C_DIGITS__conventional__sigma_0.08__rep14,8c7acc766445071099dbf018c4a6a25857ffb0bbd8f76beb6d60c238c34f4e32,51a9f0f0bb4241f5092d8c64e0c5052ee34eb09a029bd12e107b0d53c823fa80,0.08,14,success,True,True
472e65da4a34f10246096e8036664b154ff54b08a8ad779321f4295f7334c662,N1_C_DIGITS__f_mapper__sigma_0.08__rep14,AXIS1__N1_C_DIGITS__f_mapper__sigma_0.08__rep14,AXIS2__N1_C_DIGITS__f_mapper__sigma_0.08__rep14,,51a9f0f0bb4241f5092d8c64e0c5052ee34eb09a029bd12e107b0d53c823fa80,0.08,14,fcm_non_convergence,True,True
9e71fbfef315ce5c2e5faa97ad4efed56c9adf3aa11d289ef969818d197b533f,N1_C_DIGITS__conventional__sigma_0.08__rep15,AXIS1__N1_C_DIGITS__conventional__sigma_0.08__rep15,AXIS2__N1_C_DIGITS__conventional__sigma_0.08__rep15,260437b2ba4339f5d72f1db471e4ce9c1c9cf4fb4871afc7aecb1186f8d8bc90,5a7bc663b61a5bbea6c30e155d272afa55093dc68cc054e8f723cf01472b78fb,0.08,15,success,True,True
5f124481aaa5fabd900d5214bc1ab26b9bbba5caa6aaf67338da152b0292f223,N1_C_DIGITS__f_mapper__sigma_0.08__rep15,AXIS1__N1_C_DIGITS__f_mapper__sigma_0.08__rep15,AXIS2__N1_C_DIGITS__f_mapper__sigma_0.08__rep15,27ed3c4a3ba8bfb64a0bee8a4a941e2e9b9219d4467dd3a437c8bdd7859552c1,5a7bc663b61a5bbea6c30e155d272afa55093dc68cc054e8f723cf01472b78fb,0.08,15,success,True,True
a9c34b4952dc64cd0ea246f91598d5d4d8472291086943831f46483efe6e934a,N1_C_DIGITS__conventional__sigma_0.08__rep16,AXIS1__N1_C_DIGITS__conventional__sigma_0.08__rep16,AXIS2__N1_C_DIGITS__conventional__sigma_0.08__rep16,0907d074e9f1df57f83f2ff9954c08df018191b1255fe6c23fe5226643275876,596c6c4386ef456f7153a4f278a913b9c81b960da3351916f856dd18388d3112,0.08,16,success,True,True
1b5a00943219fbed165ec52a9cb4fe2e7c586bcbfcff70477579fc1bfbd64fde,N1_C_DIGITS__f_mapper__sigma_0.08__rep16,AXIS1__N1_C_DIGITS__f_mapper__sigma_0.08__rep16,AXIS2__N1_C_DIGITS__f_mapper__sigma_0.08__rep16,,596c6c4386ef456f7153a4f278a913b9c81b960da3351916f856dd18388d3112,0.08,16,fcm_non_convergence,True,True
1988cc8c0dd783c0cf10773c750a580935bd6aaf913fc1bd57e950e8ad9e7192,N1_C_DIGITS__conventional__sigma_0.08__rep17,AXIS1__N1_C_DIGITS__conventional__sigma_0.08__rep17,AXIS2__N1_C_DIGITS__conventional__sigma_0.08__rep17,76d60103d005fc8be40d409d0117deba5eab007dc1a5a7c79598fa2db6adbac1,7c863bc23506783fa0f56bc9496507c2ef8418dc997297992dd0088351dfd3d4,0.08,17,success,True,True
f208c1ada630b95009746fbff29f29908aeeb4e50e5587b9525bbc18caa1c935,N1_C_DIGITS__f_mapper__sigma_0.08__rep17,AXIS1__N1_C_DIGITS__f_mapper__sigma_0.08__rep17,AXIS2__N1_C_DIGITS__f_mapper__sigma_0.08__rep17,,7c863bc23506783fa0f56bc9496507c2ef8418dc997297992dd0088351dfd3d4,0.08,17,fcm_non_convergence,True,True
2a46ca043e990f7913e2fa33de8b0f5f9b7ebb7f2f566cf1e9e2162b30b9caeb,N1_C_DIGITS__conventional__sigma_0.08__rep18,AXIS1__N1_C_DIGITS__conventional__sigma_0.08__rep18,AXIS2__N1_C_DIGITS__conventional__sigma_0.08__rep18,f634300be3e678927ec5cbddc4dbf855a73c57e5c48c0996207426e715d30c3b,709b06d25d84d779e97c561a1ac14b6160eac41846be8c8f851347f9a95e8bc3,0.08,18,success,True,True
f053616cff1a1e9335149af7694e7d8cecc1a9be76b7a659ec1a78f589d1fd60,N1_C_DIGITS__f_mapper__sigma_0.08__rep18,AXIS1__N1_C_DIGITS__f_mapper__sigma_0.08__rep18,AXIS2__N1_C_DIGITS__f_mapper__sigma_0.08__rep18,4fe50fe121bd5dcaa08c22c31dff949a94e9039f0692640eeac2e5b716f967a3,709b06d25d84d779e97c561a1ac14b6160eac41846be8c8f851347f9a95e8bc3,0.08,18,success,True,True
33b153a723af6277c1220169eafa94b1a7bad8361b8c8ecc6026ab64a9ed38a4,N1_C_DIGITS__conventional__sigma_0.08__rep19,AXIS1__N1_C_DIGITS__conventional__sigma_0.08__rep19,AXIS2__N1_C_DIGITS__conventional__sigma_0.08__rep19,6b8a17036c4cc44a27f2f1d8dc900bcc55ad6596dc22940f22193297af38e879,3bf3aec1c81308faf48d83676f5d0c99b52260ed888742cf8e1ce3411df13bdb,0.08,19,success,True,True
924bb00d8f782bb0b089ceeacc2c083651da6695f53470088e635a7f963d9813,N1_C_DIGITS__f_mapper__sigma_0.08__rep19,AXIS1__N1_C_DIGITS__f_mapper__sigma_0.08__rep19,AXIS2__N1_C_DIGITS__f_mapper__sigma_0.08__rep19,f28d3173fadb7e0d386e968b5ab1870058dd01572bc7cfea0e33966c94eab472,3bf3aec1c81308faf48d83676f5d0c99b52260ed888742cf8e1ce3411df13bdb,0.08,19,success,True,True
0cca1f4b9a2ea9b3694d6ff2caf9f280eae44cd5fad11acc3da1fd4440eaa8dd,N1_C_DIGITS__conventional__sigma_0.08__rep20,AXIS1__N1_C_DIGITS__conventional__sigma_0.08__rep20,AXIS2__N1_C_DIGITS__conventional__sigma_0.08__rep20,7842fc962ab173e194347ff3dcc1026532c2c787c786dfee56b9e78c875b0360,77ce85af8b3a4821752533eaa41a796af7e1ad7ec6ff8e92de659839666f7c02,0.08,20,success,True,True
593e05429ac7c33465cd0d6acf6c7c53c374c45ade156de2f914d9646e023ad9,N1_C_DIGITS__f_mapper__sigma_0.08__rep20,AXIS1__N1_C_DIGITS__f_mapper__sigma_0.08__rep20,AXIS2__N1_C_DIGITS__f_mapper__sigma_0.08__rep20,3130444a19d23f89af6cbb2b7ce46ee0d598193e011e72ace254956c4fb10ab2,77ce85af8b3a4821752533eaa41a796af7e1ad7ec6ff8e92de659839666f7c02,0.08,20,success,True,True
58a8203d4966ea3b8ad8676bc3472606288a54cf0b77a4fb1a3c32a138f80312,N1_C_DIGITS__conventional__sigma_0.08__rep21,AXIS1__N1_C_DIGITS__conventional__sigma_0.08__rep21,AXIS2__N1_C_DIGITS__conventional__sigma_0.08__rep21,eb270b85faf2bcd8096fda04d9734ae2c61888beffca23c58b811fd4e22605f1,12de057d8e486db15f4c40d8a5173521b7602b3d1228d970c35d155d9f5f04f1,0.08,21,success,True,True
69b3af04b8ad48d6dc98d90be6accda3ddf4dc92f70b09938e85608d3f9f1feb,N1_C_DIGITS__f_mapper__sigma_0.08__rep21,AXIS1__N1_C_DIGITS__f_mapper__sigma_0.08__rep21,AXIS2__N1_C_DIGITS__f_mapper__sigma_0.08__rep21,7e100271f54f1a03c2d6ce82b7e861fa4735e67723ef18078dc9a02920981704,12de057d8e486db15f4c40d8a5173521b7602b3d1228d970c35d155d9f5f04f1,0.08,21,success,True,True
2c12852fd4744ef0ab3fdd013833bd3eb0b5e7991241c76164b0dcda33990b59,N1_C_DIGITS__conventional__sigma_0.08__rep22,AXIS1__N1_C_DIGITS__conventional__sigma_0.08__rep22,AXIS2__N1_C_DIGITS__conventional__sigma_0.08__rep22,f8383f48c83de50b217c9fbe2acf3a6e4c51871df4ba73581be4f00bf1ca9c7e,cb9c319477f26b466a9bd7a31aa49e4d0337ddb457bb55fe044d117228d034bb,0.08,22,success,True,True
61c98aa2fa59f782af130cf384041c98f60c5b9dec7d6191ddf3300feef4a5ad,N1_C_DIGITS__f_mapper__sigma_0.08__rep22,AXIS1__N1_C_DIGITS__f_mapper__sigma_0.08__rep22,AXIS2__N1_C_DIGITS__f_mapper__sigma_0.08__rep22,6bd98de09b1a46a2b0c59b7bc4c1f0c22fe981db03834c7ad0ec7eb5a8e7bfa0,cb9c319477f26b466a9bd7a31aa49e4d0337ddb457bb55fe044d117228d034bb,0.08,22,success,True,True
3de19e0a584c1d56dbbef1ee3bbfe0dff13dd9f4a49b44e14d7a6fae4cacfaa5,N1_C_DIGITS__conventional__sigma_0.08__rep23,AXIS1__N1_C_DIGITS__conventional__sigma_0.08__rep23,AXIS2__N1_C_DIGITS__conventional__sigma_0.08__rep23,983401d76143620c02d8b7844f1ab0f5bc3fcd13420dd9096876e099697aeb92,6c2f429f7b7419ea27f678ff7f772e487a496787349b55b677ebead1c5cb897e,0.08,23,success,True,True
31cfdf15263a71924fd3beb5c4eb32cde46b2ad7c57cccaca340ed790eebfb35,N1_C_DIGITS__f_mapper__sigma_0.08__rep23,AXIS1__N1_C_DIGITS__f_mapper__sigma_0.08__rep23,AXIS2__N1_C_DIGITS__f_mapper__sigma_0.08__rep23,,6c2f429f7b7419ea27f678ff7f772e487a496787349b55b677ebead1c5cb897e,0.08,23,fcm_non_convergence,True,True
30c9117d6d55e2c0ff08b6409ac5e07f8590a33612d113fc81199e508c8acc52,N1_C_DIGITS__conventional__sigma_0.08__rep24,AXIS1__N1_C_DIGITS__conventional__sigma_0.08__rep24,AXIS2__N1_C_DIGITS__conventional__sigma_0.08__rep24,dbb6b5fb05153dcf56907630edbcc511f36182c275567a9d266f8d4854ac8ead,e45f68fec24bcdf42d4794629c7dcb60278f760f563da6a6377fab1d4dabdf62,0.08,24,success,True,True
2a559d9c4d1f8049b495a29088574512d67f1730741f101ec3eef25dd545a9b7,N1_C_DIGITS__f_mapper__sigma_0.08__rep24,AXIS1__N1_C_DIGITS__f_mapper__sigma_0.08__rep24,AXIS2__N1_C_DIGITS__f_mapper__sigma_0.08__rep24,0dc6abac20aec86cf0637deedeefbf47f8053b17b7db1c82100313de7b29d9d3,e45f68fec24bcdf42d4794629c7dcb60278f760f563da6a6377fab1d4dabdf62,0.08,24,success,True,True
42d48239f24a2c1f1f74eb5eb1bde09e60d6e0205fac8568b2a7d8aaf1dc6f16,N1_C_DIGITS__conventional__sigma_0.08__rep25,AXIS1__N1_C_DIGITS__conventional__sigma_0.08__rep25,AXIS2__N1_C_DIGITS__conventional__sigma_0.08__rep25,79b44fd2653435537b53c05c562235c5f2636a36d80b2cc249b2a927db811ddd,dc4378b6b26a417288586ce75471afd2b2f11f86b86d44177fb52fb37a0d182f,0.08,25,success,True,True
5dc379c7119d1e21f5e006013be338b8b75ab9e1f1a206ce224816818382a813,N1_C_DIGITS__f_mapper__sigma_0.08__rep25,AXIS1__N1_C_DIGITS__f_mapper__sigma_0.08__rep25,AXIS2__N1_C_DIGITS__f_mapper__sigma_0.08__rep25,,dc4378b6b26a417288586ce75471afd2b2f11f86b86d44177fb52fb37a0d182f,0.08,25,fcm_non_convergence,True,True
e75799521407653532c02342943b00c5dad129cd34078d3b4e9a6c4415906ab1,N1_C_DIGITS__conventional__sigma_0.08__rep26,AXIS1__N1_C_DIGITS__conventional__sigma_0.08__rep26,AXIS2__N1_C_DIGITS__conventional__sigma_0.08__rep26,7b3d0cc12bb0e11fc86a248be617e9fac1d9c22db9d9feff98611a3f0337e613,2759947a69ec3ae54b30f52ad0ffa2d7a5733f20807d971e4fee76efec9c1ad5,0.08,26,success,True,True
7bf64f5a84ca35c3bcd28e4388584fed3e05880ee7c0078bc37e5d945d6c566a,N1_C_DIGITS__f_mapper__sigma_0.08__rep26,AXIS1__N1_C_DIGITS__f_mapper__sigma_0.08__rep26,AXIS2__N1_C_DIGITS__f_mapper__sigma_0.08__rep26,e11af4052ef770893978fb21cb8c562264cf1b53bc554b8e0e4d3389d72e2e49,2759947a69ec3ae54b30f52ad0ffa2d7a5733f20807d971e4fee76efec9c1ad5,0.08,26,success,True,True
de6cae1420f6667a317b7485db83b7f36f26a95286848d038f511eaac4efd374,N1_C_DIGITS__conventional__sigma_0.08__rep27,AXIS1__N1_C_DIGITS__conventional__sigma_0.08__rep27,AXIS2__N1_C_DIGITS__conventional__sigma_0.08__rep27,25c327f116d372acc3a83285b63420ccf8576c0559173f1cf26a199d66df63a0,08a27e59895ecb882a493d4a678998e7bb061dcb62087f388dfdae6bdfa03eac,0.08,27,success,True,True
168c78103d1119c0ea0db1e5342c47f54bbe002247815c7120d6edd98d4c60bd,N1_C_DIGITS__f_mapper__sigma_0.08__rep27,AXIS1__N1_C_DIGITS__f_mapper__sigma_0.08__rep27,AXIS2__N1_C_DIGITS__f_mapper__sigma_0.08__rep27,f3a0c28e5b9debdbf9434406f611818637da51a7b9b3ec6e3ccdfc483c014b80,08a27e59895ecb882a493d4a678998e7bb061dcb62087f388dfdae6bdfa03eac,0.08,27,success,True,True
43a3ca11e1ce7c65f12fbc924b472f84e233af4da8c5c9dd3bd7a4591513b4cb,N1_C_DIGITS__conventional__sigma_0.08__rep28,AXIS1__N1_C_DIGITS__conventional__sigma_0.08__rep28,AXIS2__N1_C_DIGITS__conventional__sigma_0.08__rep28,2a13fcd7de44990486e0df8df19902ddbb2ce92483b8c63c0ba88a2b02585187,79af4690db54187c320844b23227bcb5179ed9826beeaa29ea4def68680f896b,0.08,28,success,True,True
80dd2356d015e7531b5da0e13434f342dcd6dd971623533b683e16279405329b,N1_C_DIGITS__f_mapper__sigma_0.08__rep28,AXIS1__N1_C_DIGITS__f_mapper__sigma_0.08__rep28,AXIS2__N1_C_DIGITS__f_mapper__sigma_0.08__rep28,,79af4690db54187c320844b23227bcb5179ed9826beeaa29ea4def68680f896b,0.08,28,fcm_non_convergence,True,True
7b10e03a53ba080f048d890a95eb6b1ef45c791b64674c065ffdb44d6919cd92,N1_C_DIGITS__conventional__sigma_0.08__rep29,AXIS1__N1_C_DIGITS__conventional__sigma_0.08__rep29,AXIS2__N1_C_DIGITS__conventional__sigma_0.08__rep29,d1c91c9b7775371ce0bbe7e60a9172067d079ee6fa506f3543ea198b278264f3,deab199e813cdf8c84c6f6657e66618cc85d4a24ed2e32fc2b80f90c6cce4ba5,0.08,29,success,True,True
8ae6586b4a8d3b27e34182a38515ec11819c7b029cbd5012dd425aeb21dcf1c6,N1_C_DIGITS__f_mapper__sigma_0.08__rep29,AXIS1__N1_C_DIGITS__f_mapper__sigma_0.08__rep29,AXIS2__N1_C_DIGITS__f_mapper__sigma_0.08__rep29,206d1d6c2be1f04edb8f57b850036a9030e2dacfdbcbdf668e616e54f480ecba,deab199e813cdf8c84c6f6657e66618cc85d4a24ed2e32fc2b80f90c6cce4ba5,0.08,29,success,True,True
b0361e8528d425eaa21da4e50d8022afdcc39b88f3e429ca643afeacc1cb4b75,N1_C_DIGITS__conventional__sigma_0.08__rep30,AXIS1__N1_C_DIGITS__conventional__sigma_0.08__rep30,AXIS2__N1_C_DIGITS__conventional__sigma_0.08__rep30,0a231c9e0c42898a703eaa1fd5a7b70434b89df6e2d3023ca958df84bbc9f24a,82d8688b881f0372514352886545321b43b0716c86ad11bd104a4d1b67cad7c7,0.08,30,success,True,True
660f6ee296af8077fab0e8b6eb5c7b82fe04004d61dc4b0b7db5f7f86c472505,N1_C_DIGITS__f_mapper__sigma_0.08__rep30,AXIS1__N1_C_DIGITS__f_mapper__sigma_0.08__rep30,AXIS2__N1_C_DIGITS__f_mapper__sigma_0.08__rep30,0328677af460ed3a3cd6d67416d4a6887123e7afb8a8a206b831ac4b5fc54f89,82d8688b881f0372514352886545321b43b0716c86ad11bd104a4d1b67cad7c7,0.08,30,success,True,True
9185fc231d1939ceec9a2f560fa621d43b6b37b6a8e61f1f8acb096b53c0d5c8,N1_C_DIGITS__conventional__sigma_0.10__rep01,AXIS1__N1_C_DIGITS__conventional__sigma_0.10__rep01,AXIS2__N1_C_DIGITS__conventional__sigma_0.10__rep01,d9ea36f6b1973c601ba48b2779e458cfd7182ed33cc3ef987002ad6b93c0867e,bfe6b9180c91b12cb362d32b7e5cc4d9a77c43524beec378c9a1d10dc8147c03,0.1,1,success,True,True
359812830612ccaeaf47d4d4078538ab74858a9082e809f2de79b00c02ee8ee4,N1_C_DIGITS__f_mapper__sigma_0.10__rep01,AXIS1__N1_C_DIGITS__f_mapper__sigma_0.10__rep01,AXIS2__N1_C_DIGITS__f_mapper__sigma_0.10__rep01,,bfe6b9180c91b12cb362d32b7e5cc4d9a77c43524beec378c9a1d10dc8147c03,0.1,1,fcm_non_convergence,True,True
7007439e6c2fdc099696a40a96a5ccc3eddc7fa0b1caf8ab521622326603de19,N1_C_DIGITS__conventional__sigma_0.10__rep02,AXIS1__N1_C_DIGITS__conventional__sigma_0.10__rep02,AXIS2__N1_C_DIGITS__conventional__sigma_0.10__rep02,515fdf0f0e0d1011746129c2c2fc7a9bf07267bf9b5575d64251aa2b5d70c097,6ae5be1a8ea22a5da1e33a8dbe06ca7e9889714638f393031cb55b2ed0e5f2b2,0.1,2,success,True,True
1d4e78ef909327b2ca119f17a555d24a630b6a2898d087d5674db4cfbcf04690,N1_C_DIGITS__f_mapper__sigma_0.10__rep02,AXIS1__N1_C_DIGITS__f_mapper__sigma_0.10__rep02,AXIS2__N1_C_DIGITS__f_mapper__sigma_0.10__rep02,853f32a49d1c0214ad018d7e06dae16549454fb14d8095c391907a925e9cc6de,6ae5be1a8ea22a5da1e33a8dbe06ca7e9889714638f393031cb55b2ed0e5f2b2,0.1,2,success,True,True
5e03e4716d2ad4dbcb1535c393479dff724b07da18a6e643b1f4af8f3171cd28,N1_C_DIGITS__conventional__sigma_0.10__rep03,AXIS1__N1_C_DIGITS__conventional__sigma_0.10__rep03,AXIS2__N1_C_DIGITS__conventional__sigma_0.10__rep03,c9a6a9008ab13519c4fdae91089eb782a42f520910fd1902e93eef5f0406aced,47954e552604bbdf77b3d4eb448857efac082318f0b9cad50d6acddff013bfdc,0.1,3,success,True,True
14fa51f1581739edb9efe6b88ab504f7b11e537cb68195c08b4e098ce105e697,N1_C_DIGITS__f_mapper__sigma_0.10__rep03,AXIS1__N1_C_DIGITS__f_mapper__sigma_0.10__rep03,AXIS2__N1_C_DIGITS__f_mapper__sigma_0.10__rep03,09ebc87da14fdd7b1f6525fe9941c5d7013ae2930082818642c32680490f27dc,47954e552604bbdf77b3d4eb448857efac082318f0b9cad50d6acddff013bfdc,0.1,3,success,True,True
66c186dd91199e57873fbe41692a763ff64ba72a9777c5395a2c55c52982fadf,N1_C_DIGITS__conventional__sigma_0.10__rep04,AXIS1__N1_C_DIGITS__conventional__sigma_0.10__rep04,AXIS2__N1_C_DIGITS__conventional__sigma_0.10__rep04,59e3b8959242e588650931a991e7d54809bfdfc182b61541bed150ed37ecfdd7,336d69718b8e01d13f53a1b3051e7dcb442158400642faf981cf05d9727517c1,0.1,4,success,True,True
233161ff15b604abfc89d3c48cd9c508cb2363332c04270261713349db408043,N1_C_DIGITS__f_mapper__sigma_0.10__rep04,AXIS1__N1_C_DIGITS__f_mapper__sigma_0.10__rep04,AXIS2__N1_C_DIGITS__f_mapper__sigma_0.10__rep04,,336d69718b8e01d13f53a1b3051e7dcb442158400642faf981cf05d9727517c1,0.1,4,fcm_non_convergence,True,True
3aaa7e7f0ae4e793ee6770f3806e9a6964b54df7dcd96b720e5f9ebfec42697b,N1_C_DIGITS__conventional__sigma_0.10__rep05,AXIS1__N1_C_DIGITS__conventional__sigma_0.10__rep05,AXIS2__N1_C_DIGITS__conventional__sigma_0.10__rep05,791eaf60d1ca0eca0c2014a84f4b869347af9cbab0a6e497f913bb4e9bf23c10,61b8779abd1677506b48f146dab4a00addbdda1e2bbea324fca00a6e1ec9f43b,0.1,5,success,True,True
ce336f24bbf85df0e0e9c33eb1fa99ea39835ed49ade35a2fc91739de0be5fd5,N1_C_DIGITS__f_mapper__sigma_0.10__rep05,AXIS1__N1_C_DIGITS__f_mapper__sigma_0.10__rep05,AXIS2__N1_C_DIGITS__f_mapper__sigma_0.10__rep05,,61b8779abd1677506b48f146dab4a00addbdda1e2bbea324fca00a6e1ec9f43b,0.1,5,fcm_non_convergence,True,True
cc7851a06587a0db9734cf1bb1ec16ed21d4203d74233be5f1b14abcaf31510d,N1_C_DIGITS__conventional__sigma_0.10__rep06,AXIS1__N1_C_DIGITS__conventional__sigma_0.10__rep06,AXIS2__N1_C_DIGITS__conventional__sigma_0.10__rep06,4abefc00e0a4b1bfa3d57ec5aa1649b9c0616290414672a65d59a99704ef072f,8cee0281b4b9bb7ce610b26ac1810ffc33e2aac5895e2e6764ab55e8b8f3d797,0.1,6,success,True,True
c3be7fdc26f49e41937d01412dfa18df4f845f5ab87794b25e906a7d94756b16,N1_C_DIGITS__f_mapper__sigma_0.10__rep06,AXIS1__N1_C_DIGITS__f_mapper__sigma_0.10__rep06,AXIS2__N1_C_DIGITS__f_mapper__sigma_0.10__rep06,d8f506f6514d2e0e31f1c39e2ea1ba60544e5e04ddea2887be7c6412ca3076fa,8cee0281b4b9bb7ce610b26ac1810ffc33e2aac5895e2e6764ab55e8b8f3d797,0.1,6,success,True,True
a3816e4c0dc0f3c9d34744b09dec1ce11fe96bac47cfd4e6c4d8b63bbee2c919,N1_C_DIGITS__conventional__sigma_0.10__rep07,AXIS1__N1_C_DIGITS__conventional__sigma_0.10__rep07,AXIS2__N1_C_DIGITS__conventional__sigma_0.10__rep07,f49723487a90cb729cd70e1eb3a7c1d326f0a5102c0c7cc0bd39d77f0fc5cc96,af3e00af5309d1f66503287c6fcdc45f81a8af75709ae6a088290d9076d58385,0.1,7,success,True,True
40c3ee2d8d84c88ffb382d50067b2c238d537f14e5514a1c1636a6c1c80a56bc,N1_C_DIGITS__f_mapper__sigma_0.10__rep07,AXIS1__N1_C_DIGITS__f_mapper__sigma_0.10__rep07,AXIS2__N1_C_DIGITS__f_mapper__sigma_0.10__rep07,7e376af32fadcee2b27439bd8f0676e43efda9ff55859d28922c2512edfe5641,af3e00af5309d1f66503287c6fcdc45f81a8af75709ae6a088290d9076d58385,0.1,7,success,True,True
1e5c36fd6c4fd67f241e34be8dcf6fdf4eb65d4fc684ee850650118a2ef9fb25,N1_C_DIGITS__conventional__sigma_0.10__rep08,AXIS1__N1_C_DIGITS__conventional__sigma_0.10__rep08,AXIS2__N1_C_DIGITS__conventional__sigma_0.10__rep08,2b98eca5e7661b6aefb00e3ad2003f9380b598f2d9ca3eef84b510939bea9339,dc9408e9c665844f94399ea77ce8e3dd472726691e19f146bc5a772dac29d117,0.1,8,success,True,True
19fdbfd45c5301b466a066b73fe660a76d90939a6f3c8bc3c2bd0fdae53721bf,N1_C_DIGITS__f_mapper__sigma_0.10__rep08,AXIS1__N1_C_DIGITS__f_mapper__sigma_0.10__rep08,AXIS2__N1_C_DIGITS__f_mapper__sigma_0.10__rep08,084d0808bcac0f2a53a39fe89f17ac8deeb47d2eb0320333af248941d11f616a,dc9408e9c665844f94399ea77ce8e3dd472726691e19f146bc5a772dac29d117,0.1,8,success,True,True
d5b6ea38dac2d808705cf84fbd6815b30ba07da25aa6918ce01ff34649672865,N1_C_DIGITS__conventional__sigma_0.10__rep09,AXIS1__N1_C_DIGITS__conventional__sigma_0.10__rep09,AXIS2__N1_C_DIGITS__conventional__sigma_0.10__rep09,96e6a4282cfa1a84c6fb0d21ab73c4eeb56fe8414c78fdc1f5bfecc8d7be7c4f,d07963453c5d9f5ef00e4600b3a30a8b069cc72632e190b5eee0bfadb0b71df1,0.1,9,success,True,True
0d96ccdbaa48435f7c621c7225b89b9d2cb025aeeaa7582deb015505495b23f8,N1_C_DIGITS__f_mapper__sigma_0.10__rep09,AXIS1__N1_C_DIGITS__f_mapper__sigma_0.10__rep09,AXIS2__N1_C_DIGITS__f_mapper__sigma_0.10__rep09,,d07963453c5d9f5ef00e4600b3a30a8b069cc72632e190b5eee0bfadb0b71df1,0.1,9,fcm_non_convergence,True,True
ada64f62fc2c14583acceaf85500818d082538d1f86fdf6e92367a7f8fcf9286,N1_C_DIGITS__conventional__sigma_0.10__rep10,AXIS1__N1_C_DIGITS__conventional__sigma_0.10__rep10,AXIS2__N1_C_DIGITS__conventional__sigma_0.10__rep10,a2b7ce2abca053945b14ebf69ce407f329d34c9dc591b17e73f1c301c5641ac3,84b928872ee2d6b933516c23fa1e9d9d9dae078058d6bd35d6864d159ad11e0d,0.1,10,success,True,True
6ca767d22a31427c7294a196a52149550482b35968b01e67748e9a87758fd306,N1_C_DIGITS__f_mapper__sigma_0.10__rep10,AXIS1__N1_C_DIGITS__f_mapper__sigma_0.10__rep10,AXIS2__N1_C_DIGITS__f_mapper__sigma_0.10__rep10,,84b928872ee2d6b933516c23fa1e9d9d9dae078058d6bd35d6864d159ad11e0d,0.1,10,fcm_non_convergence,True,True
dc6107f23a9be3e81b2ab6360dd392a9a49c37adf1a548da8c77f375293818e3,N1_C_DIGITS__conventional__sigma_0.10__rep11,AXIS1__N1_C_DIGITS__conventional__sigma_0.10__rep11,AXIS2__N1_C_DIGITS__conventional__sigma_0.10__rep11,bf68b9c148b2cf0c30e9d367bcb97b8c4f4e0a7cb6b3db72114cdb43a80d299e,0c8eefdc96a6bac257cdd8bd659523658de8b1e2c612c7c6e360f8735df4bcb8,0.1,11,success,True,True
792b07cf650fa11464da76f9c5a931ee2f17b326a5c39b87af9bdc6025c37e80,N1_C_DIGITS__f_mapper__sigma_0.10__rep11,AXIS1__N1_C_DIGITS__f_mapper__sigma_0.10__rep11,AXIS2__N1_C_DIGITS__f_mapper__sigma_0.10__rep11,,0c8eefdc96a6bac257cdd8bd659523658de8b1e2c612c7c6e360f8735df4bcb8,0.1,11,fcm_non_convergence,True,True
1bbb82f720943ae6b56ecb2e803f775cc9ea424f3d79af4a74336c2c6da0dc43,N1_C_DIGITS__conventional__sigma_0.10__rep12,AXIS1__N1_C_DIGITS__conventional__sigma_0.10__rep12,AXIS2__N1_C_DIGITS__conventional__sigma_0.10__rep12,c8e6abe95527fc24e24dcb52857e55c2f1df607eba913722776d9410f4167e7e,f696bd81c0ba751b3349c6570c2cfa50e0ef4e0ec125a1ae96142f90558cd566,0.1,12,success,True,True
0cbeb942470a5ef63bc1144b3c5503afbe0e2487d497b35d3ebbb48febb7d105,N1_C_DIGITS__f_mapper__sigma_0.10__rep12,AXIS1__N1_C_DIGITS__f_mapper__sigma_0.10__rep12,AXIS2__N1_C_DIGITS__f_mapper__sigma_0.10__rep12,938d2e2013067e0c547415abf96470ccbdcf37b14aaf95001d767bd497c17403,f696bd81c0ba751b3349c6570c2cfa50e0ef4e0ec125a1ae96142f90558cd566,0.1,12,success,True,True
a4388d99c0c32e68ecd166187b3a30541fde6ecd7a3c73c225ff2670c78ab51b,N1_C_DIGITS__conventional__sigma_0.10__rep13,AXIS1__N1_C_DIGITS__conventional__sigma_0.10__rep13,AXIS2__N1_C_DIGITS__conventional__sigma_0.10__rep13,0fad59a89f7bb1ed70e5214d580058ff6a489c6a49b40805ad5f9d2592def9b6,434c87fa6e39164a41b449d279b0edd8a09b26831c004f30ca5a916dcff5f877,0.1,13,success,True,True
3352448216bc5e5ffcd2c7f696cda1e2b73687343cab6b07a28a338c20edf54a,N1_C_DIGITS__f_mapper__sigma_0.10__rep13,AXIS1__N1_C_DIGITS__f_mapper__sigma_0.10__rep13,AXIS2__N1_C_DIGITS__f_mapper__sigma_0.10__rep13,803d696563b34398a540b13feea3215ac418e102a15f453ec77f76a8940b59d9,434c87fa6e39164a41b449d279b0edd8a09b26831c004f30ca5a916dcff5f877,0.1,13,success,True,True
535ab2dcedab1d57c6670249fe78a7baae4131076822c5bbe39f68266a188c9e,N1_C_DIGITS__conventional__sigma_0.10__rep14,AXIS1__N1_C_DIGITS__conventional__sigma_0.10__rep14,AXIS2__N1_C_DIGITS__conventional__sigma_0.10__rep14,d7fe03079a3b6a7a76fce235c8870b291c8e8ff27791de0288b0c9079cbad203,d2e671ee557232dafc5e7ab4079f46f9ee365b3ef18a60fa0072b8a734e9be70,0.1,14,success,True,True
0a233d0e5581080980e7a6dc4f64cb7301c4bb5b9464c334ecb70763b7440074,N1_C_DIGITS__f_mapper__sigma_0.10__rep14,AXIS1__N1_C_DIGITS__f_mapper__sigma_0.10__rep14,AXIS2__N1_C_DIGITS__f_mapper__sigma_0.10__rep14,,d2e671ee557232dafc5e7ab4079f46f9ee365b3ef18a60fa0072b8a734e9be70,0.1,14,fcm_non_convergence,True,True
91e720a58ff9e72c83f4d57b372268aaa22e646f360bc204817f5b8b06ce2592,N1_C_DIGITS__conventional__sigma_0.10__rep15,AXIS1__N1_C_DIGITS__conventional__sigma_0.10__rep15,AXIS2__N1_C_DIGITS__conventional__sigma_0.10__rep15,0f2aa820fad6eb1be61bb84460d0b2f7f57c5436e1b425d72d7bac81cd2886a0,41ac8c3ca006e76341c68ff01e4d19d3216bed3d9bf3218c36aeae79c9da9d1b,0.1,15,success,True,True
07ba55d13524825262dced796f8ed18f26d307daead88c9faea46dd45e66c168,N1_C_DIGITS__f_mapper__sigma_0.10__rep15,AXIS1__N1_C_DIGITS__f_mapper__sigma_0.10__rep15,AXIS2__N1_C_DIGITS__f_mapper__sigma_0.10__rep15,2bb1dfbbc745deb774d6cdeb1d16a7a377cc95deb13417f2c1cc1e47da871cc8,41ac8c3ca006e76341c68ff01e4d19d3216bed3d9bf3218c36aeae79c9da9d1b,0.1,15,success,True,True
06305682d7270cbf515b35f5b8b0fa13245007a89adfea94033edbdd79553629,N1_C_DIGITS__conventional__sigma_0.10__rep16,AXIS1__N1_C_DIGITS__conventional__sigma_0.10__rep16,AXIS2__N1_C_DIGITS__conventional__sigma_0.10__rep16,485f2254515209d88334babe1dc7647d271aaace529bba6293eb7afcda4d6bd6,67910f50929790508635b811e5b589c8920f3e2974208080036ab0dfe853e720,0.1,16,success,True,True
4e50553cab58bfa6028df5b7dc39f92bb21d0f8c2c9723b2509a5ac53c695a7a,N1_C_DIGITS__f_mapper__sigma_0.10__rep16,AXIS1__N1_C_DIGITS__f_mapper__sigma_0.10__rep16,AXIS2__N1_C_DIGITS__f_mapper__sigma_0.10__rep16,90ccb643208a836769d260f68a4caae281e89013cd7eed309596e1dec0a301fe,67910f50929790508635b811e5b589c8920f3e2974208080036ab0dfe853e720,0.1,16,success,True,True
8eb331784e4328dd631edfe41a6fac6f639b4ad5fa5853156ed888ba08a11017,N1_C_DIGITS__conventional__sigma_0.10__rep17,AXIS1__N1_C_DIGITS__conventional__sigma_0.10__rep17,AXIS2__N1_C_DIGITS__conventional__sigma_0.10__rep17,e95c040e51781dde7f184962f5c5a93123b72ffe988d13f26c9ff92e2c5e375b,2813ca5810e53be61260bcc4891ceb219ec070276b29218bded0f872a497fc68,0.1,17,success,True,True
aacde2596932107c1217ab09a998158715ac476fd3b90dd9997da6c5a645cf5b,N1_C_DIGITS__f_mapper__sigma_0.10__rep17,AXIS1__N1_C_DIGITS__f_mapper__sigma_0.10__rep17,AXIS2__N1_C_DIGITS__f_mapper__sigma_0.10__rep17,8a307fda682843214043b625e0c856fcf77de5bff7bf80e833e57b7460875ecf,2813ca5810e53be61260bcc4891ceb219ec070276b29218bded0f872a497fc68,0.1,17,success,True,True
a9549fa8af64d6e4778f2bb80cf585ef1f0c0f634e8e44ceaa77c0afdd12c119,N1_C_DIGITS__conventional__sigma_0.10__rep18,AXIS1__N1_C_DIGITS__conventional__sigma_0.10__rep18,AXIS2__N1_C_DIGITS__conventional__sigma_0.10__rep18,31367dba14a0a833ceeac3b41ff5ec337c9e56a8c576f3ae3e5c983200602fd4,f813c2d7d0af7df53c36f5244b58c0e42b4b516a7f88c55dc77ec9f09bbc0bfe,0.1,18,success,True,True
be2099df44655ccd52dd600b7a8f4ed634147965dafd9b2059d942a1c42481e6,N1_C_DIGITS__f_mapper__sigma_0.10__rep18,AXIS1__N1_C_DIGITS__f_mapper__sigma_0.10__rep18,AXIS2__N1_C_DIGITS__f_mapper__sigma_0.10__rep18,,f813c2d7d0af7df53c36f5244b58c0e42b4b516a7f88c55dc77ec9f09bbc0bfe,0.1,18,fcm_non_convergence,True,True
14f7a78573f2a32764ef25ac4a78cc796f25250fd1a52e8b1594cc2c86792b09,N1_C_DIGITS__conventional__sigma_0.10__rep19,AXIS1__N1_C_DIGITS__conventional__sigma_0.10__rep19,AXIS2__N1_C_DIGITS__conventional__sigma_0.10__rep19,d2ebcaa4d0ba85dc94f1d799944d29d93790b2e9e3bc330e987a69c0ca843d0b,95426df0c383ea17c2528650c38d1302c21ba5c65373e307c8b9c87ea4170946,0.1,19,success,True,True
1e7c05e36a1e7329986a4993d902ac415b05a2b5f2d838e948ad0bcf6ff93332,N1_C_DIGITS__f_mapper__sigma_0.10__rep19,AXIS1__N1_C_DIGITS__f_mapper__sigma_0.10__rep19,AXIS2__N1_C_DIGITS__f_mapper__sigma_0.10__rep19,a07bab2c1056eb44b70b29e6135ce1de02b60442e47ee95800aebef673943635,95426df0c383ea17c2528650c38d1302c21ba5c65373e307c8b9c87ea4170946,0.1,19,success,True,True
7ff21c923c43a52aad2537b4876194e8755d126ab3521979f66ad406829e26a3,N1_C_DIGITS__conventional__sigma_0.10__rep20,AXIS1__N1_C_DIGITS__conventional__sigma_0.10__rep20,AXIS2__N1_C_DIGITS__conventional__sigma_0.10__rep20,7aeb8a94ddb66c6f8c4c0f78aab48b2be7a2d615020bc4934f883db804753666,1177484e0f243ff283c651bdf1ffb1fd1d9fc6f91e3a91f3329be67b832b69a4,0.1,20,success,True,True
ab0b638b6010a28e52d7aae5e5576dafc6983364970940af4ec0924d576f8adc,N1_C_DIGITS__f_mapper__sigma_0.10__rep20,AXIS1__N1_C_DIGITS__f_mapper__sigma_0.10__rep20,AXIS2__N1_C_DIGITS__f_mapper__sigma_0.10__rep20,,1177484e0f243ff283c651bdf1ffb1fd1d9fc6f91e3a91f3329be67b832b69a4,0.1,20,fcm_non_convergence,True,True
53a7347b5e5e14da72a947d8ef8ec7258126a27eebf06c018ed761335fee2deb,N1_C_DIGITS__conventional__sigma_0.10__rep21,AXIS1__N1_C_DIGITS__conventional__sigma_0.10__rep21,AXIS2__N1_C_DIGITS__conventional__sigma_0.10__rep21,ac6a4b1bbde0ed2a4b7939719de598ae91c5f10f9fb4c45e089726a475d06ec4,ed6db32c1aa02b63f03252cefc2d29a59d56a2be30d46fdb451c113ed38264b6,0.1,21,success,True,True
00991f91c9e8da4b6d7e751b9f258080638dd42b62faf332a3e6d285c80c882f,N1_C_DIGITS__f_mapper__sigma_0.10__rep21,AXIS1__N1_C_DIGITS__f_mapper__sigma_0.10__rep21,AXIS2__N1_C_DIGITS__f_mapper__sigma_0.10__rep21,,ed6db32c1aa02b63f03252cefc2d29a59d56a2be30d46fdb451c113ed38264b6,0.1,21,fcm_non_convergence,True,True
a9e4d30cf57aeb6ad414a6af57c757b06bf4237871512745049af2de4c976521,N1_C_DIGITS__conventional__sigma_0.10__rep22,AXIS1__N1_C_DIGITS__conventional__sigma_0.10__rep22,AXIS2__N1_C_DIGITS__conventional__sigma_0.10__rep22,c52c2d34742268c8894ffb8ab7fbd2ea8499d62cae95ff147395341435a65d58,fd233c7e8eb228716a74b54abda01de28fa182a2ba21c0dc670be6a02978d648,0.1,22,success,True,True
63bf2173b93ec3ef820ec3adbf56aa1ac1c54aec78e5cbeb844dab3f0497ab7f,N1_C_DIGITS__f_mapper__sigma_0.10__rep22,AXIS1__N1_C_DIGITS__f_mapper__sigma_0.10__rep22,AXIS2__N1_C_DIGITS__f_mapper__sigma_0.10__rep22,,fd233c7e8eb228716a74b54abda01de28fa182a2ba21c0dc670be6a02978d648,0.1,22,fcm_non_convergence,True,True
2cd2b874d2cabf32aa435df66a7ea67a76c831403a96ce532e6bb473bf1ecaaf,N1_C_DIGITS__conventional__sigma_0.10__rep23,AXIS1__N1_C_DIGITS__conventional__sigma_0.10__rep23,AXIS2__N1_C_DIGITS__conventional__sigma_0.10__rep23,d3ec668286da4e89e992fdd4a8398d6cbefbe36b6400cbf02236c9e5ed7710d0,bcf79b2c9242af7f32836cbabd36af239fb545ac10b783ab8a8f4f28cef6b6f7,0.1,23,success,True,True
2f73b426fd651a4a3363db9c59543a1f34637f979b656be40f808fdeaa61ac47,N1_C_DIGITS__f_mapper__sigma_0.10__rep23,AXIS1__N1_C_DIGITS__f_mapper__sigma_0.10__rep23,AXIS2__N1_C_DIGITS__f_mapper__sigma_0.10__rep23,834338670f56ba1eaeb7b0aeb8a73376a27c72a48675202e7c9a93b82c4edbb7,bcf79b2c9242af7f32836cbabd36af239fb545ac10b783ab8a8f4f28cef6b6f7,0.1,23,success,True,True
3777ee876a486a6fd675f257e8b5c4d034fadb2c4191a5c42e408710a561e4f3,N1_C_DIGITS__conventional__sigma_0.10__rep24,AXIS1__N1_C_DIGITS__conventional__sigma_0.10__rep24,AXIS2__N1_C_DIGITS__conventional__sigma_0.10__rep24,d45b9f9f1e65b34299e547d7cac53eb84ce6e42a68acc50b14d53a27a16ca3fa,9decbc3563c4787baac637e2052d6009b137930c1b992070a614e11bffad11ba,0.1,24,success,True,True
906a734f3e38276276023eb0f1a0fdd8ea0d6051f8226bfb3d4de8e776393f76,N1_C_DIGITS__f_mapper__sigma_0.10__rep24,AXIS1__N1_C_DIGITS__f_mapper__sigma_0.10__rep24,AXIS2__N1_C_DIGITS__f_mapper__sigma_0.10__rep24,,9decbc3563c4787baac637e2052d6009b137930c1b992070a614e11bffad11ba,0.1,24,fcm_non_convergence,True,True
fe49e2469a55ba828a3ba2b6c848273ffc5d8c62ecd4d5a664669458ae6d2fc7,N1_C_DIGITS__conventional__sigma_0.10__rep25,AXIS1__N1_C_DIGITS__conventional__sigma_0.10__rep25,AXIS2__N1_C_DIGITS__conventional__sigma_0.10__rep25,0c6b3dfb1aee72c536cce7403735869c500a47234a9ece99b3b7eeb2101e2a76,bffc179d00939e59be2576f098dacde95eea15215db0f09d02f7eab0fe36e98c,0.1,25,success,True,True
5b10f1103710ec2427448eeefe264478aa4a539cb554d7c0b6c318aff2631058,N1_C_DIGITS__f_mapper__sigma_0.10__rep25,AXIS1__N1_C_DIGITS__f_mapper__sigma_0.10__rep25,AXIS2__N1_C_DIGITS__f_mapper__sigma_0.10__rep25,0cd784aa90e90421e30163f019872a6b22170aa84e71afd9e3b8d2b1aa3eace3,bffc179d00939e59be2576f098dacde95eea15215db0f09d02f7eab0fe36e98c,0.1,25,success,True,True
b7b5f16a0acfea20126f2ff486f90460d1276b6e0a0b91f31dcd799b88a7e766,N1_C_DIGITS__conventional__sigma_0.10__rep26,AXIS1__N1_C_DIGITS__conventional__sigma_0.10__rep26,AXIS2__N1_C_DIGITS__conventional__sigma_0.10__rep26,308c2546c82128eb2e7b47aee3aeb8f330a7c36d52550cb9787c2b5c229dd58f,2e67b97eeb35b143c6c70283db916cd2809a6f6218c21b4458de839e38561705,0.1,26,success,True,True
d4d1a966b8b161586830d990bb07128f0731cd95576a717a41318ec9758055b8,N1_C_DIGITS__f_mapper__sigma_0.10__rep26,AXIS1__N1_C_DIGITS__f_mapper__sigma_0.10__rep26,AXIS2__N1_C_DIGITS__f_mapper__sigma_0.10__rep26,21eb28d8bd85c03cd1d65b07804f2204f2ea4df1ef88953c71e20ce447de4609,2e67b97eeb35b143c6c70283db916cd2809a6f6218c21b4458de839e38561705,0.1,26,success,True,True
6c84993355e647ddf156a2d9cc6c8f265b24f86312f12b06dd160cba16da630e,N1_C_DIGITS__conventional__sigma_0.10__rep27,AXIS1__N1_C_DIGITS__conventional__sigma_0.10__rep27,AXIS2__N1_C_DIGITS__conventional__sigma_0.10__rep27,6036ac136ee186bd84964a795097cf82986ec0cd893956dede12090bb87c3a90,03ce70acf8e41e76c93dce7886f1c8d17d38d69d25759cc7037e0dca26378c2e,0.1,27,success,True,True
c8390654eee7570e2a87704e7552277ffcd60c85596d68b41d5a6e4155f413fe,N1_C_DIGITS__f_mapper__sigma_0.10__rep27,AXIS1__N1_C_DIGITS__f_mapper__sigma_0.10__rep27,AXIS2__N1_C_DIGITS__f_mapper__sigma_0.10__rep27,f6202950b5d5fe0271f6d5fa2285e42babbd2219e6effd943848fd6f55fb903e,03ce70acf8e41e76c93dce7886f1c8d17d38d69d25759cc7037e0dca26378c2e,0.1,27,success,True,True
1ea85ddf8bbada86e83bf6c65c86d4a5a8d9540cfa908c7c5fb4667a6e4d8a47,N1_C_DIGITS__conventional__sigma_0.10__rep28,AXIS1__N1_C_DIGITS__conventional__sigma_0.10__rep28,AXIS2__N1_C_DIGITS__conventional__sigma_0.10__rep28,25f66f193ff5086967f1ab83ed68603d14c0e18d03ce30331c37889843d2640a,ac1b95d8899a6a5023f9bd1787b1f67df32206271c3174ff56afed111f90fabc,0.1,28,success,True,True
6c3655adb65a8fbc62b1adb43b624718e8b2f3c2b5a5e82f496217863e4a0b3d,N1_C_DIGITS__f_mapper__sigma_0.10__rep28,AXIS1__N1_C_DIGITS__f_mapper__sigma_0.10__rep28,AXIS2__N1_C_DIGITS__f_mapper__sigma_0.10__rep28,,ac1b95d8899a6a5023f9bd1787b1f67df32206271c3174ff56afed111f90fabc,0.1,28,fcm_non_convergence,True,True
e2523c3dcd79b3c8c78644f4104dc8153e6ef96fc79c517ca943f95291f16104,N1_C_DIGITS__conventional__sigma_0.10__rep29,AXIS1__N1_C_DIGITS__conventional__sigma_0.10__rep29,AXIS2__N1_C_DIGITS__conventional__sigma_0.10__rep29,8dd8186168c428e88993bc927a34ad68b0f2304e3b21a75462a09c089c9bec04,75c8647de5edaa0f46fc0d3e07121b00bcdedbdb93cae68bc66c9afbeb59a8a9,0.1,29,success,True,True
3bbfc2c2e7966a13db747ce1315b2843a6afd70c0e73b178b26b8b05e52b5f74,N1_C_DIGITS__f_mapper__sigma_0.10__rep29,AXIS1__N1_C_DIGITS__f_mapper__sigma_0.10__rep29,AXIS2__N1_C_DIGITS__f_mapper__sigma_0.10__rep29,aa030e729090102ace0dd7188acfcd074f5b564f82bacf5742fe94b4e3b4f616,75c8647de5edaa0f46fc0d3e07121b00bcdedbdb93cae68bc66c9afbeb59a8a9,0.1,29,success,True,True
6cb9901d17406a66fd2ef3dad9dc1cb6d12c31f6c0913b9d1421bea605bb0379,N1_C_DIGITS__conventional__sigma_0.10__rep30,AXIS1__N1_C_DIGITS__conventional__sigma_0.10__rep30,AXIS2__N1_C_DIGITS__conventional__sigma_0.10__rep30,3034df47c313d2c064e2641c291762fa80cb6e27b530cfe1921f6f6a7c2bc611,b508177eb5eb93914a66951e4f502e19033ac7b6e32267e22dd6dcfab08fb7d7,0.1,30,success,True,True
696e95ec01c9c504220a364426f076e91ee2d8939862752b4b3377730d9bb338,N1_C_DIGITS__f_mapper__sigma_0.10__rep30,AXIS1__N1_C_DIGITS__f_mapper__sigma_0.10__rep30,AXIS2__N1_C_DIGITS__f_mapper__sigma_0.10__rep30,,b508177eb5eb93914a66951e4f502e19033ac7b6e32267e22dd6dcfab08fb7d7,0.1,30,fcm_non_convergence,True,True
